date,storage_mcm,pct,inflow_mcm,outflow_mcm
2000-01-01,257.69,97.24,0.18,
2000-01-02,257.69,97.24,0.07,
2000-01-03,257.54,97.18,0.22,
2000-01-04,257.54,97.18,0.29,
2000-01-05,257.54,97.18,0.36,
2000-01-06,257.4,97.13,0.16,
2000-01-07,257.4,97.13,0.18,
2000-01-08,257.25,97.08,0.33,
2000-01-09,257.25,97.08,0.15,
2000-01-10,257.1,97.02,0.13,
2000-01-11,256.81,96.91,0.19,
2000-01-12,256.67,96.86,0.11,
2000-01-13,256.23,96.69,0.35,
2000-01-14,256.08,96.63,0.09,
2000-01-15,255.79,96.52,0.24,
2000-01-16,255.65,96.47,0.21,
2000-01-17,255.5,96.42,0.12,
2000-01-18,255.36,96.36,0.08,
2000-01-19,255.07,96.25,0.25,
2000-01-20,254.77,96.14,0.39,
2000-01-21,254.63,96.09,0.25,
2000-01-22,254.19,95.92,0.25,
2000-01-23,253.76,95.76,0.07,
2000-01-24,253.17,95.54,0.08,
2000-01-25,252.74,95.37,0.04,
2000-01-26,252.45,95.26,0.09,
2000-01-27,252.01,95.1,0.18,
2000-01-28,251.72,94.99,0.19,
2000-01-29,251.58,94.94,0.18,
2000-01-30,251.43,94.88,0.02,
2000-01-31,251.14,94.77,0.19,
2000-02-01,250.85,94.66,0.12,
2000-02-02,250.27,94.44,,
2000-02-03,249.4,94.11,0.12,
2000-02-04,248.68,93.84,0.08,
2000-02-05,248.1,93.62,0.1,
2000-02-06,247.81,93.51,0.06,
2000-02-07,247.52,93.4,0.11,
2000-02-08,247.38,93.35,0.08,
2000-02-09,247.09,93.24,0.06,
2000-02-10,246.36,92.97,0.03,
2000-02-11,245.5,92.64,0.14,
2000-02-12,244.92,92.42,0.11,
2000-02-13,244.34,92.2,0.1,
2000-02-14,243.76,91.98,0.05,
2000-02-15,243.19,91.77,0.13,
2000-02-16,242.76,91.61,0.05,
2000-02-17,242.03,91.33,0.01,
2000-02-18,241.31,91.06,0.02,
2000-02-19,240.74,90.85,0.15,
2000-02-20,240.45,90.74,0.27,
2000-02-21,240.16,90.63,0.19,
2000-02-22,239.73,90.46,0.15,
2000-02-23,239.16,90.25,0.23,
2000-02-24,238.44,89.98,0.15,
2000-02-25,237.72,89.71,0.12,
2000-02-26,237.29,89.54,0.16,
2000-02-27,236.86,89.38,0.34,
2000-02-28,236.72,89.33,0.57,
2000-03-01,236.72,89.33,0.17,
2000-03-02,236.29,89.17,0.27,
2000-03-03,236,89.06,0.07,
2000-03-04,235.57,88.89,0.13,
2000-03-05,235.43,88.84,0.06,
2000-03-06,235,88.68,0.11,
2000-03-07,234.57,88.52,0.13,
2000-03-08,233.99,88.3,0.05,
2000-03-09,233.14,87.98,0.22,
2000-03-10,232.56,87.76,0.05,
2000-03-11,232.28,87.65,0.19,
2000-03-12,232.14,87.6,0.2,
2000-03-13,231.85,87.49,0.14,
2000-03-14,231.28,87.28,,
2000-03-15,230.28,86.9,0.08,
2000-03-16,229.14,86.47,,
2000-03-17,228,86.04,0.06,
2000-03-18,227,85.66,0.07,
2000-03-19,226.01,85.29,,
2000-03-20,225.01,84.91,0.06,
2000-03-21,224.16,84.59,0.12,
2000-03-22,223.31,84.27,0.1,
2000-03-23,222.18,83.84,0.09,
2000-03-24,221.04,83.41,0.12,
2000-03-25,219.91,82.98,0.12,
2000-03-26,218.78,82.56,0.13,
2000-03-27,217.79,82.18,0.08,
2000-03-28,216.8,81.81,0.02,
2000-03-29,215.67,81.38,0.18,
2000-03-30,214.55,80.96,0.67,
2000-03-31,213.98,80.75,0.46,
2000-04-01,213.28,80.48,0.46,
2000-04-02,212.58,80.22,0.09,
2000-04-03,211.59,79.85,,
2000-04-04,210.47,79.42,,
2000-04-05,208.93,78.84,,
2000-04-06,207.11,78.15,,
2000-04-07,205.43,77.52,,
2000-04-08,203.61,76.83,,
2000-04-09,201.38,75.99,,
2000-04-10,199.57,75.31,,
2000-04-11,198.05,74.74,,
2000-04-12,195.55,73.79,,
2000-04-13,193.75,73.11,,
2000-04-14,192.37,72.59,,
2000-04-15,189.88,71.65,,
2000-04-16,187.68,70.82,0.13,
2000-04-17,186.44,70.35,0.48,
2000-04-18,185.62,70.05,0.29,
2000-04-19,184.66,69.68,0.54,
2000-04-20,183.97,69.42,0.27,
2000-04-21,183.01,69.06,0.15,
2000-04-22,182.05,68.7,0.15,
2000-04-23,181.09,68.34,0.13,
2000-04-24,180.14,67.98,,
2000-04-25,179.1,67.58,0.02,
2000-04-26,177.97,67.16,0.31,
2000-04-27,176.96,66.78,0.22,
2000-04-28,176.07,66.44,0.24,
2000-04-29,175.62,66.27,0.28,
2000-04-30,175.07,66.06,0.27,
2000-05-01,174.51,65.85,0.1,
2000-05-02,173.51,65.48,0.1,
2000-05-03,172.41,65.06,0.15,
2000-05-04,171.2,64.6,0.61,
2000-05-05,170.54,64.35,0.72,
2000-05-06,169.99,64.15,1.19,
2000-05-07,169.99,64.15,0.8,
2000-05-08,169.66,64.02,0.73,
2000-05-09,169.34,63.9,0.21,
2000-05-10,168.46,63.57,0.03,
2000-05-11,167.38,63.16,1.26,
2000-05-12,167.38,63.16,0.08,
2000-05-13,166.3,62.75,1.36,
2000-05-14,166.51,62.83,0.31,
2000-05-15,165.76,62.55,0.56,
2000-05-16,165.43,62.43,1.07,
2000-05-17,165.54,62.47,1.07,
2000-05-18,165.65,62.51,0.85,
2000-05-19,165.54,62.47,0.96,
2000-05-20,165.54,62.47,1.61,
2000-05-21,166.19,62.71,0.96,
2000-05-22,166.19,62.71,0.3,
2000-05-23,165.54,62.47,0.64,
2000-05-24,165.22,62.35,0.42,
2000-05-25,164.68,62.14,0.48,
2000-05-26,164.25,61.98,1,
2000-05-27,164.25,61.98,0.54,
2000-05-28,163.71,61.78,0.5,
2000-05-29,163.39,61.66,0.35,
2000-05-30,162.97,61.5,0.37,
2000-05-31,162.43,61.29,0.07,
2000-06-01,162.01,61.14,0.17,
2000-06-02,161.69,61.02,1.23,
2000-06-03,162.43,61.29,2.31,
2000-06-04,164.25,61.98,1.35,
2000-06-05,165.11,62.31,0.71,
2000-06-06,165.32,62.38,0.5,
2000-06-07,165.32,62.38,0.49,
2000-06-08,165.32,62.38,0.4,
2000-06-09,165.22,62.35,0.38,
2000-06-10,165.11,62.31,0.18,
2000-06-11,164.79,62.18,0.28,
2000-06-12,164.57,62.1,0.29,
2000-06-13,164.36,62.02,0.18,
2000-06-14,164.04,61.9,0.15,
2000-06-15,163.71,61.78,0.18,
2000-06-16,163.39,61.66,0.21,
2000-06-17,162.86,61.46,0.29,
2000-06-18,162.33,61.26,0.2,
2000-06-19,161.69,61.02,0.14,
2000-06-20,160.94,60.73,0.27,
2000-06-21,160.31,60.49,1.43,
2000-06-22,160.84,60.69,0.9,
2000-06-23,160.84,60.69,0.9,
2000-06-24,160.84,60.69,0.36,
2000-06-25,160.31,60.49,0.48,
2000-06-26,159.89,60.34,0.29,
2000-06-27,159.25,60.09,0.53,
2000-06-28,158.83,59.94,0.45,
2000-06-29,158.31,59.74,0.37,
2000-06-30,157.68,59.5,0.37,
2000-07-01,157.05,59.26,0.48,
2000-07-02,156.53,59.07,0.46,
2000-07-03,156,58.87,0.79,
2000-07-04,155.8,58.79,0.78,
2000-07-05,155.59,58.71,1,
2000-07-06,155.59,58.71,2.03,
2000-07-07,156.63,59.11,1.3,
2000-07-08,156.94,59.22,1.1,
2000-07-09,157.05,59.26,0.51,
2000-07-10,156.53,59.07,0.51,
2000-07-11,156,58.87,1.04,
2000-07-12,156,58.87,1.98,
2000-07-13,156.94,59.22,1.47,
2000-07-14,157.36,59.38,0.73,
2000-07-15,157.05,59.26,0.83,
2000-07-16,156.84,59.18,0.53,
2000-07-17,156.32,58.99,0.72,
2000-07-18,156,58.87,0.63,
2000-07-19,155.59,58.71,0.62,
2000-07-20,155.17,58.55,0.52,
2000-07-21,154.65,58.36,0.53,
2000-07-22,154.14,58.17,0.61,
2000-07-23,153.72,58.01,1.43,
2000-07-24,154.03,58.12,1.29,
2000-07-25,154.03,58.12,0.93,
2000-07-26,153.72,58.01,0.81,
2000-07-27,153.41,57.89,1.34,
2000-07-28,153.62,57.97,1.11,
2000-07-29,153.62,57.97,1.32,
2000-07-30,153.83,58.05,1.02,
2000-07-31,153.72,58.01,1.13,
2000-08-01,153.72,58.01,0.92,
2000-08-02,153.52,57.93,0.91,
2000-08-03,153.31,57.85,0.51,
2000-08-04,152.69,57.62,0.62,
2000-08-05,152.18,57.43,0.72,
2000-08-06,151.77,57.27,0.72,
2000-08-07,151.36,57.12,1.11,
2000-08-08,151.36,57.12,1.82,
2000-08-09,152.07,57.38,2.58,
2000-08-10,153.52,57.93,1.85,
2000-08-11,154.24,58.2,1.13,
2000-08-12,154.24,58.2,1.22,
2000-08-13,154.34,58.24,0.5,
2000-08-14,153.72,58.01,0.72,
2000-08-15,153.31,57.85,0.31,
2000-08-16,152.49,57.54,0.51,
2000-08-17,151.87,57.31,0.49,
2000-08-18,151.25,57.08,0.72,
2000-08-19,150.85,56.92,0.51,
2000-08-20,150.23,56.69,0.5,
2000-08-21,149.62,56.46,0.61,
2000-08-22,149.11,56.27,0.72,
2000-08-23,148.71,56.12,0.71,
2000-08-24,148.3,55.96,0.77,
2000-08-25,147.9,55.81,0.77,
2000-08-26,147.5,55.66,0.56,
2000-08-27,146.89,55.43,0.94,
2000-08-28,146.69,55.35,0.44,
2000-08-29,145.99,55.09,1.34,
2000-08-30,146.19,55.17,0.94,
2000-08-31,145.99,55.09,0.44,
2000-09-01,145.29,54.83,1.34,
2000-09-02,145.49,54.9,1.44,
2000-09-03,145.79,55.02,0.92,
2000-09-04,145.69,54.98,2.13,
2000-09-05,147.19,55.54,0.92,
2000-09-06,147.5,55.66,3.52,
2000-09-07,150.44,56.77,3.56,
2000-09-08,153.52,57.93,0.86,
2000-09-09,154.03,58.12,3.5,
2000-09-10,156.94,59.22,1.55,
2000-09-11,157.89,59.58,10.2,
2000-09-12,167.49,63.2,2.54,
2000-09-13,169.55,63.98,2.16,
2000-09-14,171.31,64.65,2.49,
2000-09-15,173.4,65.43,1.48,
2000-09-16,174.4,65.81,1.72,
2000-09-17,175.51,66.23,0.17,
2000-09-18,175.07,66.06,1.87,
2000-09-19,176.29,66.52,0.92,
2000-09-20,176.52,66.61,0.66,
2000-09-21,176.52,66.61,0.99,
2000-09-22,176.85,66.74,0.89,
2000-09-23,177.08,66.82,0.88,
2000-09-24,177.3,66.91,1.78,
2000-09-25,178.42,67.33,0.66,
2000-09-26,178.42,67.33,2.13,
2000-09-27,179.89,67.88,1.45,
2000-09-28,180.68,68.18,1.76,
2000-09-29,181.78,68.6,1.75,
2000-09-30,182.87,69.01,1.76,
2000-10-01,183.97,69.42,1.49,
2000-10-02,184.79,69.73,1.23,
2000-10-03,185.34,69.94,1.11,
2000-10-04,185.75,70.09,1.14,
2000-10-05,186.17,70.25,1.59,
2000-10-06,186.85,70.51,1.41,
2000-10-07,187.54,70.77,1.27,
2000-10-08,188.09,70.98,1.69,
2000-10-09,189.06,71.34,1.13,
2000-10-10,189.47,71.5,1.01,
2000-10-11,189.75,71.6,1.14,
2000-10-12,190.16,71.76,0.87,
2000-10-13,190.3,71.81,0.86,
2000-10-14,190.43,71.86,0.6,
2000-10-15,190.3,71.81,0.59,
2000-10-16,190.16,71.76,0.78,
2000-10-17,190.02,71.71,0.46,
2000-10-18,189.75,71.6,0.59,
2000-10-19,189.61,71.55,0.73,
2000-10-20,189.61,71.55,0.59,
2000-10-21,189.47,71.5,0.59,
2000-10-22,189.33,71.45,0.59,
2000-10-23,189.19,71.39,1.01,
2000-10-24,189.47,71.5,1.28,
2000-10-25,190.02,71.71,1.01,
2000-10-26,190.3,71.81,2.71,
2000-10-27,192.37,72.59,1.13,
2000-10-28,192.92,72.8,1.26,
2000-10-29,193.61,73.06,0.99,
2000-10-30,194.03,73.22,2.23,
2000-10-31,195.69,73.85,2.31,
2000-11-01,197.49,74.52,1.28,
2000-11-02,198.46,74.89,1.14,
2000-11-03,199.16,75.15,0.77,
2000-11-04,199.57,75.31,0.36,
2000-11-05,199.57,75.31,1.02,
2000-11-06,200.27,75.57,0.57,
2000-11-07,200.55,75.68,0.64,
2000-11-08,199.99,75.47,0.15,
2000-11-09,198.46,74.89,0.17,
2000-11-10,197.07,74.37,0.11,
2000-11-11,195.97,73.95,0.1,
2000-11-12,195,73.58,0.06,
2000-11-13,194.72,73.48,0.68,
2000-11-14,195.13,73.63,0.58,
2000-11-15,195.41,73.74,0.48,
2000-11-16,195.55,73.79,0.48,
2000-11-17,195.69,73.85,0.43,
2000-11-18,195.83,73.9,0.26,
2000-11-19,195.83,73.9,0.88,
2000-11-20,196.52,74.16,0.47,
2000-11-21,196.94,74.32,0.27,
2000-11-22,197.07,74.37,0.06,
2000-11-23,196.8,74.26,0.78,
2000-11-24,197.21,74.42,0.39,
2000-11-25,197.21,74.42,0.27,
2000-11-26,197.07,74.37,0.62,
2000-11-27,197.35,74.47,0.53,
2000-11-28,197.77,74.63,0.4,
2000-11-29,198.05,74.74,0.67,
2000-11-30,198.6,74.94,0.45,
2000-12-01,198.74,75,0.57,
2000-12-02,199.02,75.1,0.43,
2000-12-03,199.16,75.15,0.43,
2000-12-04,199.3,75.21,0.77,
2000-12-05,199.99,75.47,0.11,
2000-12-06,199.99,75.47,0.59,
2000-12-07,200.27,75.57,0.27,
2000-12-08,200.13,75.52,0.28,
2000-12-09,199.99,75.47,0.28,
2000-12-10,199.85,75.42,0.34,
2000-12-11,199.85,75.42,0.37,
2000-12-12,200.13,75.52,0.26,
2000-12-13,200.27,75.57,0.3,
2000-12-14,200.27,75.57,0.28,
2000-12-15,200.13,75.52,0.2,
2000-12-16,199.85,75.42,3.13,
2000-12-17,199.57,75.31,0.31,
2000-12-18,199.44,75.26,0.1,
2000-12-19,199.44,75.26,,
2000-12-20,199.3,75.21,0.22,
2000-12-21,199.16,75.15,0.05,
2000-12-22,198.74,75,0.05,
2000-12-23,198.32,74.84,0.06,
2000-12-24,197.91,74.68,0.11,
2000-12-25,197.63,74.58,0.11,
2000-12-26,197.63,74.58,0.02,
2000-12-27,197.49,74.52,0.02,
2000-12-28,197.07,74.37,0.11,
2000-12-29,196.66,74.21,0.1,
2000-12-30,196.24,74.05,0.05,
2000-12-31,196.24,74.05,0.11,
2001-01-01,195.83,73.9,0.14,
2001-01-02,195.69,73.85,0.16,
2001-01-03,195.55,73.79,0.24,
2001-01-04,195.27,73.69,0.18,
2001-01-05,194.86,73.53,0.11,
2001-01-06,194.44,73.37,0.21,
2001-01-07,194.03,73.22,0.22,
2001-01-08,193.75,73.11,0.11,
2001-01-09,193.61,73.06,0.03,
2001-01-10,193.34,72.96,0.24,
2001-01-11,193.06,72.85,0.1,
2001-01-12,192.64,72.69,0.11,
2001-01-13,192.23,72.54,0.1,
2001-01-14,191.81,72.38,0.09,
2001-01-15,191.12,72.12,0.08,
2001-01-16,190.71,71.97,0.04,
2001-01-17,190.3,71.81,0.05,
2001-01-18,189.61,71.55,0.04,
2001-01-19,188.78,71.24,0.18,
2001-01-20,188.09,70.98,0.05,
2001-01-21,187.27,70.67,0.07,
2001-01-22,186.58,70.41,,
2001-01-23,186.17,70.25,0.03,
2001-01-24,185.75,70.09,0.06,
2001-01-25,184.93,69.78,,
2001-01-26,183.97,69.42,,
2001-01-27,183.01,69.06,,
2001-01-28,182.05,68.7,,
2001-01-29,181.23,68.39,0.08,
2001-01-30,180.96,68.29,0.01,
2001-01-31,180.55,68.13,0.09,
2001-02-01,179.89,67.88,,
2001-02-02,178.87,67.5,0.31,
2001-02-03,177.75,67.08,0.04,
2001-02-04,176.85,66.74,0.12,
2001-02-05,176.29,66.52,0.04,
2001-02-06,175.96,66.4,,
2001-02-07,175.51,66.23,,
2001-02-08,174.73,65.94,0.2,
2001-02-09,173.96,65.65,0.17,
2001-02-10,173.18,65.35,0.08,
2001-02-11,172.41,65.06,,
2001-02-12,171.97,64.89,0.23,
2001-02-13,171.75,64.81,,
2001-02-14,171.31,64.65,0.01,
2001-02-15,170.54,64.35,0.01,
2001-02-16,169.66,64.02,0.13,
2001-02-17,168.9,63.74,0.11,
2001-02-18,168.14,63.45,0.37,
2001-02-19,167.7,63.28,0.13,
2001-02-20,167.27,63.12,0.14,
2001-02-21,166.84,62.96,0.01,
2001-02-22,166.19,62.71,0.09,
2001-02-23,165.43,62.43,0.11,
2001-02-24,164.68,62.14,0.02,
2001-02-25,163.82,61.82,,
2001-02-26,163.07,61.54,0.16,
2001-02-27,162.86,61.46,,
2001-02-28,162.43,61.29,0.02,
2001-03-01,161.69,61.02,0.09,
2001-03-02,160.73,60.65,0.09,
2001-03-03,160.1,60.42,0.08,
2001-03-04,159.25,60.09,0.29,
2001-03-05,158.62,59.86,0.22,
2001-03-06,158.31,59.74,0.07,
2001-03-07,157.78,59.54,0.02,
2001-03-08,157.15,59.3,0.02,
2001-03-09,155.69,58.75,0.19,
2001-03-10,154.45,58.28,0.2,
2001-03-11,153.31,57.85,0.17,
2001-03-12,152.28,57.46,0.22,
2001-03-13,151.56,57.19,0.29,
2001-03-14,150.95,56.96,0.29,
2001-03-15,150.34,56.73,0.51,
2001-03-16,149.93,56.58,0.64,
2001-03-17,149.62,56.46,0.22,
2001-03-18,148.91,56.19,0.26,
2001-03-19,148.2,55.92,0.18,
2001-03-20,147.29,55.58,0.08,
2001-03-21,146.69,55.35,0.05,
2001-03-22,146.19,55.17,2.17,
2001-03-23,147.9,55.81,0.46,
2001-03-24,147.9,55.81,0.21,
2001-03-25,147.5,55.66,0.18,
2001-03-26,147.09,55.51,0.17,
2001-03-27,146.69,55.35,0.1,
2001-03-28,146.19,55.17,0.03,
2001-03-29,145.79,55.02,0.06,
2001-03-30,145.39,54.86,0.06,
2001-03-31,144.89,54.68,0.16,
2001-04-01,144.29,54.45,0.08,
2001-04-02,143.59,54.18,0.21,
2001-04-03,143.1,54,,
2001-04-04,142.41,53.74,0.02,
2001-04-05,142.01,53.59,0.05,
2001-04-06,141.62,53.44,0.07,
2001-04-07,141.12,53.25,,
2001-04-08,140.34,52.96,0.26,
2001-04-09,139.56,52.66,,
2001-04-10,138.1,52.11,,
2001-04-11,136.65,51.57,,
2001-04-12,135.01,50.95,,
2001-04-13,133.39,50.34,,
2001-04-14,131.78,49.73,,
2001-04-15,130.18,49.12,,
2001-04-16,128.5,48.49,,
2001-04-17,126.83,47.86,,
2001-04-18,125.18,47.24,,
2001-04-19,123.72,46.69,,
2001-04-20,122.36,46.17,,
2001-04-21,120.92,45.63,,
2001-04-22,119.49,45.09,0.01,
2001-04-23,118.25,44.62,0.01,
2001-04-24,117.1,44.19,,
2001-04-25,115.87,43.72,,
2001-04-26,114.48,43.2,,
2001-04-27,113.44,42.81,,
2001-04-28,112.41,42.42,,
2001-04-29,111.04,41.9,,
2001-04-30,109.51,41.32,0.98,
2001-05-01,107.92,40.72,0.02,
2001-05-02,107.08,40.41,0.11,
2001-05-03,106.42,40.16,0.12,
2001-05-04,105.84,39.94,0.36,
2001-05-05,105.51,39.82,0.07,
2001-05-06,104.44,39.41,0.01,
2001-05-07,103.37,39.01,0.1,
2001-05-08,102.4,38.64,0.13,
2001-05-09,101.35,38.25,0.02,
2001-05-10,100.55,37.94,0.09,
2001-05-11,100.15,37.79,0.23,
2001-05-12,99.83,37.67,0.87,
2001-05-13,100.15,37.79,0.74,
2001-05-14,100.39,37.88,0.5,
2001-05-15,100.39,37.88,0.4,
2001-05-16,100.39,37.88,0.35,
2001-05-17,100.07,37.76,0.35,
2001-05-18,99.51,37.55,0.87,
2001-05-19,99.51,37.55,0.43,
2001-05-20,99.03,37.37,0.29,
2001-05-21,98.48,37.16,1.41,
2001-05-22,99.35,37.49,1.2,
2001-05-23,100.31,37.85,0.47,
2001-05-24,100.31,37.85,0.78,
2001-05-25,100.63,37.97,0.46,
2001-05-26,100.63,37.97,0.84,
2001-05-27,100.95,38.09,1.09,
2001-05-28,101.59,38.34,1.66,
2001-05-29,102.56,38.7,0.81,
2001-05-30,102.56,38.7,0.58,
2001-05-31,102.24,38.58,0.49,
2001-06-01,101.83,38.43,1.53,
2001-06-02,102.48,38.67,0.67,
2001-06-03,102.64,38.73,0.93,
2001-06-04,103.13,38.92,0.88,
2001-06-05,103.54,39.07,0.47,
2001-06-06,103.54,39.07,0.96,
2001-06-07,104.03,39.26,0.71,
2001-06-08,104.27,39.35,0.06,
2001-06-09,103.86,39.19,0.15,
2001-06-10,103.54,39.07,0.14,
2001-06-11,103.29,38.98,0.39,
2001-06-12,103.29,38.98,0.24,
2001-06-13,103.05,38.89,0.15,
2001-06-14,102.72,38.76,0.08,
2001-06-15,102.32,38.61,0.07,
2001-06-16,101.91,38.46,0.24,
2001-06-17,101.43,38.28,0.39,
2001-06-18,100.95,38.09,0.4,
2001-06-19,100.39,37.88,0.2,
2001-06-20,99.59,37.58,0.11,
2001-06-21,98.64,37.22,0.43,
2001-06-22,98.01,36.98,0.1,
2001-06-23,97.06,36.63,0.1,
2001-06-24,96.05,36.25,,
2001-06-25,95.58,36.07,0.06,
2001-06-26,94.73,35.75,0.27,
2001-06-27,93.89,35.43,0.32,
2001-06-28,93.12,35.14,0.23,
2001-06-29,92.28,34.82,0.32,
2001-06-30,91.53,34.54,0.46,
2001-07-01,90.93,34.31,0.15,
2001-07-02,90.03,33.97,0.17,
2001-07-03,89.13,33.63,0.47,
2001-07-04,88.54,33.41,0.12,
2001-07-05,87.59,33.05,0.18,
2001-07-06,86.71,32.72,0.18,
2001-07-07,85.84,32.39,0.88,
2001-07-08,85.69,32.34,1.03,
2001-07-09,85.69,32.34,0.9,
2001-07-10,85.55,32.28,1.19,
2001-07-11,85.69,32.34,1.2,
2001-07-12,85.84,32.39,0.89,
2001-07-13,85.69,32.34,0.91,
2001-07-14,85.55,32.28,0.33,
2001-07-15,84.83,32.01,0.87,
2001-07-16,84.61,31.93,0.29,
2001-07-17,83.76,31.61,0.17,
2001-07-18,82.76,31.23,0.41,
2001-07-19,81.99,30.94,0.42,
2001-07-20,81.22,30.65,1.4,
2001-07-21,81.43,30.73,1.75,
2001-07-22,81.99,30.94,7.33,
2001-07-23,88.47,33.38,7.54,
2001-07-24,95.12,35.89,5.64,
2001-07-25,99.91,37.7,2.05,
2001-07-26,101.11,38.15,1.18,
2001-07-27,101.27,38.22,1.36,
2001-07-28,101.59,38.34,1.23,
2001-07-29,101.75,38.4,0.94,
2001-07-30,101.59,38.34,0.94,
2001-07-31,101.43,38.28,1.83,
2001-08-01,102.16,38.55,1.91,
2001-08-02,102.97,38.86,1.83,
2001-08-03,103.7,39.13,9.17,
2001-08-04,111.81,42.19,10.05,
2001-08-05,120.83,45.6,8.15,
2001-08-06,127.94,48.28,4.11,
2001-08-07,131.12,49.48,3.04,
2001-08-08,133.3,50.3,2.91,
2001-08-09,135.3,51.06,1.9,
2001-08-10,136.26,51.42,1.93,
2001-08-11,137.23,51.78,3.04,
2001-08-12,139.65,52.7,26.93,
2001-08-13,166.08,62.67,8.26,
2001-08-14,174.29,65.77,4.29,
2001-08-15,178.53,67.37,3.21,
2001-08-16,181.37,68.44,4.26,
2001-08-17,185.07,69.84,3.05,
2001-08-18,187.54,70.77,2.01,
2001-08-19,188.92,71.29,1.47,
2001-08-20,189.75,71.6,1.25,
2001-08-21,190.3,71.81,1.01,
2001-08-22,190.57,71.91,1.14,
2001-08-23,190.99,72.07,0.88,
2001-08-24,191.12,72.12,0.89,
2001-08-25,191.26,72.17,0.61,
2001-08-26,191.12,72.12,0.62,
2001-08-27,190.99,72.07,1.02,
2001-08-28,191.26,72.17,1.72,
2001-08-29,192.23,72.54,3.79,
2001-08-30,195.27,73.69,2.98,
2001-08-31,197.63,74.58,2.04,
2001-09-01,199.02,75.1,1.86,
2001-09-02,200.13,75.52,1.24,
2001-09-03,200.69,75.73,1.44,
2001-09-04,201.38,75.99,2.84,
2001-09-05,203.47,76.78,2.15,
2001-09-06,204.87,77.31,1.87,
2001-09-07,205.99,77.73,1.45,
2001-09-08,206.69,78,1.31,
2001-09-09,207.25,78.21,3.98,
2001-09-10,210.47,79.42,4.14,
2001-09-11,213.84,80.69,4.01,
2001-09-12,217.08,81.92,4.02,
2001-09-13,220.33,83.14,5.03,
2001-09-14,224.59,84.75,7.05,
2001-09-15,230.99,87.17,0.48,
2001-09-16,230.99,87.17,5.79,
2001-09-17,236,89.06,1.51,
2001-09-18,236.72,89.33,1.5,
2001-09-19,237.43,89.6,2.37,
2001-09-20,239.01,90.19,2.09,
2001-09-21,240.31,90.68,2.21,
2001-09-22,241.75,91.23,1.65,
2001-09-23,242.61,91.55,1.94,
2001-09-24,243.76,91.98,2,
2001-09-25,245.06,92.48,2.04,
2001-09-26,246.51,93.02,1.53,
2001-09-27,247.52,93.4,1.53,
2001-09-28,248.53,93.78,1.39,
2001-09-29,249.4,94.11,1.25,
2001-09-30,250.13,94.39,0.92,
2001-10-01,250.56,94.55,2.33,
2001-10-02,252.3,95.21,1.93,
2001-10-03,253.61,95.7,2.49,
2001-10-04,255.5,96.42,1.91,
2001-10-05,256.81,96.91,1.33,
2001-10-06,257.54,97.18,1.33,
2001-10-07,258.27,97.46,1.48,
2001-10-08,259.15,97.79,1.08,
2001-10-09,259.58,97.95,0.99,
2001-10-10,259.88,98.07,1.56,
2001-10-11,260.75,98.4,1.22,
2001-10-12,261.34,98.62,1.13,
2001-10-13,261.78,98.78,0.98,
2001-10-14,262.07,98.89,0.84,
2001-10-15,262.22,98.95,0.83,
2001-10-16,262.36,99,0.99,
2001-10-17,262.66,99.12,0.98,
2001-10-18,262.95,99.23,0.69,
2001-10-19,262.95,99.23,0.69,
2001-10-20,262.95,99.23,0.53,
2001-10-21,262.8,99.17,0.69,
2001-10-22,262.8,99.17,0.55,
2001-10-23,262.66,99.12,0.54,
2001-10-24,262.51,99.06,0.54,
2001-10-25,262.36,99,0.93,
2001-10-26,262.8,99.17,1.26,
2001-10-27,263.09,99.28,2.51,
2001-10-28,263.68,99.5,3.9,
2001-10-29,266.17,100.44,3.82,
2001-10-30,269.11,101.55,2.53,
2001-10-31,270.88,102.22,1.62,
2001-11-01,271.62,102.5,1.53,
2001-11-02,272.21,102.72,2.8,
2001-11-03,274.13,103.45,1.17,
2001-11-04,274.42,103.55,0.31,
2001-11-05,273.83,103.33,1.32,
2001-11-06,274.27,103.5,0.39,
2001-11-07,273.83,103.33,0.99,
2001-11-08,273.98,103.39,0.97,
2001-11-09,274.13,103.45,0.96,
2001-11-10,274.27,103.5,0.82,
2001-11-11,274.27,103.5,0.67,
2001-11-12,274.13,103.45,0.78,
2001-11-13,274.13,103.45,0.59,
2001-11-14,273.98,103.39,0.65,
2001-11-15,273.83,103.33,0.63,
2001-11-16,273.53,103.22,0.63,
2001-11-17,273.39,103.17,0.61,
2001-11-18,273.24,103.11,0.63,
2001-11-19,273.09,103.05,0.67,
2001-11-20,272.94,103,0.67,
2001-11-21,272.8,102.94,0.39,
2001-11-22,272.5,102.83,0.04,
2001-11-23,271.76,102.55,0.78,
2001-11-24,271.76,102.55,0.44,
2001-11-25,271.47,102.44,0.39,
2001-11-26,271.17,102.33,0.55,
2001-11-27,271.17,102.33,0.41,
2001-11-28,271.03,102.28,0.55,
2001-11-29,270.88,102.22,0.61,
2001-11-30,270.73,102.16,0.43,
2001-12-01,270.29,102,0.58,
2001-12-02,270,101.89,0.64,
2001-12-03,269.85,101.83,0.34,
2001-12-04,269.55,101.72,0.5,
2001-12-05,269.41,101.66,0.36,
2001-12-06,269.11,101.55,0.53,
2001-12-07,268.97,101.5,0.39,
2001-12-08,268.67,101.38,0.54,
2001-12-09,268.52,101.33,0.56,
2001-12-10,268.38,101.28,0.3,
2001-12-11,268.08,101.16,0.31,
2001-12-12,267.79,101.05,0.34,
2001-12-13,267.5,100.94,0.29,
2001-12-14,267.05,100.77,0.46,
2001-12-15,266.76,100.66,0.17,
2001-12-16,266.17,100.44,0.23,
2001-12-17,265.73,100.28,0.38,
2001-12-18,265.44,100.17,0.23,
2001-12-19,265,100,0.27,
2001-12-20,264.56,99.83,0.38,
2001-12-21,264.12,99.67,0.52,
2001-12-22,263.83,99.56,0.67,
2001-12-23,263.68,99.5,0.7,
2001-12-24,263.53,99.45,0.21,
2001-12-25,263.09,99.28,0.22,
2001-12-26,262.66,99.12,0.11,
2001-12-27,262.07,98.89,0.22,
2001-12-28,261.48,98.67,0.23,
2001-12-29,260.9,98.45,0.22,
2001-12-30,260.32,98.23,0.06,
2001-12-31,259.58,97.95,0.09,
2002-01-01,259,97.74,0.21,
2002-01-02,258.85,97.68,0.29,
2002-01-03,258.42,97.52,0.21,
2002-01-04,257.83,97.29,0.22,
2002-01-05,257.25,97.08,0.36,
2002-01-06,256.81,96.91,0.41,
2002-01-07,256.38,96.75,0.21,
2002-01-08,255.94,96.58,0.2,
2002-01-09,255.5,96.42,0.27,
2002-01-10,255.07,96.25,0.22,
2002-01-11,254.48,96.03,0.23,
2002-01-12,253.9,95.81,0.23,
2002-01-13,253.32,95.59,0.25,
2002-01-14,252.74,95.37,0.21,
2002-01-15,252.3,95.21,0.21,
2002-01-16,251.87,95.05,0.4,
2002-01-17,251.43,94.88,0.22,
2002-01-18,250.85,94.66,0.09,
2002-01-19,250.13,94.39,,
2002-01-20,249.4,94.11,0.03,
2002-01-21,248.24,93.68,,
2002-01-22,247.52,93.4,,
2002-01-23,246.8,93.13,0.02,
2002-01-24,246.36,92.97,0.13,
2002-01-25,245.64,92.69,0.08,
2002-01-26,245.06,92.48,0.12,
2002-01-27,244.34,92.2,0.16,
2002-01-28,243.62,91.93,0.09,
2002-01-29,243.04,91.71,0.11,
2002-01-30,242.47,91.5,0.19,
2002-01-31,242.03,91.33,0.3,
2002-02-01,241.46,91.12,0.16,
2002-02-02,240.74,90.85,0.15,
2002-02-03,240.02,90.57,0.06,
2002-02-04,239.16,90.25,0.13,
2002-02-05,238.58,90.03,0.14,
2002-02-06,238.01,89.82,0.04,
2002-02-07,237.29,89.54,0.15,
2002-02-08,236.57,89.27,1.98,
2002-02-09,235.71,88.95,0.21,
2002-02-10,235,88.68,0.23,
2002-02-11,234.28,88.41,0.14,
2002-02-12,233.71,88.19,0.14,
2002-02-13,233.14,87.98,0.05,
2002-02-14,233.14,87.98,0.21,
2002-02-15,232.42,87.71,0.2,
2002-02-16,231.71,87.44,0.65,
2002-02-17,230.99,87.17,0.55,
2002-02-18,230.71,87.06,0.33,
2002-02-19,230.42,86.95,0.12,
2002-02-20,230.14,86.85,0.35,
2002-02-21,229.57,86.63,0.07,
2002-02-22,229.14,86.47,0.36,
2002-02-23,228.28,86.14,0.22,
2002-02-24,227.71,85.93,0.45,
2002-02-25,227,85.66,0.01,
2002-02-26,226.58,85.5,0.01,
2002-02-27,225.87,85.23,0.07,
2002-02-28,225.15,84.96,0.02,
2002-03-01,223.59,84.37,0.02,
2002-03-02,222.74,84.05,0.02,
2002-03-03,221.89,83.73,0.06,
2002-03-04,221.04,83.41,0.02,
2002-03-05,220.19,83.09,0.02,
2002-03-06,219.2,82.72,0.05,
2002-03-07,218.21,82.34,,
2002-03-08,217.08,81.92,,
2002-03-09,215.96,81.49,,
2002-03-10,214.83,81.07,,
2002-03-11,213.84,80.69,,
2002-03-12,213.14,80.43,,
2002-03-13,212.44,80.17,,
2002-03-14,211.59,79.85,,
2002-03-15,210.61,79.48,,
2002-03-16,209.49,79.05,,
2002-03-17,208.51,78.68,,
2002-03-18,207.53,78.31,,
2002-03-19,206.83,78.05,,
2002-03-20,206.13,77.78,,
2002-03-21,205.15,77.42,,
2002-03-22,203.2,76.68,,
2002-03-23,201.11,75.89,,
2002-03-24,199.02,75.1,,
2002-03-25,197.21,74.42,,
2002-03-26,195.27,73.69,0.02,
2002-03-27,193.75,73.11,,
2002-03-28,192.23,72.54,,
2002-03-29,190.71,71.97,,
2002-03-30,189.19,71.39,,
2002-03-31,187.82,70.88,,
2002-04-01,186.57,70.4,,
2002-04-02,185.47,69.99,0.04,
2002-04-03,184.51,69.63,0.02,
2002-04-04,183.28,69.16,,
2002-04-05,181.5,68.49,0.05,
2002-04-06,179.66,67.8,0.02,
2002-04-07,177.74,67.07,0.03,
2002-04-08,175.95,66.4,0.05,
2002-04-09,174.51,65.85,0.03,
2002-04-10,172.62,65.14,,
2002-04-11,170.53,64.35,0.01,
2002-04-12,168.24,63.49,0.01,
2002-04-13,165.86,62.59,,
2002-04-14,163.82,61.82,,
2002-04-15,161.79,61.05,,
2002-04-16,160.2,60.45,,
2002-04-17,158.62,59.86,,
2002-04-18,157.04,59.26,0.02,
2002-04-19,155.58,58.71,,
2002-04-20,154.23,58.2,,
2002-04-21,152.89,57.69,,
2002-04-22,151.66,57.23,,
2002-04-23,150.33,56.73,,
2002-04-24,149.11,56.27,0.01,
2002-04-25,147.69,55.73,,
2002-04-26,146.18,55.16,0.04,
2002-04-27,144.58,54.56,0.04,
2002-04-28,142.99,53.96,0.07,
2002-04-29,141.61,53.44,0.05,
2002-04-30,141.02,53.22,0.05,
2002-05-01,140.54,53.03,0.05,
2002-05-02,139.85,52.77,0.01,
2002-05-03,139.07,52.48,0.04,
2002-05-04,138.1,52.11,0.09,
2002-05-05,137.13,51.75,0.46,
2002-05-06,136.74,51.6,0.58,
2002-05-07,136.16,51.38,0.1,
2002-05-08,135.11,50.98,0.04,
2002-05-09,133.77,50.48,0.07,
2002-05-10,132.35,49.94,0.09,
2002-05-11,130.84,49.37,0.06,
2002-05-12,129.62,48.91,0.06,
2002-05-13,128.78,48.6,0.62,
2002-05-14,128.78,48.6,0.45,
2002-05-15,128.69,48.56,0.58,
2002-05-16,128.78,48.6,0.69,
2002-05-17,128.97,48.67,1.42,
2002-05-18,129.9,49.02,2.28,
2002-05-19,131.69,49.69,1.8,
2002-05-20,133.01,50.19,1.23,
2002-05-21,133.77,50.48,0.84,
2002-05-22,134.06,50.59,0.27,
2002-05-23,133.87,50.52,0.28,
2002-05-24,133.68,50.45,0.48,
2002-05-25,133.68,50.45,0.67,
2002-05-26,133.87,50.52,1.91,
2002-05-27,135.3,51.06,2.21,
2002-05-28,137.03,51.71,1.86,
2002-05-29,138.39,52.22,2.25,
2002-05-30,140.14,52.88,1.08,
2002-05-31,140.73,53.11,0.88,
2002-06-01,141.12,53.25,0.69,
2002-06-02,141.32,53.33,0.29,
2002-06-03,141.12,53.25,0.49,
2002-06-04,141.12,53.25,0.15,
2002-06-05,140.93,53.18,0.26,
2002-06-06,141.03,53.22,1.24,
2002-06-07,142.11,53.63,0.46,
2002-06-08,142.41,53.74,0.55,
2002-06-09,142.8,53.89,0.76,
2002-06-10,143.4,54.11,0.65,
2002-06-11,143.89,54.3,0.43,
2002-06-12,144.19,54.41,0.26,
2002-06-13,144.29,54.45,0.36,
2002-06-14,144.49,54.52,0.13,
2002-06-15,144.49,54.52,0.17,
2002-06-16,144.39,54.49,0.12,
2002-06-17,144.09,54.37,0.26,
2002-06-18,143.79,54.26,0.25,
2002-06-19,143.4,54.11,0.54,
2002-06-20,143.4,54.11,0.26,
2002-06-21,143,53.96,0.29,
2002-06-22,142.6,53.81,0.4,
2002-06-23,142.31,53.7,0.29,
2002-06-24,141.91,53.55,0.4,
2002-06-25,141.62,53.44,0.32,
2002-06-26,141.22,53.29,0.35,
2002-06-27,140.83,53.14,0.35,
2002-06-28,140.44,53,0.35,
2002-06-29,140.05,52.85,1.32,
2002-06-30,140.63,53.07,2.02,
2002-07-01,141.91,53.55,1.63,
2002-07-02,142.8,53.89,0.94,
2002-07-03,143,53.96,0.88,
2002-07-04,143.1,54,0.41,
2002-07-05,142.7,53.85,0.34,
2002-07-06,142.21,53.66,0.48,
2002-07-07,141.91,53.55,0.56,
2002-07-08,141.91,53.55,0.46,
2002-07-09,141.81,53.51,0.54,
2002-07-10,141.52,53.4,0.51,
2002-07-11,141.22,53.29,0.39,
2002-07-12,140.83,53.14,0.34,
2002-07-13,140.44,53,0.48,
2002-07-14,140.24,52.92,0.35,
2002-07-15,139.85,52.77,0.49,
2002-07-16,139.56,52.66,0.43,
2002-07-17,139.17,52.52,0.25,
2002-07-18,138.58,52.29,0.48,
2002-07-19,138.19,52.15,0.02,
2002-07-20,137.61,51.93,0.38,
2002-07-21,137.03,51.71,0.98,
2002-07-22,137.03,51.71,1.45,
2002-07-23,137.52,51.89,1.6,
2002-07-24,138.19,52.15,0.93,
2002-07-25,138.19,52.15,0.46,
2002-07-26,137.71,51.97,0.54,
2002-07-27,137.32,51.82,0.67,
2002-07-28,137.03,51.71,0.87,
2002-07-29,136.94,51.68,0.76,
2002-07-30,136.74,51.6,-0.09,
2002-07-31,136.45,51.49,0.55,
2002-08-01,136.07,51.35,0.61,
2002-08-02,135.78,51.24,0.72,
2002-08-03,135.59,51.17,0.43,
2002-08-04,135.11,50.98,0.91,
2002-08-05,135.11,50.98,1.87,
2002-08-06,136.07,51.35,2.45,
2002-08-07,137.61,51.93,1.79,
2002-08-08,138.49,52.26,1.22,
2002-08-09,138.58,52.29,1.11,
2002-08-10,138.78,52.37,0.93,
2002-08-11,138.78,52.37,0.33,
2002-08-12,138.19,52.15,0.53,
2002-08-13,137.81,52,0.91,
2002-08-14,137.81,52,0.71,
2002-08-15,137.61,51.93,0.73,
2002-08-16,137.42,51.86,0.73,
2002-08-17,137.23,51.78,0.62,
2002-08-18,136.94,51.68,1.1,
2002-08-19,137.13,51.75,0.68,
2002-08-20,137.61,51.93,1.1,
2002-08-21,137.81,52,1.2,
2002-08-22,138.1,52.11,1.3,
2002-08-23,138.49,52.26,2.15,
2002-08-24,140.05,52.85,2.48,
2002-08-25,141.81,53.51,2.71,
2002-08-26,143.79,54.26,3.39,
2002-08-27,146.39,55.24,6.18,
2002-08-28,151.77,57.27,4.03,
2002-08-29,155.07,58.52,3.53,
2002-08-30,157.89,59.58,2.82,
2002-08-31,159.99,60.37,1.38,
2002-09-01,160.63,60.62,1.19,
2002-09-02,161.05,60.77,1.09,
2002-09-03,161.37,60.89,1.29,
2002-09-04,161.9,61.09,1.62,
2002-09-05,162.75,61.42,1.73,
2002-09-06,163.71,61.78,2.06,
2002-09-07,165,62.26,5.32,
2002-09-08,169.55,63.98,11.58,
2002-09-09,180.55,68.13,8.55,
2002-09-10,188.92,71.29,6.54,
2002-09-11,195.41,73.74,5.03,
2002-09-12,200.27,75.57,3.15,
2002-09-13,203.06,76.63,1.6,
2002-09-14,204.17,77.05,2.31,
2002-09-15,205.99,77.73,2.04,
2002-09-16,207.53,78.31,4.16,
2002-09-17,211.17,79.69,6.58,
2002-09-18,217.08,81.92,7.56,
2002-09-19,223.73,84.43,5.46,
2002-09-20,228.28,86.14,3.92,
2002-09-21,231.28,87.28,2.77,
2002-09-22,233.14,87.98,1.77,
2002-09-23,233.99,88.3,1.93,
2002-09-24,235,88.68,1.77,
2002-09-25,235.86,89,1.49,
2002-09-26,236.43,89.22,1.48,
2002-09-27,237,89.43,1.21,
2002-09-28,237.29,89.54,3.35,
2002-09-29,239.73,90.46,5.38,
2002-09-30,244.2,92.15,4.24,
2002-10-01,247.52,93.4,3.67,
2002-10-02,250.27,94.44,3.38,
2002-10-03,252.74,95.37,2.08,
2002-10-04,253.9,95.81,2.81,
2002-10-05,255.79,96.52,2.53,
2002-10-06,258.13,97.41,1.8,
2002-10-07,259,97.74,1.51,
2002-10-08,259.58,97.95,1.22,
2002-10-09,259.88,98.07,0.93,
2002-10-10,259.88,98.07,0.93,
2002-10-11,259.88,98.07,0.78,
2002-10-12,259.73,98.01,0.81,
2002-10-13,259.73,98.01,0.78,
2002-10-14,259.58,97.95,0.93,
2002-10-15,259.58,97.95,0.78,
2002-10-16,259.44,97.9,0.78,
2002-10-17,259.29,97.85,0.78,
2002-10-18,259.15,97.79,0.78,
2002-10-19,259,97.74,0.93,
2002-10-20,259,97.74,0.64,
2002-10-21,258.71,97.63,0.64,
2002-10-22,258.42,97.52,0.78,
2002-10-23,258.27,97.46,0.93,
2002-10-24,258.27,97.46,2.57,
2002-10-25,254.77,96.14,3.97,
2002-10-26,257.98,97.35,1.52,
2002-10-27,258.85,97.68,1.82,
2002-10-28,260.02,98.12,2.55,
2002-10-29,261.92,98.84,3.29,
2002-10-30,264.56,99.83,2.54,
2002-10-31,266.47,100.55,1.4,
2002-11-01,267.2,100.83,1.38,
2002-11-02,267.94,101.11,6.24,
2002-11-03,273.68,103.28,10.05,
2002-11-04,283.46,106.97,9.9,
2002-11-05,293.17,110.63,4.39,
2002-11-06,297.22,112.16,1.81,
2002-11-07,298.42,112.61,1.87,
2002-11-08,299.48,113.01,1.56,
2002-11-09,300.23,113.29,0.68,
2002-11-10,300.23,113.29,1.15,
2002-11-11,300.53,113.41,0.86,
2002-11-12,300.23,113.29,0.98,
2002-11-13,299.93,113.18,0.99,
2002-11-14,299.63,113.07,0.98,
2002-11-15,299.32,112.95,0.87,
2002-11-16,298.87,112.78,0.9,
2002-11-17,298.42,112.61,4.59,
2002-11-18,301.43,113.75,2.67,
2002-11-19,302.19,114.03,1.14,
2002-11-20,301.43,113.75,0.83,
2002-11-21,300.38,113.35,1.14,
2002-11-22,299.63,113.07,1.14,
2002-11-23,298.87,112.78,1.14,
2002-11-24,298.12,112.5,1.13,
2002-11-25,297.37,112.22,1.34,
2002-11-26,296.92,112.05,1.71,
2002-11-27,296.92,112.05,3.07,
2002-11-28,298.27,112.55,3.36,
2002-11-29,299.93,113.18,1.86,
2002-11-30,300.08,113.24,1.45,
2002-12-01,299.78,113.12,1.27,
2002-12-02,299.32,112.95,1.25,
2002-12-03,298.87,112.78,1.25,
2002-12-04,298.42,112.61,0.93,
2002-12-05,297.52,112.27,0.95,
2002-12-06,296.62,111.93,0.97,
2002-12-07,295.72,111.59,0.82,
2002-12-08,294.67,111.2,0.11,
2002-12-09,293.32,110.69,0.35,
2002-12-10,292.72,110.46,0.81,
2002-12-11,292.42,110.35,0.8,
2002-12-12,291.97,110.18,0.95,
2002-12-13,291.67,110.06,0.8,
2002-12-14,291.22,109.89,0.95,
2002-12-15,290.92,109.78,0.68,
2002-12-16,290.47,109.61,0.74,
2002-12-17,290.17,109.5,0.63,
2002-12-18,289.73,109.33,0.83,
2002-12-19,289.28,109.16,0.35,
2002-12-20,288.23,108.77,0.68,
2002-12-21,287.49,108.49,0.52,
2002-12-22,286.59,108.15,0.49,
2002-12-23,285.85,107.87,0.62,
2002-12-24,285.4,107.7,0.46,
2002-12-25,284.8,107.47,2.68,
2002-12-26,285.85,107.87,2.06,
2002-12-27,286.44,108.09,1.62,
2002-12-28,286.59,108.15,1.05,
2002-12-29,285.99,107.92,0.83,
2002-12-30,285.25,107.64,0.64,
2002-12-31,284.36,107.31,0.69,
2003-01-01,283.46,106.97,0.73,
2003-01-02,282.87,106.74,0.82,
2003-01-03,282.57,106.63,0.52,
2003-01-04,281.98,106.41,1.32,
2003-01-05,281.98,106.41,1.55,
2003-01-06,282.27,106.52,1.28,
2003-01-07,282.42,106.57,0.86,
2003-01-08,282.13,106.46,0.85,
2003-01-09,281.68,106.29,0.89,
2003-01-10,281.23,106.12,0.88,
2003-01-11,280.79,105.96,0.36,
2003-01-12,279.75,105.57,0.62,
2003-01-13,279.01,105.29,0.58,
2003-01-14,278.42,105.06,0.35,
2003-01-15,277.53,104.73,0.33,
2003-01-16,276.49,104.34,0.36,
2003-01-17,275.31,103.89,0.44,
2003-01-18,274.13,103.45,0.58,
2003-01-19,273.09,103.05,0.48,
2003-01-20,272.06,102.66,0.45,
2003-01-21,271.47,102.44,0.46,
2003-01-22,270.88,102.22,0.33,
2003-01-23,269.85,101.83,0.29,
2003-01-24,268.67,101.38,0.26,
2003-01-25,267.5,100.94,0.43,
2003-01-26,266.47,100.55,0.48,
2003-01-27,265.59,100.22,0.46,
2003-01-28,265,100,0.35,
2003-01-29,264.27,99.72,,
2003-01-30,262.8,99.17,0.91,
2003-01-31,262.22,98.95,0.47,
2003-02-01,261.19,98.56,0.48,
2003-02-02,260.17,98.18,0.38,
2003-02-03,259.15,97.79,0.33,
2003-02-04,258.42,97.52,0.01,
2003-02-05,257.69,97.24,,
2003-02-06,256.96,96.97,0.23,
2003-02-07,256.08,96.63,0.2,
2003-02-08,255.21,96.31,0.53,
2003-02-09,254.63,96.09,0.29,
2003-02-10,253.9,95.81,0.24,
2003-02-11,253.47,95.65,0.31,
2003-02-12,253.17,95.54,0.19,
2003-02-13,252.59,95.32,0.15,
2003-02-14,251.58,94.94,0.13,
2003-02-15,250.56,94.55,0.07,
2003-02-16,249.4,94.11,0.1,
2003-02-17,248.39,93.73,0.12,
2003-02-18,247.81,93.51,0.03,
2003-02-19,247.23,93.29,0.09,
2003-02-20,246.51,93.02,,
2003-02-21,245.35,92.58,,
2003-02-22,244.2,92.15,0.13,
2003-02-23,243.19,91.77,0.18,
2003-02-24,242.32,91.44,0.26,
2003-02-25,241.89,91.28,0.19,
2003-02-26,241.46,91.12,0.1,
2003-02-27,240.74,90.85,0.03,
2003-02-28,239.59,90.41,0.01,
2003-03-01,238.44,89.98,,
2003-03-02,237.29,89.54,0.05,
2003-03-03,236.72,89.33,0.12,
2003-03-04,236.14,89.11,0.06,
2003-03-05,235.57,88.89,0.08,
2003-03-06,234.85,88.62,0.14,
2003-03-07,233.71,88.19,0.16,
2003-03-08,232.56,87.76,0.09,
2003-03-09,231.42,87.33,0.21,
2003-03-10,230.57,87.01,0.08,
2003-03-11,229.99,86.79,0.2,
2003-03-12,229.57,86.63,,
2003-03-13,228.71,86.31,,
2003-03-14,227.43,85.82,0.11,
2003-03-15,226.29,85.39,0.12,
2003-03-16,225.15,84.96,0.21,
2003-03-17,224.3,84.64,0.1,
2003-03-18,223.73,84.43,0.07,
2003-03-19,223.17,84.22,0.04,
2003-03-20,222.32,83.89,0.03,
2003-03-21,221.04,83.41,0.04,
2003-03-22,219.77,82.93,0.07,
2003-03-23,218.5,82.45,0.02,
2003-03-24,216.8,81.81,0.1,
2003-03-25,215.67,81.38,0.03,
2003-03-26,214.55,80.96,0.04,
2003-03-27,213.28,80.48,0.1,
2003-03-28,211.59,79.85,0.11,
2003-03-29,209.91,79.21,0.12,
2003-03-30,208.23,78.58,0.05,
2003-03-31,206.55,77.94,0.04,
2003-04-01,205.71,77.63,,
2003-04-02,204.87,77.31,,
2003-04-03,203.75,76.89,,
2003-04-04,202.22,76.31,,
2003-04-05,200.41,75.63,,
2003-04-06,198.6,74.94,,
2003-04-07,196.94,74.32,,
2003-04-08,195.55,73.79,,
2003-04-09,194.17,73.27,,
2003-04-10,192.78,72.75,,
2003-04-11,191.12,72.12,,
2003-04-12,189.19,71.39,0.01,
2003-04-13,187.4,70.72,,
2003-04-14,185.62,70.05,,
2003-04-15,183.83,69.37,0.01,
2003-04-16,182.05,68.7,,
2003-04-17,180.27,68.03,0.01,
2003-04-18,178.87,67.5,,
2003-04-19,177.19,66.86,,
2003-04-20,175.51,66.23,,
2003-04-21,173.85,65.6,,
2003-04-22,172.41,65.06,,
2003-04-23,171.09,64.56,0.01,
2003-04-24,169.88,64.11,0.18,
2003-04-25,168.79,63.69,0.39,
2003-04-26,167.7,63.28,0.3,
2003-04-27,166.62,62.88,0.36,
2003-04-28,165.54,62.47,0.3,
2003-04-29,164.57,62.1,1.16,
2003-04-30,164.46,62.06,0.05,
2003-05-01,163.18,61.58,0.07,
2003-05-02,161.69,61.02,0.06,
2003-05-03,160.1,60.42,0.1,
2003-05-04,158.73,59.9,0.06,
2003-05-05,157.36,59.38,0.1,
2003-05-06,155.9,58.83,0.07,
2003-05-07,154.55,58.32,0.07,
2003-05-08,153.41,57.89,0.08,
2003-05-09,151.77,57.27,0.08,
2003-05-10,150.13,56.65,0.03,
2003-05-11,148.41,56,0.02,
2003-05-12,146.69,55.35,0.42,
2003-05-13,145.69,54.98,0.93,
2003-05-14,144.89,54.68,0.69,
2003-05-15,144.09,54.37,0.7,
2003-05-16,143.4,54.11,0.19,
2003-05-17,142.41,53.74,0.26,
2003-05-18,141.52,53.4,0.08,
2003-05-19,140.44,53,,
2003-05-20,139.17,52.52,0.15,
2003-05-21,138,52.08,0.08,
2003-05-22,136.84,51.64,0.05,
2003-05-23,135.68,51.2,0.11,
2003-05-24,134.63,50.8,0.07,
2003-05-25,133.49,50.37,0.03,
2003-05-26,132.06,49.83,0.24,
2003-05-27,130.74,49.34,0.06,
2003-05-28,129.25,48.77,0.38,
2003-05-29,127.48,48.11,0.18,
2003-05-30,125.45,47.34,3.78,
2003-05-31,127.11,47.97,0.13,
2003-06-01,121.55,45.87,0.35,
2003-06-02,120.74,45.56,0.14,
2003-06-03,120.2,45.36,0.39,
2003-06-04,119.4,45.06,0.09,
2003-06-05,118.78,44.82,0.18,
2003-06-06,117.89,44.49,0.75,
2003-06-07,117.01,44.15,0.07,
2003-06-08,115.87,43.72,0.01,
2003-06-09,114.57,43.23,0.06,
2003-06-10,113.18,42.71,0.21,
2003-06-11,112.15,42.32,0.02,
2003-06-12,111.13,41.94,0.03,
2003-06-13,109.85,41.45,0.34,
2003-06-14,108.84,41.07,0.21,
2003-06-15,107.58,40.6,0.17,
2003-06-16,108.5,40.94,0.03,
2003-06-17,105.59,39.85,1.04,
2003-06-18,104.93,39.6,0.42,
2003-06-19,103.86,39.19,0.55,
2003-06-20,102.97,38.86,0.37,
2003-06-21,102,38.49,0.08,
2003-06-22,100.63,37.97,0.22,
2003-06-23,99.43,37.52,0.34,
2003-06-24,98.32,37.1,0.28,
2003-06-25,97.14,36.66,0.24,
2003-06-26,95.89,36.18,0.1,
2003-06-27,94.5,35.66,0.69,
2003-06-28,93.58,35.31,0.92,
2003-06-29,92.89,35.05,0.59,
2003-06-30,92.51,34.91,0.9,
2003-07-01,92.44,34.88,0.83,
2003-07-02,92.59,34.94,1.15,
2003-07-03,92.59,34.94,0.49,
2003-07-04,92.36,34.85,0.47,
2003-07-05,92.13,34.77,1.56,
2003-07-06,92.97,35.08,0.79,
2003-07-07,93.04,35.11,0.72,
2003-07-08,93.04,35.11,0.65,
2003-07-09,92.97,35.08,0.49,
2003-07-10,92.74,35,0.57,
2003-07-11,92.59,34.94,0.64,
2003-07-12,92.51,34.91,0.42,
2003-07-13,92.21,34.8,0.49,
2003-07-14,91.98,34.71,1.17,
2003-07-15,92.44,34.88,1.02,
2003-07-16,92.74,35,0.87,
2003-07-17,92.89,35.05,0.85,
2003-07-18,92.89,35.05,0.8,
2003-07-19,92.66,34.97,0.28,
2003-07-20,91.91,34.68,0.02,
2003-07-21,90.85,34.28,0.23,
2003-07-22,89.95,33.94,0.47,
2003-07-23,89.28,33.69,0.7,
2003-07-24,88.84,33.52,1.15,
2003-07-25,88.84,33.52,1.36,
2003-07-26,89.06,33.61,0.97,
2003-07-27,89.06,33.61,0.17,
2003-07-28,88.1,33.25,0.71,
2003-07-29,87.66,33.08,0.64,
2003-07-30,87.15,32.89,0.85,
2003-07-31,86.85,32.77,0.83,
2003-08-01,86.85,32.77,0.92,
2003-08-02,86.93,32.8,1.41,
2003-08-03,87.51,33.02,2.01,
2003-08-04,88.69,33.47,2.24,
2003-08-05,90.1,34,1.22,
2003-08-06,90.48,34.14,0.84,
2003-08-07,90.48,34.14,0.76,
2003-08-08,90.4,34.11,0.61,
2003-08-09,90.18,34.03,0.54,
2003-08-10,89.88,33.92,0.55,
2003-08-11,89.58,33.8,0.77,
2003-08-12,89.51,33.78,0.73,
2003-08-13,89.51,33.78,4.7,
2003-08-14,93.58,35.31,1.81,
2003-08-15,94.65,35.72,0.95,
2003-08-16,94.96,35.83,1.86,
2003-08-17,95.97,36.22,6.08,
2003-08-18,101.19,38.18,3.31,
2003-08-19,103.78,39.16,3.28,
2003-08-20,106.42,40.16,2.89,
2003-08-21,108.67,41.01,2.33,
2003-08-22,110.36,41.65,1.67,
2003-08-23,111.38,42.03,1.08,
2003-08-24,111.81,42.19,2.28,
2003-08-25,113.44,42.81,3.09,
2003-08-26,115.87,43.72,2.05,
2003-08-27,117.28,44.26,1.3,
2003-08-28,117.89,44.49,0.98,
2003-08-29,118.25,44.62,0.91,
2003-08-30,118.51,44.72,0.74,
2003-08-31,118.6,44.75,0.75,
2003-09-01,118.69,44.79,0.84,
2003-09-02,118.87,44.86,0.57,
2003-09-03,118.78,44.82,2.44,
2003-09-04,120.56,45.49,2.64,
2003-09-05,122.54,46.24,2.93,
2003-09-06,124.81,47.1,3.71,
2003-09-07,127.85,48.25,2.91,
2003-09-08,130.09,49.09,2.17,
2003-09-09,131.59,49.66,3.84,
2003-09-10,134.82,50.88,12.25,
2003-09-11,146.69,55.35,13.22,
2003-09-12,159.57,60.22,8.62,
2003-09-13,168.03,63.41,7.75,
2003-09-14,175.73,66.31,9.11,
2003-09-15,184.79,69.73,7.77,
2003-09-16,192.51,72.65,5.03,
2003-09-17,197.49,74.52,3.3,
2003-09-18,200.41,75.63,2.09,
2003-09-19,202.08,76.26,1.95,
2003-09-20,203.47,76.78,2.26,
2003-09-21,205.15,77.42,2.58,
2003-09-22,207.11,78.15,3.17,
2003-09-23,209.63,79.11,1.8,
2003-09-24,210.75,79.53,2.51,
2003-09-25,212.58,80.22,1.95,
2003-09-26,213.84,80.69,1.68,
2003-09-27,214.83,81.07,1.67,
2003-09-28,215.81,81.44,1.12,
2003-09-29,216.24,81.6,0.97,
2003-09-30,216.52,81.71,1.1,
2003-10-01,216.94,81.86,1.95,
2003-10-02,218.21,82.34,1.25,
2003-10-03,218.78,82.56,1.24,
2003-10-04,219.34,82.77,1.11,
2003-10-05,219.77,82.93,1.24,
2003-10-06,220.33,83.14,0.4,
2003-10-07,220.05,83.04,0.68,
2003-10-08,220.05,83.04,0.96,
2003-10-09,220.33,83.14,0.68,
2003-10-10,220.33,83.14,0.68,
2003-10-11,220.33,83.14,0.54,
2003-10-12,220.19,83.09,0.69,
2003-10-13,220.19,83.09,0.69,
2003-10-14,220.19,83.09,0.83,
2003-10-15,220.33,83.14,0.84,
2003-10-16,220.48,83.2,0.96,
2003-10-17,220.76,83.31,0.69,
2003-10-18,220.76,83.31,0.41,
2003-10-19,220.48,83.2,0.69,
2003-10-20,220.48,83.2,0.83,
2003-10-21,220.62,83.25,0.97,
2003-10-22,220.9,83.36,0.83,
2003-10-23,221.04,83.41,0.69,
2003-10-24,221.04,83.41,0.69,
2003-10-25,221.04,83.41,1.26,
2003-10-26,221.61,83.63,0.7,
2003-10-27,221.61,83.63,0.69,
2003-10-28,221.61,83.63,0.69,
2003-10-29,221.61,83.63,0.55,
2003-10-30,221.47,83.57,0.97,
2003-10-31,221.75,83.68,2.82,
2003-11-01,223.88,84.48,1.27,
2003-11-02,224.44,84.69,0.99,
2003-11-03,224.73,84.8,0.99,
2003-11-04,225.01,84.91,0.92,
2003-11-05,225.3,85.02,1.14,
2003-11-06,224.16,84.59,0.5,
2003-11-07,222.46,83.95,0.15,
2003-11-08,220.48,83.2,,
2003-11-09,218.5,82.45,0.48,
2003-11-10,218.5,82.45,0.62,
2003-11-11,218.64,82.51,0.62,
2003-11-12,218.78,82.56,0.48,
2003-11-13,218.78,82.56,0.48,
2003-11-14,218.78,82.56,0.48,
2003-11-15,218.78,82.56,0.34,
2003-11-16,218.64,82.51,0.48,
2003-11-17,218.64,82.51,0.44,
2003-11-18,218.64,82.51,0.51,
2003-11-19,218.78,82.56,0.11,
2003-11-20,218.78,82.56,0.32,
2003-11-21,218.92,82.61,0.34,
2003-11-22,218.78,82.56,0.48,
2003-11-23,218.78,82.56,0.41,
2003-11-24,218.78,82.56,0.42,
2003-11-25,219.06,82.66,0.32,
2003-11-26,219.2,82.72,0.4,
2003-11-27,219.2,82.72,0.48,
2003-11-28,219.2,82.72,0.48,
2003-11-29,219.2,82.72,0.48,
2003-11-30,219.2,82.72,0.4,
2003-12-01,219.2,82.72,0.28,
2003-12-02,219.34,82.77,0.19,
2003-12-03,219.34,82.77,0.26,
2003-12-04,219.2,82.72,0.48,
2003-12-05,219.2,82.72,0.48,
2003-12-06,219.2,82.72,0.48,
2003-12-07,219.2,82.72,0.13,
2003-12-08,218.92,82.61,0.14,
2003-12-09,218.92,82.61,0.1,
2003-12-10,218.92,82.61,0.12,
2003-12-11,218.64,82.51,0.44,
2003-12-12,218.5,82.45,0.46,
2003-12-13,218.35,82.4,0.16,
2003-12-14,217.93,82.24,0.07,
2003-12-15,217.51,82.08,0.16,
2003-12-16,217.51,82.08,0.1,
2003-12-17,217.51,82.08,0.01,
2003-12-18,217.08,81.92,0.11,
2003-12-19,216.66,81.76,0.11,
2003-12-20,216.24,81.6,0.1,
2003-12-21,215.81,81.44,0.16,
2003-12-22,215.53,81.33,0.14,
2003-12-23,215.53,81.33,0.08,
2003-12-24,215.39,81.28,0.08,
2003-12-25,214.97,81.12,0.11,
2003-12-26,214.55,80.96,0.1,
2003-12-27,214.12,80.8,0.11,
2003-12-28,213.7,80.64,0.15,
2003-12-29,213.42,80.54,0.14,
2003-12-30,213.42,80.54,0.05,
2003-12-31,213.14,80.43,0.07,
2004-01-01,212.58,80.22,,
2004-01-02,207.81,78.42,4.41,
2004-01-03,211.59,79.85,0.07,
2004-01-04,211.03,79.63,0.18,
2004-01-05,210.75,79.53,,
2004-01-06,210.47,79.42,0.07,
2004-01-07,210.19,79.32,0.19,
2004-01-08,209.77,79.16,0.26,
2004-01-09,209.07,78.89,0.01,
2004-01-10,208.09,78.52,0.01,
2004-01-11,207.11,78.15,,
2004-01-12,206.13,77.78,0.18,
2004-01-13,205.71,77.63,0.14,
2004-01-14,205.15,77.42,0.08,
2004-01-15,204.31,77.1,0.09,
2004-01-16,203.47,76.78,,
2004-01-17,202.5,76.42,0.09,
2004-01-18,201.66,76.1,0.42,
2004-01-19,201.24,75.94,0.11,
2004-01-20,200.83,75.78,0.16,
2004-01-21,200.41,75.63,0.05,
2004-01-22,199.57,75.31,0.04,
2004-01-23,198.6,74.94,0.32,
2004-01-24,197.91,74.68,0.63,
2004-01-25,197.49,74.52,1.05,
2004-01-26,197.49,74.52,,
2004-01-27,195.41,73.74,0.05,
2004-01-28,194.86,73.53,0.08,
2004-01-29,194.03,73.22,,
2004-01-30,192.92,72.8,,
2004-01-31,191.81,72.38,0.09,
2004-02-01,190.85,72.02,0.03,
2004-02-02,189.88,71.65,0.01,
2004-02-03,189.06,71.34,0.01,
2004-02-04,188.23,71.03,,
2004-02-05,186.99,70.56,,
2004-02-06,185.62,70.05,,
2004-02-07,184.24,69.52,,
2004-02-08,182.87,69.01,0.03,
2004-02-09,181.64,68.54,,
2004-02-10,180.82,68.23,0.09,
2004-02-11,180.14,67.98,,
2004-02-12,179.21,67.63,0.05,
2004-02-13,177.97,67.16,0.08,
2004-02-14,176.74,66.69,0.08,
2004-02-15,175.51,66.23,,
2004-02-16,174.29,65.77,0.05,
2004-02-17,173.51,65.48,0.09,
2004-02-18,172.85,65.23,0.04,
2004-02-19,171.97,64.89,0.09,
2004-02-20,170.76,64.44,0.09,
2004-02-21,169.55,63.98,0.11,
2004-02-22,168.36,63.53,0.21,
2004-02-23,167.38,63.16,0.18,
2004-02-24,166.73,62.92,0.12,
2004-02-25,166.08,62.67,0.2,
2004-02-26,165.22,62.35,0.11,
2004-02-27,164.04,61.9,0.11,
2004-02-28,162.86,61.46,0.13,
2004-03-01,160.52,60.57,0.1,
2004-03-02,159.78,60.29,0.03,
2004-03-03,159.04,60.02,0.09,
2004-03-04,158.2,59.7,0.07,
2004-03-05,156.94,59.22,0.24,
2004-03-06,155.69,58.75,0.07,
2004-03-07,154.45,58.28,0.08,
2004-03-08,153.31,57.85,0.03,
2004-03-09,152.49,57.54,0.05,
2004-03-10,151.77,57.27,0.01,
2004-03-11,150.85,56.92,,
2004-03-12,149.52,56.42,0.04,
2004-03-13,148.2,55.92,0.08,
2004-03-14,146.89,55.43,0.07,
2004-03-15,145.69,54.98,0.05,
2004-03-16,144.89,54.68,0.06,
2004-03-17,144.19,54.41,0.03,
2004-03-18,143.3,54.08,,
2004-03-19,142.01,53.59,0.04,
2004-03-20,140.73,53.11,0.04,
2004-03-21,139.46,52.63,0.04,
2004-03-22,138.29,52.18,0.1,
2004-03-23,137.61,51.93,0.08,
2004-03-24,136.94,51.68,0.03,
2004-03-25,135.88,51.28,0.07,
2004-03-26,134.63,50.8,,
2004-03-27,133.3,50.3,,
2004-03-28,131.97,49.8,,
2004-03-29,130.74,49.34,0.03,
2004-03-30,129.99,49.05,0.01,
2004-03-31,129.25,48.77,,
2004-04-01,128.41,48.46,,
2004-04-02,127.39,48.07,,
2004-04-03,126.19,47.62,,
2004-04-04,124.72,47.06,,
2004-04-05,123.63,46.65,,
2004-04-06,122.63,46.28,,
2004-04-07,121.64,45.9,,
2004-04-08,120.47,45.46,,
2004-04-09,119.13,44.95,,
2004-04-10,117.8,44.45,,
2004-04-11,116.13,43.82,,
2004-04-12,114.39,43.17,,
2004-04-13,112.67,42.52,,
2004-04-14,111.04,41.9,,
2004-04-15,109.68,41.39,,
2004-04-16,108.34,40.88,,
2004-04-17,107,40.38,,
2004-04-18,105.67,39.88,,
2004-04-19,104.77,39.54,,
2004-04-20,104.36,39.38,,
2004-04-21,104.19,39.32,,
2004-04-22,104.03,39.26,0.02,
2004-04-23,103.78,39.16,0.03,
2004-04-24,103.46,39.04,,
2004-04-25,102.81,38.8,,
2004-04-26,101.83,38.43,,
2004-04-27,100.71,38,,
2004-04-28,99.91,37.7,,
2004-04-29,99.11,37.4,,
2004-04-30,98.16,37.04,,
2004-05-01,97.14,36.66,0.1,
2004-05-02,96.05,36.25,0.33,
2004-05-03,95.19,35.92,0.39,
2004-05-04,95.12,35.89,0.46,
2004-05-05,95.27,35.95,0.44,
2004-05-06,95.43,36.01,0.51,
2004-05-07,95.66,36.1,0.51,
2004-05-08,95.89,36.18,0.2,
2004-05-09,95.81,36.15,2.04,
2004-05-10,97.06,36.63,0.17,
2004-05-11,96.44,36.39,0.26,
2004-05-12,95.58,36.07,0.05,
2004-05-13,94.5,35.66,0.04,
2004-05-14,93.35,35.23,0.03,
2004-05-15,92.21,34.8,0.05,
2004-05-16,91.08,34.37,0.21,
2004-05-17,90.63,34.2,0.22,
2004-05-18,90.7,34.23,0.49,
2004-05-19,91.08,34.37,0.63,
2004-05-20,91.6,34.57,0.64,
2004-05-21,92.13,34.77,0.8,
2004-05-22,92.82,35.03,0.11,
2004-05-23,92.82,35.03,2.33,
2004-05-24,95.04,35.86,0.57,
2004-05-25,95.5,36.04,0.94,
2004-05-26,95.89,36.18,0.19,
2004-05-27,95.43,36.01,0.06,
2004-05-28,95.12,35.89,0.65,
2004-05-29,95.66,36.1,0.42,
2004-05-30,95.97,36.22,1.36,
2004-05-31,97.22,36.69,1.06,
2004-06-01,98.01,36.98,4.82,
2004-06-02,101.75,38.4,3.9,
2004-06-03,104.68,39.5,1.39,
2004-06-04,105.18,39.69,1.06,
2004-06-05,105.34,39.75,0.56,
2004-06-06,105.01,39.63,0.55,
2004-06-07,104.68,39.5,0.2,
2004-06-08,104.03,39.26,0.71,
2004-06-09,103.86,39.19,0.64,
2004-06-10,103.62,39.1,0.62,
2004-06-11,103.37,39.01,0.79,
2004-06-12,103.29,38.98,1.32,
2004-06-13,103.29,38.98,0.43,
2004-06-14,102.4,38.64,1.38,
2004-06-15,102.89,38.83,2.53,
2004-06-16,104.44,39.41,2.85,
2004-06-17,106.09,40.03,1.44,
2004-06-18,106.33,40.12,1.2,
2004-06-19,106.33,40.12,0.46,
2004-06-20,105.59,39.85,0.42,
2004-06-21,104.77,39.54,0.55,
2004-06-22,104.03,39.26,0.31,
2004-06-23,103.05,38.89,0.52,
2004-06-24,102.24,38.58,0.63,
2004-06-25,101.43,38.28,0.7,
2004-06-26,100.79,38.03,0.54,
2004-06-27,99.99,37.73,0.05,
2004-06-28,98.64,37.22,0.84,
2004-06-29,98.08,37.01,0.62,
2004-06-30,97.3,36.72,0.66,
2004-07-01,96.52,36.42,0.54,
2004-07-02,95.66,36.1,0.62,
2004-07-03,94.89,35.81,0.56,
2004-07-04,94.12,35.52,0.24,
2004-07-05,92.97,35.08,0.1,
2004-07-06,91.68,34.6,0.22,
2004-07-07,90.48,34.14,0.38,
2004-07-08,89.43,33.75,0.94,
2004-07-09,88.91,33.55,0.98,
2004-07-10,88.17,33.27,0.87,
2004-07-11,87.44,33,0.99,
2004-07-12,86.71,32.72,2.29,
2004-07-13,87.29,32.94,2.39,
2004-07-14,88.03,33.22,2.97,
2004-07-15,89.36,33.72,0.92,
2004-07-16,88.62,33.44,1.19,
2004-07-17,88.1,33.25,0.76,
2004-07-18,87.15,32.89,0.27,
2004-07-19,85.76,32.36,0.42,
2004-07-20,84.47,31.88,0.08,
2004-07-21,82.83,31.26,0.15,
2004-07-22,81.29,30.68,2.01,
2004-07-23,81.57,30.78,2.48,
2004-07-24,82.34,31.07,2.35,
2004-07-25,82.97,31.31,9.8,
2004-07-26,91.08,34.37,11.75,
2004-07-27,101.19,38.18,6.86,
2004-07-28,106.5,40.19,4.11,
2004-07-29,109.01,41.14,4.07,
2004-07-30,111.47,42.06,4.1,
2004-07-31,113.96,43,5.87,
2004-08-01,118.25,44.62,4.71,
2004-08-02,121.37,45.8,3.67,
2004-08-03,123.45,46.58,2.91,
2004-08-04,124.81,47.1,3.35,
2004-08-05,126.56,47.76,3.39,
2004-08-06,128.41,48.46,2.32,
2004-08-07,129.15,48.74,2.04,
2004-08-08,129.62,48.91,2.68,
2004-08-09,130.74,49.34,2.89,
2004-08-10,132.06,49.83,6.94,
2004-08-11,137.42,51.86,5.46,
2004-08-12,141.32,53.33,4.76,
2004-08-13,144.49,54.52,3.76,
2004-08-14,146.69,55.35,3.46,
2004-08-15,148.61,56.08,3.19,
2004-08-16,150.23,56.69,3.91,
2004-08-17,153.1,57.77,3.62,
2004-08-18,155.69,58.75,2.39,
2004-08-19,157.05,59.26,4.28,
2004-08-20,160.31,60.49,2.74,
2004-08-21,162.01,61.14,1.99,
2004-08-22,162.97,61.5,1.56,
2004-08-23,163.5,61.7,1.35,
2004-08-24,163.82,61.82,1.18,
2004-08-25,164.04,61.9,1.35,
2004-08-26,164.36,62.02,1.24,
2004-08-27,164.57,62.1,1.35,
2004-08-28,164.89,62.22,1.25,
2004-08-29,165.11,62.31,0.27,
2004-08-30,164.36,62.02,0.8,
2004-08-31,164.14,61.94,0.84,
2004-09-01,163.93,61.86,0.81,
2004-09-02,163.71,61.78,2.1,
2004-09-03,164.79,62.18,2.1,
2004-09-04,165.86,62.59,2.11,
2004-09-05,166.94,63,6.61,
2004-09-06,172.52,65.1,1.47,
2004-09-07,172.96,65.27,1.14,
2004-09-08,173.07,65.31,1.21,
2004-09-09,173.29,65.39,5.61,
2004-09-10,177.86,67.12,10.3,
2004-09-11,187.13,70.62,6.98,
2004-09-12,193.47,73.01,5.58,
2004-09-13,198.6,74.94,6.02,
2004-09-14,204.17,77.05,16.72,
2004-09-15,220.33,83.14,11.15,
2004-09-16,230.85,87.11,9.86,
2004-09-17,240.16,90.63,7.35,
2004-09-18,246.94,93.18,5.94,
2004-09-19,252.3,95.21,6.01,
2004-09-20,257.54,97.18,6.88,
2004-09-21,263.24,99.34,11.9,
2004-09-22,273.83,103.33,10.47,
2004-09-23,282.72,106.69,6.25,
2004-09-24,286.29,108.03,4.81,
2004-09-25,287.19,108.37,3.05,
2004-09-26,287.19,108.37,4.18,
2004-09-27,287.19,108.37,4.29,
2004-09-28,286.59,108.15,2.99,
2004-09-29,285.99,107.92,2.54,
2004-09-30,284.95,107.53,1.74,
2004-10-01,283.17,106.86,1.62,
2004-10-02,281.23,106.12,1.85,
2004-10-03,279.6,105.51,1.58,
2004-10-04,277.67,104.78,0.47,
2004-10-05,275.6,104,1.29,
2004-10-06,275.31,103.89,1.56,
2004-10-07,275.31,103.89,1.15,
2004-10-08,275.31,103.89,1.29,
2004-10-09,275.75,104.06,1.29,
2004-10-10,276.19,104.22,0.9,
2004-10-11,276.49,104.34,3.06,
2004-10-12,278.71,105.17,3.08,
2004-10-13,280.94,106.02,2.05,
2004-10-14,282.13,106.46,1.55,
2004-10-15,282.72,106.69,2.05,
2004-10-16,283.91,107.14,1.75,
2004-10-17,284.8,107.47,1.32,
2004-10-18,285.25,107.64,1.46,
2004-10-19,285.85,107.87,1.45,
2004-10-20,286.44,108.09,1.45,
2004-10-21,287.04,108.32,1.16,
2004-10-22,287.34,108.43,3.21,
2004-10-23,289.73,109.33,2.02,
2004-10-24,290.92,109.78,1.63,
2004-10-25,291.82,110.12,1.36,
2004-10-26,292.42,110.35,0.98,
2004-10-27,292.72,110.46,0.99,
2004-10-28,293.02,110.57,1.05,
2004-10-29,293.32,110.69,1.13,
2004-10-30,293.62,110.8,0.95,
2004-10-31,293.77,110.86,0.81,
2004-11-01,293.77,110.86,0.96,
2004-11-02,293.92,110.91,1.1,
2004-11-03,294.22,111.03,1.1,
2004-11-04,294.52,111.14,1.66,
2004-11-05,295.42,111.48,1.19,
2004-11-06,295.87,111.65,0.88,
2004-11-07,296.02,111.71,0.88,
2004-11-08,296.17,111.76,0.98,
2004-11-09,296.47,111.88,0.78,
2004-11-10,296.62,111.93,0.78,
2004-11-11,296.77,111.99,0.62,
2004-11-12,296.77,111.99,0.93,
2004-11-13,297.07,112.1,0.78,
2004-11-14,297.22,112.16,0.92,
2004-11-15,297.52,112.27,0.46,
2004-11-16,297.67,112.33,0.4,
2004-11-17,297.67,112.33,0.85,
2004-11-18,297.97,112.44,0.76,
2004-11-19,298.12,112.5,0.91,
2004-11-20,298.42,112.61,0.75,
2004-11-21,298.57,112.67,0.61,
2004-11-22,298.57,112.67,0.9,
2004-11-23,298.87,112.78,1.28,
2004-11-24,298.72,112.72,0.57,
2004-11-25,297.67,112.33,0.64,
2004-11-26,296.62,111.93,0.81,
2004-11-27,295.87,111.65,0.17,
2004-11-28,295.42,111.48,0.7,
2004-11-29,295.57,111.54,1.06,
2004-11-30,296.32,111.82,0.73,
2004-12-01,296.77,111.99,0.44,
2004-12-02,296.77,111.99,0.62,
2004-12-03,296.77,111.99,0.47,
2004-12-04,296.62,111.93,0.8,
2004-12-05,296.77,111.99,0.7,
2004-12-06,296.92,112.05,1.01,
2004-12-07,297.22,112.16,0.27,
2004-12-08,297.22,112.16,0.27,
2004-12-09,297.22,112.16,0.24,
2004-12-10,297.07,112.1,0.62,
2004-12-11,297.07,112.1,0.47,
2004-12-12,296.92,112.05,0.47,
2004-12-13,296.77,111.99,0.32,
2004-12-14,296.62,111.93,0.1,
2004-12-15,296.47,111.88,0.3,
2004-12-16,296.47,111.88,0.29,
2004-12-17,296.32,111.82,0.4,
2004-12-18,296.17,111.76,0.49,
2004-12-19,295.87,111.65,0.34,
2004-12-20,295.57,111.54,0.02,
2004-12-21,294.67,111.2,0.21,
2004-12-22,294.67,111.2,0.02,
2004-12-23,293.92,110.91,0.13,
2004-12-24,293.62,110.8,,
2004-12-25,293.62,110.8,0.1,
2004-12-26,293.17,110.63,0.19,
2004-12-27,292.57,110.4,0.37,
2004-12-28,292.27,110.29,0.31,
2004-12-29,291.97,110.18,0.72,
2004-12-30,292.12,110.23,0.31,
2004-12-31,291.97,110.18,0.61,
2005-01-01,292.12,110.23,0.31,
2005-01-02,291.97,110.18,0.25,
2005-01-03,291.67,110.06,0.39,
2005-01-04,291.37,109.95,0.31,
2005-01-05,291.07,109.84,0.43,
2005-01-06,290.62,109.67,0.16,
2005-01-07,289.88,109.39,0.05,
2005-01-08,289.28,109.16,0.07,
2005-01-09,288.68,108.94,0.98,
2005-01-10,288.98,109.05,0.35,
2005-01-11,288.53,108.88,0.29,
2005-01-12,287.78,108.6,0.3,
2005-01-13,287.04,108.32,0.29,
2005-01-14,286.29,108.03,0.36,
2005-01-15,285.7,107.81,0.1,
2005-01-16,285.1,107.58,0.25,
2005-01-17,284.65,107.42,0.58,
2005-01-18,284.65,107.42,0.31,
2005-01-19,284.36,107.31,0.28,
2005-01-20,283.76,107.08,0.27,
2005-01-21,283.02,106.8,0.26,
2005-01-22,282.27,106.52,0.32,
2005-01-23,281.68,106.29,0.38,
2005-01-24,281.38,106.18,0.29,
2005-01-25,281.09,106.07,0.49,
2005-01-26,281.09,106.07,0.04,
2005-01-27,280.49,105.85,0.12,
2005-01-28,279.6,105.51,0.12,
2005-01-29,278.71,105.17,0.12,
2005-01-30,277.82,104.84,0.32,
2005-01-31,277.23,104.62,0.8,
2005-02-01,276.93,104.5,0.29,
2005-02-02,275.9,104.11,0.05,
2005-02-03,274.57,103.61,0.25,
2005-02-04,273.24,103.11,0.09,
2005-02-05,271.47,102.44,0.09,
2005-02-06,269.7,101.77,0.09,
2005-02-07,267.94,101.11,0.47,
2005-02-08,266.76,100.66,0.32,
2005-02-09,265.73,100.28,0.23,
2005-02-10,264.56,99.83,0.01,
2005-02-11,263.09,99.28,0.02,
2005-02-12,261.92,98.84,0.12,
2005-02-13,260.61,98.34,0.11,
2005-02-14,259.29,97.85,0.3,
2005-02-15,258.27,97.46,0.22,
2005-02-16,257.25,97.08,0.13,
2005-02-17,256.08,96.63,0.11,
2005-02-18,254.77,96.14,0.12,
2005-02-19,253.47,95.65,0.11,
2005-02-20,252.16,95.15,0.43,
2005-02-21,249.69,94.22,0.28,
2005-02-22,248.53,93.78,0.04,
2005-02-23,247.09,93.24,0.02,
2005-02-24,245.35,92.58,,
2005-02-25,243.48,91.88,,
2005-02-26,241.6,91.17,0.12,
2005-02-27,239.88,90.52,0.06,
2005-02-28,238.15,89.87,,
2005-03-01,236.57,89.27,,
2005-03-02,234.85,88.62,,
2005-03-03,232.99,87.92,,
2005-03-04,230.99,87.17,,
2005-03-05,229,86.42,,
2005-03-06,227,85.66,,
2005-03-07,225.15,84.96,,
2005-03-08,223.59,84.37,,
2005-03-09,222.03,83.78,,
2005-03-10,220.19,83.09,,
2005-03-11,218.21,82.34,,
2005-03-12,216.24,81.6,,
2005-03-13,214.27,80.86,,
2005-03-14,212.01,80,,
2005-03-15,210.47,79.42,,
2005-03-16,208.93,78.84,,
2005-03-17,207.11,78.15,,
2005-03-18,205.15,77.42,,
2005-03-19,203.2,76.68,,
2005-03-20,201.24,75.94,,
2005-03-21,199.3,75.21,,
2005-03-22,197.77,74.63,,
2005-03-23,196.24,74.05,,
2005-03-24,194.44,73.37,,
2005-03-25,192.51,72.65,,
2005-03-26,190.57,71.91,,
2005-03-27,188.51,71.14,,
2005-03-28,186.58,70.41,,
2005-03-29,185.07,69.84,,
2005-03-30,183.42,69.22,,
2005-03-31,181.5,68.49,0.02,
2005-04-01,179.66,67.8,0.04,
2005-04-02,177.86,67.12,0.02,
2005-04-03,176.07,66.44,0.05,
2005-04-04,174.4,65.81,0.34,
2005-04-05,173.29,65.39,0.14,
2005-04-06,171.97,64.89,0.08,
2005-04-07,170.32,64.27,0.17,
2005-04-08,168.68,63.65,0.03,
2005-04-09,167.05,63.04,0.03,
2005-04-10,165.43,62.43,0.02,
2005-04-11,163.71,61.78,0.04,
2005-04-12,161.9,61.09,,
2005-04-13,160.41,60.53,0.01,
2005-04-14,158.52,59.82,1.01,
2005-04-15,157.68,59.5,0.07,
2005-04-16,155.9,58.83,0.09,
2005-04-17,154.14,58.17,,
2005-04-18,152.38,57.5,,
2005-04-19,150.95,56.96,0.01,
2005-04-20,149.42,56.38,0.05,
2005-04-21,148,55.85,0.08,
2005-04-22,146.29,55.2,0.09,
2005-04-23,144.49,54.52,,
2005-04-24,142.7,53.85,0.04,
2005-04-25,140.93,53.18,0.03,
2005-04-26,139.36,52.59,0.04,
2005-04-27,137.9,52.04,0.08,
2005-04-28,136.26,51.42,0.02,
2005-04-29,134.44,50.73,0.03,
2005-04-30,132.63,50.05,,
2005-05-01,130.74,49.34,,
2005-05-02,128.87,48.63,0.09,
2005-05-03,127.2,48,0.07,
2005-05-04,125.64,47.41,0.15,
2005-05-05,123.99,46.79,,
2005-05-06,121.91,46,,
2005-05-07,120.02,45.29,0.14,
2005-05-08,118.33,44.65,0.15,
2005-05-09,116.75,44.06,0.04,
2005-05-10,115.26,43.49,,
2005-05-11,113.87,42.97,,
2005-05-12,112.15,42.32,,
2005-05-13,110.28,41.62,,
2005-05-14,108.42,40.91,,
2005-05-15,106.58,40.22,0.02,
2005-05-16,104.93,39.6,,
2005-05-17,103.46,39.04,,
2005-05-18,102,38.49,,
2005-05-19,100.39,37.88,,
2005-05-20,98.48,37.16,,
2005-05-21,96.67,36.48,0.09,
2005-05-22,95.12,35.89,,
2005-05-23,93.73,35.37,0.93,
2005-05-24,93.27,35.2,0.68,
2005-05-25,92.59,34.94,0.47,
2005-05-26,91.68,34.6,0.77,
2005-05-27,91.08,34.37,0.69,
2005-05-28,90.4,34.11,0.58,
2005-05-29,89.65,33.83,,
2005-05-30,87.15,32.89,0.28,
2005-05-31,85.76,32.36,0.07,
2005-06-01,84.47,31.88,,
2005-06-02,83.12,31.37,0.02,
2005-06-03,81.78,30.86,0.94,
2005-06-04,81.36,30.7,2.16,
2005-06-05,83.47,31.5,1.33,
2005-06-06,84.76,31.98,0.93,
2005-06-07,85.55,32.28,1.15,
2005-06-08,86.56,32.66,0.94,
2005-06-09,87.37,32.97,1.75,
2005-06-10,87.73,33.11,,
2005-06-11,86.27,32.55,0.21,
2005-06-12,86.34,32.58,0.5,
2005-06-13,86.71,32.72,0.65,
2005-06-14,87.22,32.91,0.43,
2005-06-15,87.51,33.02,0.14,
2005-06-16,87.51,33.02,0.59,
2005-06-17,87.81,33.14,0.54,
2005-06-18,87.81,33.14,0.34,
2005-06-19,87.59,33.05,2.56,
2005-06-20,89.28,33.69,0.48,
2005-06-21,89.21,33.66,0.78,
2005-06-22,89.43,33.75,1,
2005-06-23,89.88,33.92,0.93,
2005-06-24,90.25,34.06,0.86,
2005-06-25,90.55,34.17,0.56,
2005-06-26,90.55,34.17,0.48,
2005-06-27,90.48,34.14,0.48,
2005-06-28,90.4,34.11,0.41,
2005-06-29,90.25,34.06,0.41,
2005-06-30,90.1,34,0.39,
2005-07-01,89.95,33.94,0.38,
2005-07-02,89.73,33.86,0.42,
2005-07-03,89.51,33.78,0.03,
2005-07-04,88.91,33.55,0.34,
2005-07-05,88.62,33.44,0.4,
2005-07-06,88.39,33.35,0.49,
2005-07-07,88.25,33.3,0.26,
2005-07-08,87.88,33.16,0.26,
2005-07-09,87.51,33.02,0.25,
2005-07-10,87.07,32.86,0.2,
2005-07-11,86.64,32.69,0.12,
2005-07-12,86.13,32.5,0.63,
2005-07-13,86.13,32.5,0.34,
2005-07-14,85.84,32.39,1.79,
2005-07-15,87,32.83,2.91,
2005-07-16,89.28,33.69,4.71,
2005-07-17,93.35,35.23,3.66,
2005-07-18,96.36,36.36,1.14,
2005-07-19,96.83,36.54,4.99,
2005-07-20,101.03,38.12,1.49,
2005-07-21,101.83,38.43,5.72,
2005-07-22,106.92,40.35,4.69,
2005-07-23,111.04,41.9,3.67,
2005-07-24,114.13,43.07,5.23,
2005-07-25,118.78,44.82,6.92,
2005-07-26,125.18,47.24,5.1,
2005-07-27,129.81,48.98,4.48,
2005-07-28,133.77,50.48,3.68,
2005-07-29,136.84,51.64,2.26,
2005-07-30,138.49,52.26,1.77,
2005-07-31,139.65,52.7,1.5,
2005-08-01,140.24,52.92,1.95,
2005-08-02,140.34,52.96,1.87,
2005-08-03,140.44,53,1.16,
2005-08-04,139.85,52.77,0.85,
2005-08-05,138.87,52.4,0.16,
2005-08-06,137.23,51.78,0.51,
2005-08-07,135.88,51.28,1.09,
2005-08-08,135.11,50.98,0.92,
2005-08-09,134.15,50.62,0.56,
2005-08-10,132.82,50.12,0.43,
2005-08-11,131.4,49.58,0.42,
2005-08-12,129.9,49.02,7.36,
2005-08-13,135.97,51.31,44.1,
2005-08-14,179.89,67.88,13.49,
2005-08-15,193.2,72.91,6.15,
2005-08-16,199.3,75.21,3.53,
2005-08-17,202.78,76.52,2.7,
2005-08-18,205.43,77.52,3.27,
2005-08-19,208.65,78.74,2.43,
2005-08-20,211.03,79.63,1.74,
2005-08-21,212.72,80.27,1.63,
2005-08-22,213.98,80.75,1.3,
2005-08-23,214.69,81.02,1.32,
2005-08-24,215.39,81.28,1.5,
2005-08-25,215.39,81.28,1,
2005-08-26,213.98,80.75,0.44,
2005-08-27,212.01,80,1.56,
2005-08-28,211.17,79.69,6.42,
2005-08-29,215.25,81.23,1.36,
2005-08-30,214.41,80.91,1.11,
2005-08-31,213.14,80.43,1.96,
2005-09-01,212.58,80.22,5.23,
2005-09-02,215.39,81.28,5.25,
2005-09-03,218.35,82.4,4.52,
2005-09-04,220.48,83.2,2.96,
2005-09-05,221.04,83.41,2.2,
2005-09-06,220.76,83.31,2.42,
2005-09-07,220.76,83.31,2.03,
2005-09-08,220.33,83.14,2.47,
2005-09-09,220.33,83.14,3.2,
2005-09-10,221.18,83.46,2.35,
2005-09-11,221.18,83.46,10.99,
2005-09-12,230.57,87.01,5.8,
2005-09-13,236.14,89.11,4.14,
2005-09-14,240.02,90.57,2.53,
2005-09-15,242.03,91.33,3.09,
2005-09-16,245.06,92.48,2.77,
2005-09-17,247.38,93.35,2.47,
2005-09-18,249.4,94.11,4.63,
2005-09-19,252.59,95.32,12.37,
2005-09-20,263.83,99.56,12.53,
2005-09-21,276.19,104.22,7.33,
2005-09-22,283.46,106.97,5.82,
2005-09-23,288.23,108.77,4.06,
2005-09-24,290.17,109.5,3.86,
2005-09-25,290.17,109.5,6.34,
2005-09-26,285.1,107.58,7.57,
2005-09-27,278.56,105.12,11.34,
2005-09-28,280.34,105.79,48.16,
2005-09-29,311.57,117.57,18.64,
2005-09-30,310.36,117.12,14.15,
2005-10-01,305.06,115.12,11.94,
2005-10-02,305.36,115.23,5.95,
2005-10-03,305.36,115.23,6.48,
2005-10-04,305.51,115.29,4.73,
2005-10-05,303.09,114.37,3.44,
2005-10-06,299.93,113.18,3.26,
2005-10-07,296.62,111.93,3.6,
2005-10-08,293.77,110.86,2.3,
2005-10-09,293.77,110.86,2.31,
2005-10-10,293.77,110.86,2.16,
2005-10-11,293.62,110.8,2.01,
2005-10-12,293.32,110.69,1.95,
2005-10-13,293.17,110.63,2.3,
2005-10-14,293.17,110.63,2.23,
2005-10-15,293.17,110.63,2.06,
2005-10-16,293.02,110.57,1.98,
2005-10-17,292.72,110.46,2,
2005-10-18,292.42,110.35,1.55,
2005-10-19,291.67,110.06,1.7,
2005-10-20,291.07,109.84,4.36,
2005-10-21,293.17,110.63,,
2005-10-22,288.68,108.94,2.21,
2005-10-23,288.98,109.05,1.46,
2005-10-24,288.53,108.88,1.61,
2005-10-25,288.23,108.77,1.62,
2005-10-26,287.93,108.65,1.53,
2005-10-27,287.64,108.54,1.22,
2005-10-28,287.04,108.32,0.79,
2005-10-29,286.89,108.26,2.74,
2005-10-30,288.68,108.94,9.86,
2005-10-31,296.92,112.05,7.74,
2005-11-01,302.34,114.09,4.28,
2005-11-02,305.06,115.12,2.18,
2005-11-03,305.06,115.12,2.3,
2005-11-04,302.19,114.03,2.37,
2005-11-05,301.89,113.92,1.98,
2005-11-06,301.74,113.86,1.43,
2005-11-07,301.58,113.8,2.38,
2005-11-08,301.89,113.92,2.12,
2005-11-09,302.19,114.03,1.62,
2005-11-10,302.94,114.32,1.53,
2005-11-11,302.94,114.32,2.16,
2005-11-12,303.55,114.55,1.85,
2005-11-13,303.85,114.66,1.4,
2005-11-14,303.7,114.6,1.27,
2005-11-15,303.39,114.49,1.69,
2005-11-16,303.24,114.43,1.63,
2005-11-17,302.94,114.32,1.27,
2005-11-18,302.64,114.2,0.85,
2005-11-19,301.89,113.92,1.15,
2005-11-20,301.43,113.75,1.47,
2005-11-21,301.43,113.75,1.46,
2005-11-22,301.43,113.75,1.36,
2005-11-23,301.28,113.69,0.94,
2005-11-24,300.68,113.46,,
2005-11-25,299.78,113.12,1.14,
2005-11-26,300.23,113.29,0.84,
2005-11-27,300.38,113.35,1.23,
2005-11-28,300.98,113.58,1.06,
2005-11-29,301.58,113.8,0.66,
2005-11-30,301.74,113.86,1.13,
2005-12-01,302.19,114.03,0.93,
2005-12-02,302.34,114.09,1.19,
2005-12-03,302.64,114.2,0.88,
2005-12-04,302.64,114.2,0.91,
2005-12-05,302.64,114.2,1.05,
2005-12-06,303.09,114.37,4.04,
2005-12-07,305.36,115.23,2.34,
2005-12-08,305.06,115.12,2.13,
2005-12-09,303.09,114.37,1.64,
2005-12-10,302.79,114.26,1.79,
2005-12-11,302.64,114.2,1.58,
2005-12-12,302.34,114.09,0.29,
2005-12-13,300.98,113.58,0.77,
2005-12-14,300.23,113.29,1.15,
2005-12-15,299.78,113.12,0.81,
2005-12-16,298.87,112.78,0.03,
2005-12-17,298.12,112.5,0.19,
2005-12-18,297.52,112.27,1.46,
2005-12-19,298.27,112.55,0.65,
2005-12-20,298.42,112.61,0.5,
2005-12-21,298.42,112.61,0.54,
2005-12-22,298.42,112.61,0.61,
2005-12-23,298.27,112.55,0.99,
2005-12-24,298.27,112.55,0.65,
2005-12-25,298.12,112.5,0.97,
2005-12-26,298.42,112.61,0.65,
2005-12-27,298.57,112.67,0.52,
2005-12-28,298.57,112.67,0.48,
2005-12-29,298.42,112.61,0.67,
2005-12-30,298.12,112.5,1.26,
2005-12-31,298.42,112.61,1.12,
2006-01-01,298.57,112.67,0.98,0.91
2006-01-02,298.57,112.67,0.35,0.91
2006-01-03,298.42,112.61,0.51,0.92
2006-01-04,298.42,112.61,0.46,0.44
2006-01-05,298.27,112.55,0.83,0.45
2006-01-06,298.12,112.5,0.98,0.55
2006-01-07,298.12,112.5,0.98,0.92
2006-01-08,298.12,112.5,0.24,0.92
2006-01-09,297.52,112.27,0.36,0.92
2006-01-10,297.37,112.22,0.51,0.78
2006-01-11,297.37,112.22,0.54,0.45
2006-01-12,297.22,112.16,0.53,0.45
2006-01-13,296.77,111.99,0.68,0.63
2006-01-14,296.47,111.88,0.68,0.92
2006-01-15,296.17,111.76,0.69,0.92
2006-01-16,296.02,111.71,0.27,0.92
2006-01-17,295.72,111.59,0.08,0.78
2006-01-18,294.82,111.25,0.08,0.52
2006-01-19,293.62,110.8,0.2,0.93
2006-01-20,292.42,110.35,0.21,1.23
2006-01-21,291.22,109.89,0.21,1.35
2006-01-22,290.02,109.44,1.27,1.36
2006-01-23,290.02,109.44,0.76,1.36
2006-01-24,289.88,109.39,0.53,1.22
2006-01-25,289.43,109.22,0.38,0.85
2006-01-26,288.53,108.88,0.36,0.93
2006-01-27,287.49,108.49,0.35,1.23
2006-01-28,286.44,108.09,1.1,1.35
2006-01-29,286.14,107.98,0.91,1.35
2006-01-30,285.7,107.81,0.42,1.35
2006-01-31,285.1,107.58,0.27,1.3
2006-02-01,284.36,107.31,0.4,0.97
2006-02-02,283.46,106.97,0.37,0.94
2006-02-03,282.42,106.57,0.53,1.23
2006-02-04,281.53,106.24,0.23,1.35
2006-02-05,280.34,105.79,0.64,1.36
2006-02-06,279.75,105.57,0.78,1.36
2006-02-07,279.45,105.45,0.55,1.17
2006-02-08,279.01,105.29,0.42,1.02
2006-02-09,278.12,104.95,0.39,0.93
2006-02-10,277.08,104.56,0.51,1.25
2006-02-11,276.19,104.22,0.53,1.37
2006-02-12,275.31,103.89,0.81,1.34
2006-02-13,274.86,103.72,0.76,1.35
2006-02-14,274.72,103.67,0.33,1.2
2006-02-15,273.98,103.39,0.56,0.84
2006-02-16,273.09,103.05,0.27,1.01
2006-02-17,271.62,102.5,,1.39
2006-02-18,269.85,101.83,0.74,1.68
2006-02-19,268.82,101.44,0.19,1.71
2006-02-20,267.35,100.89,0.25,1.71
2006-02-21,266.32,100.5,0.14,1.6
2006-02-22,265.15,100.06,0.14,1.22
2006-02-23,263.68,99.5,0.01,1.25
2006-02-24,261.92,98.84,0.25,1.55
2006-02-25,260.46,98.29,0.2,1.71
2006-02-26,259.15,97.79,0.4,1.65
2006-02-27,258.13,97.41,0.61,1.45
2006-02-28,257.54,97.18,0.02,1.36
2006-03-01,256.23,96.69,0.03,1.14
2006-03-02,254.63,96.09,0.03,1.26
2006-03-03,252.88,95.43,0.04,1.56
2006-03-04,251.14,94.77,0.01,1.71
2006-03-05,249.4,94.11,0.13,1.71
2006-03-06,247.95,93.57,0.12,1.68
2006-03-07,246.8,93.13,0.09,1.51
2006-03-08,245.5,92.64,0.05,1.2
2006-03-09,243.91,92.04,0.04,1.32
2006-03-10,242.18,91.39,0.04,1.57
2006-03-11,240.45,90.74,0.05,1.7
2006-03-12,238.73,90.09,0.03,1.7
2006-03-13,237.15,89.49,0.12,1.7
2006-03-14,236,89.06,0.09,1.54
2006-03-15,234.71,88.57,,1.2
2006-03-16,232.99,87.92,0.01,1.31
2006-03-17,231.14,87.22,,1.63
2006-03-18,229.14,86.47,,1.79
2006-03-19,227.15,85.72,,1.83
2006-03-20,225.44,85.07,,1.92
2006-03-21,224.02,84.54,,1.51
2006-03-22,222.46,83.95,,1.33
2006-03-23,220.48,83.2,,1.42
2006-03-24,218.5,82.45,,1.78
2006-03-25,216.38,81.65,,1.89
2006-03-26,214.27,80.86,,1.92
2006-03-27,212.58,80.22,,1.93
2006-03-28,210.89,79.58,,1.35
2006-03-29,208.93,78.84,,1.36
2006-03-30,206.69,78,,1.41
2006-03-31,204.59,77.2,0.05,1.78
2006-04-01,202.64,76.47,0.06,1.93
2006-04-02,200.69,75.73,0.04,1.93
2006-04-03,198.74,75,0.05,1.94
2006-04-04,196.8,74.26,0.04,1.92
2006-04-05,194.86,73.53,0.04,1.92
2006-04-06,193.2,72.91,0.11,1.92
2006-04-07,191.68,72.33,0.04,1.64
2006-04-08,189.75,71.6,0.01,1.57
2006-04-09,187.82,70.88,0.05,1.91
2006-04-10,185.89,70.15,0.06,1.88
2006-04-11,183.97,69.42,0.08,1.92
2006-04-12,182.19,68.75,0.06,1.92
2006-04-13,180.27,68.03,0.03,1.8
2006-04-14,178.31,67.29,,1.92
2006-04-15,176.4,66.57,0.1,1.93
2006-04-16,174.62,65.89,0.14,1.85
2006-04-17,172.74,65.18,1.02,1.82
2006-04-18,171.97,64.89,0.36,1.96
2006-04-19,170.54,64.35,0.45,1.73
2006-04-20,169.23,63.86,0.28,1.73
2006-04-21,167.81,63.32,0.52,1.7
2006-04-22,166.62,62.88,0.3,1.64
2006-04-23,165.22,62.35,0.27,1.65
2006-04-24,163.82,61.82,0.14,1.64
2006-04-25,162.43,61.29,0.18,1.61
2006-04-26,161.05,60.77,1.42,1.47
2006-04-27,160.84,60.69,0.79,1.5
2006-04-28,159.89,60.34,1.51,1.57
2006-04-29,159.67,60.25,2.07,1.68
2006-04-30,160.2,60.45,1.3,1.67
2006-05-01,159.99,60.37,0.7,1.48
2006-05-02,159.25,60.09,0.4,1.45
2006-05-03,158.1,59.66,0.23,1.38
2006-05-04,156.63,59.11,0.52,1.49
2006-05-05,155.28,58.6,0.39,1.64
2006-05-06,153.83,58.05,0.09,1.81
2006-05-07,152.07,57.38,0.11,1.78
2006-05-08,150.34,56.73,0.08,1.79
2006-05-09,148.81,56.15,0.1,1.78
2006-05-10,147.4,55.62,0.05,1.55
2006-05-11,146.19,55.17,0.29,1.45
2006-05-12,144.79,54.64,0.1,1.2
2006-05-13,143.2,54.04,0.26,1.63
2006-05-14,141.81,53.51,1.53,1.63
2006-05-15,141.71,53.48,0.68,1.59
2006-05-16,140.93,53.18,0.58,1.57
2006-05-17,140.05,52.85,0.58,1.4
2006-05-18,139.17,52.52,0.3,1.4
2006-05-19,138,52.08,0.15,1.4
2006-05-20,137.52,51.89,,1.42
2006-05-21,137.03,51.71,0.52,0.58
2006-05-22,136.84,51.64,0.35,0.44
2006-05-23,136.45,51.49,0.56,0.66
2006-05-24,136.26,51.42,1.1,0.69
2006-05-25,136.65,51.57,0.76,0.7
2006-05-26,136.65,51.57,1.09,0.66
2006-05-27,137.03,51.71,0.56,0.71
2006-05-28,136.65,51.57,0.34,0.66
2006-05-29,135.97,51.31,0.26,0.89
2006-05-30,135.2,51.02,0.45,0.97
2006-05-31,134.53,50.77,,0.98
2006-06-01,132.25,49.91,,1.07
2006-06-02,130.18,49.12,,2.1
2006-06-03,127.11,47.97,,1.93
2006-06-04,124.08,46.82,,2.91
2006-06-05,121.01,45.66,,2.87
2006-06-06,117.98,44.52,,2.92
2006-06-07,114.91,43.36,,2.9
2006-06-08,111.89,42.22,,2.9
2006-06-09,108.76,41.04,,2.88
2006-06-10,106,40,,2.96
2006-06-11,103.54,39.07,,2.6
2006-06-12,101.11,38.15,,2.29
2006-06-13,98.64,37.22,,2.3
2006-06-14,96.52,36.42,,2.3
2006-06-15,93.58,35.31,,1.99
2006-06-16,90.55,34.17,,2.71
2006-06-17,87.51,33.02,,2.77
2006-06-18,84.76,31.98,,2.81
2006-06-19,82.13,30.99,,2.52
2006-06-20,79.9,30.15,,2.39
2006-06-21,77.71,29.32,,1.99
2006-06-22,75.17,28.37,,2.03
2006-06-23,72.62,27.4,,2.33
2006-06-24,71.4,26.94,,2.32
2006-06-25,70.25,26.51,,0.99
2006-06-26,69.06,26.06,0.23,0.94
2006-06-27,68.19,25.73,0.22,1.07
2006-06-28,67.33,25.41,0.2,1.06
2006-06-29,66.41,25.06,0.06,1.04
2006-06-30,65.69,24.79,0.3,1.08
2006-07-01,65.15,24.58,0.3,0.74
2006-07-02,64.73,24.43,0.28,0.8
2006-07-03,64.31,24.27,0.31,0.68
2006-07-04,63.9,24.11,1.02,0.66
2006-07-05,64.2,24.23,0.83,0.68
2006-07-06,64.31,24.27,1.62,0.68
2006-07-07,65.21,24.61,2.04,0.68
2006-07-08,66.53,25.11,1.33,0.68
2006-07-09,67.14,25.34,1.15,0.68
2006-07-10,67.57,25.5,1.1,0.68
2006-07-11,67.94,25.64,1.04,0.68
2006-07-12,68.25,25.75,0.85,0.69
2006-07-13,68.5,25.85,1.22,0.69
2006-07-14,69.12,26.08,1.17,0.56
2006-07-15,69.69,26.3,0.78,0.56
2006-07-16,69.87,26.37,0.74,0.56
2006-07-17,70,26.42,0.61,0.56
2006-07-18,70,26.42,0.74,0.57
2006-07-19,70.13,26.46,0.8,0.57
2006-07-20,70.32,26.54,1.14,0.57
2006-07-21,70.82,26.72,1.09,0.57
2006-07-22,71.27,26.89,0.64,0.6
2006-07-23,71.27,26.89,1.06,0.6
2006-07-24,71.72,27.06,1.76,0.6
2006-07-25,72.88,27.5,1.86,0.57
2006-07-26,74.18,27.99,2.48,0.56
2006-07-27,76.1,28.72,4.18,0.52
2006-07-28,79.83,30.12,3.19,0.52
2006-07-29,82.62,31.18,1.83,0.41
2006-07-30,84.04,31.71,1.63,0.36
2006-07-31,85.26,32.17,9.2,0.37
2006-08-01,94.42,35.63,8.37,0.37
2006-08-02,102.56,38.7,3.88,
2006-08-03,105.09,39.66,1.72,0.19
2006-08-04,104.35,39.38,1.19,1.31
2006-08-05,103.04,38.88,0.17,2.41
2006-08-06,100.7,38,0.22,2.46
2006-08-07,98.47,37.16,0.31,2.47
2006-08-08,96.28,36.33,0.22,2.41
2006-08-09,94.5,35.66,0.06,2.47
2006-08-10,91.45,34.51,0.26,1.96
2006-08-11,86.19,32.52,1.03,3.07
2006-08-12,83.82,31.63,0.34,5.47
2006-08-13,83.18,31.39,5.42,3.36
2006-08-14,87.58,33.05,3.91,0.94
2006-08-15,90.47,34.14,2.13,0.98
2006-08-16,91.67,34.59,1.78,0.98
2006-08-17,92.43,34.88,1.39,0.89
2006-08-18,92.81,35.02,1.13,0.98
2006-08-19,93.12,35.14,2.36,0.97
2006-08-20,94.65,35.72,1.74,0.79
2006-08-21,95.58,36.07,1.41,0.79
2006-08-22,96.2,36.3,1.65,0.77
2006-08-23,97.06,36.63,1.18,0.75
2006-08-24,97.45,36.77,1,0.75
2006-08-25,97.84,36.92,3.46,0.75
2006-08-26,100.7,38,6.89,0.56
2006-08-27,106.99,40.37,7.49,0.56
2006-08-28,113.87,42.97,4.92,0.56
2006-08-29,118.15,44.58,3.93,0.56
2006-08-30,121.45,45.83,3.86,0.59
2006-08-31,124.72,47.06,10.48,0.59
2006-09-01,134.91,50.91,9.82,0.56
2006-09-02,144.68,54.6,5.49,0.23
2006-09-03,150.13,56.65,0.05,
2006-09-04,150.13,56.65,4.76,
2006-09-05,153.92,58.08,1.57,
2006-09-06,154.65,58.36,2.03,0.91
2006-09-07,155.79,58.79,1.71,0.8
2006-09-08,156.62,59.1,1.77,0.83
2006-09-09,157.46,59.42,1.19,0.83
2006-09-10,157.78,59.54,1.42,0.88
2006-09-11,158.3,59.74,1.56,0.83
2006-09-12,159.04,60.02,1.64,0.84
2006-09-13,159.88,60.33,1.4,0.78
2006-09-14,160.41,60.53,1.31,0.74
2006-09-15,160.83,60.69,1.2,0.83
2006-09-16,161.15,60.81,1.83,0.83
2006-09-17,162.11,61.17,1.74,0.83
2006-09-18,162.96,61.49,2.18,0.83
2006-09-19,164.24,61.98,2.41,0.83
2006-09-20,165.75,62.55,4.87,0.85
2006-09-21,169.66,64.02,7.33,0.85
2006-09-22,175.73,66.31,5.91,0.92
2006-09-23,180.54,68.13,7.01,1.21
2006-09-24,186.44,70.35,3.79,1.04
2006-09-25,189.6,71.55,2.69,0.98
2006-09-26,191.67,72.33,2,0.57
2006-09-27,193.05,72.85,2.01,0.57
2006-09-28,194.44,73.37,2.13,0.57
2006-09-29,195.96,73.95,1.98,0.58
2006-09-30,197.35,74.47,2.11,0.55
2006-10-01,198.88,75.05,1.49,0.55
2006-10-02,199.99,75.47,1.17,0.53
2006-10-03,200.69,75.73,1.61,0.32
2006-10-04,201.66,76.1,1.89,0.42
2006-10-05,202.92,76.57,1.75,0.58
2006-10-06,204.03,76.99,2.59,0.58
2006-10-07,205.99,77.73,2.87,0.58
2006-10-08,208.23,78.58,11.1,0.58
2006-10-09,218.64,82.51,13.15,0.58
2006-10-10,231.28,87.28,4.8,0.63
2006-10-11,235.57,88.89,4.05,0.45
2006-10-12,239.01,90.19,2.76,0.45
2006-10-13,241.17,91.01,2.5,0.55
2006-10-14,243.04,91.71,2.11,0.55
2006-10-15,244.49,92.26,1.75,0.57
2006-10-16,245.5,92.64,1.39,0.61
2006-10-17,246.22,92.91,1.47,0.68
2006-10-18,247.09,93.24,1.28,0.61
2006-10-19,247.81,93.51,1.43,0.55
2006-10-20,248.68,93.84,1.28,0.5
2006-10-21,249.4,94.11,1.25,0.5
2006-10-22,249.98,94.33,2.12,0.5
2006-10-23,251.43,94.88,1.33,0.61
2006-10-24,252.01,95.1,1.25,0.61
2006-10-25,252.59,95.32,1.26,0.69
2006-10-26,253.17,95.54,1.26,0.61
2006-10-27,253.76,95.76,1.81,0.62
2006-10-28,254.05,95.87,0.8,0.62
2006-10-29,253.03,95.48,0.31,1.46
2006-10-30,252.3,95.21,0.74,1.76
2006-10-31,252.01,95.1,1.03,0.98
2006-11-01,252.01,95.1,1,0.87
2006-11-02,252.01,95.1,0.83,0.98
2006-11-03,251.87,95.05,0.82,0.95
2006-11-04,251.72,94.99,0.97,0.92
2006-11-05,251.72,94.99,0.68,0.92
2006-11-06,251.43,94.88,1.12,0.92
2006-11-07,251.58,94.94,1.84,0.92
2006-11-08,252.45,95.26,1.54,0.92
2006-11-09,253.03,95.48,1.09,0.92
2006-11-10,253.32,95.59,0.98,0.91
2006-11-11,253.61,95.7,0.69,0.75
2006-11-12,253.61,95.7,0.7,0.64
2006-11-13,253.61,95.7,0.68,0.64
2006-11-14,253.61,95.7,0.88,0.65
2006-11-15,253.76,95.76,0.75,0.63
2006-11-16,253.76,95.76,0.64,0.68
2006-11-17,253.76,95.76,0.58,0.7
2006-11-18,253.76,95.76,0.57,0.59
2006-11-19,253.76,95.76,0.71,0.53
2006-11-20,253.9,95.81,0.77,0.52
2006-11-21,254.34,95.98,0.6,0.52
2006-11-22,254.63,96.09,0.54,0.28
2006-11-23,254.63,96.09,0.62,0.26
2006-11-24,254.63,96.09,0.62,0.49
2006-11-25,254.63,96.09,0.62,0.57
2006-11-26,254.63,96.09,0.53,0.57
2006-11-27,254.63,96.09,0.56,0.57
2006-11-28,254.92,96.2,0.47,0.48
2006-11-29,255.07,96.25,0.54,0.22
2006-11-30,255.07,96.25,0.47,0.27
2006-12-01,254.92,96.2,0.62,0.49
2006-12-02,254.92,96.2,0.62,0.49
2006-12-03,254.92,96.2,0.25,0.18
2006-12-04,254.63,96.09,0.52,0.18
2006-12-05,254.92,96.2,0.46,0.18
2006-12-06,255.07,96.25,0.39,0.18
2006-12-07,254.92,96.2,0.47,0.26
2006-12-08,254.77,96.14,0.33,0.49
2006-12-09,254.48,96.03,0.48,0.57
2006-12-10,254.34,95.98,0.39,0.57
2006-12-11,254.19,95.92,0.27,0.57
2006-12-12,254.19,95.92,0.31,0.49
2006-12-13,254.19,95.92,0.34,0.22
2006-12-14,254.05,95.87,0.36,0.26
2006-12-15,253.9,95.81,0.22,0.43
2006-12-16,253.61,95.7,0.08,0.46
2006-12-17,253.17,95.54,0.33,0.46
2006-12-18,253.03,95.48,0.23,0.47
2006-12-19,253.03,95.48,0.16,0.42
2006-12-20,252.88,95.43,0.23,0.18
2006-12-21,252.59,95.32,0.27,0.26
2006-12-22,252.3,95.21,0.28,0.47
2006-12-23,251.87,95.05,0.29,0.18
2006-12-24,251.43,94.88,0.45,0.18
2006-12-25,251.29,94.83,0.21,0.68
2006-12-26,251.29,94.83,0.18,0.54
2006-12-27,251.14,94.77,0.13,0.16
2006-12-28,250.71,94.61,0.03,0.18
2006-12-29,250.13,94.39,0.01,0.51
2006-12-30,249.4,94.11,0.01,
2006-12-31,248.68,93.84,0.73,
2007-01-01,248.68,93.84,0.08,0.68
2007-01-02,248.53,93.78,0.34,0.68
2007-01-03,248.53,93.78,0.27,0.18
2007-01-04,248.24,93.68,0.18,0.29
2007-01-05,247.81,93.51,0.29,0.51
2007-01-06,247.38,93.35,0.15,0.56
2007-01-07,246.8,93.13,0.43,0.67
2007-01-08,246.65,93.08,0.23,0.68
2007-01-09,246.65,93.08,0.19,0.53
2007-01-10,246.51,93.02,0.27,0.18
2007-01-11,246.22,92.91,0.18,0.28
2007-01-12,245.79,92.75,0.29,0.51
2007-01-13,245.35,92.58,0.3,0.56
2007-01-14,243.48,91.88,0.15,0.68
2007-01-15,244.49,92.26,0.23,0.68
2007-01-16,244.49,92.26,0.18,0.53
2007-01-17,244.34,92.2,0.27,0.18
2007-01-18,244.05,92.09,0.19,0.28
2007-01-19,243.62,91.93,0.15,0.51
2007-01-20,243.04,91.71,0.16,0.57
2007-01-21,242.47,91.5,0.26,0.68
2007-01-22,241.89,91.28,0.17,0.68
2007-01-23,241.6,91.17,0.09,0.79
2007-01-24,241.17,91.01,0.13,0.41
2007-01-25,240.74,90.85,0.19,0.47
2007-01-26,240.31,90.68,0.2,0.51
2007-01-27,239.73,90.46,0.21,0.57
2007-01-28,239.16,90.25,0.15,0.73
2007-01-29,238.58,90.03,0.13,0.73
2007-01-30,238.15,89.87,0.35,0.68
2007-01-31,237.86,89.76,0.18,0.51
2007-02-01,237.14,89.49,0.14,0.59
2007-02-02,236.28,89.16,,0.9
2007-02-03,235.28,88.78,0.15,0.94
2007-02-04,234.42,88.46,0.16,0.95
2007-02-05,233.7,88.19,0.09,0.95
2007-02-06,233.27,88.03,0.04,0.81
2007-02-07,232.7,87.81,0.08,0.46
2007-02-08,231.85,87.49,0.15,0.55
2007-02-09,230.99,87.17,0.16,0.88
2007-02-10,230.13,86.84,0.15,0.95
2007-02-11,229.28,86.52,0.24,0.95
2007-02-12,228.56,86.25,0.12,0.95
2007-02-13,227.99,86.03,0.07,0.89
2007-02-14,227.28,85.77,0.02,0.63
2007-02-15,226.29,85.39,0.04,0.72
2007-02-16,225.29,85.02,0.03,0.96
2007-02-17,224.3,84.64,0.18,0.97
2007-02-18,223.45,84.32,0.04,0.97
2007-02-19,222.45,83.94,0.01,0.97
2007-02-20,221.74,83.68,0.07,0.97
2007-02-21,221.18,83.46,0.07,0.66
2007-02-22,220.33,83.14,0.05,0.58
2007-02-23,219.34,82.77,0.04,0.86
2007-02-24,218.35,82.4,0.05,0.98
2007-02-25,217.36,82.02,0.1,0.97
2007-02-26,216.51,81.7,0.06,0.97
2007-02-27,215.95,81.49,0.05,0.89
2007-02-28,215.39,81.28,,0.56
2007-03-01,214.26,80.85,,0.56
2007-03-02,213.13,80.43,,0.89
2007-03-03,212.01,80,,0.97
2007-03-04,210.89,79.58,,0.98
2007-03-05,210.04,79.26,,0.98
2007-03-06,209.2,78.94,,0.75
2007-03-07,208.5,78.68,,0.65
2007-03-08,207.38,78.26,,0.6
2007-03-09,205.84,77.68,,0.97
2007-03-10,204.31,77.1,,1.44
2007-03-11,202.77,76.52,,1.45
2007-03-12,201.24,75.94,,1.45
2007-03-13,199.71,75.36,,1.45
2007-03-14,198.18,74.78,,1.45
2007-03-15,196.65,74.21,,1.45
2007-03-16,195.13,73.63,,1.46
2007-03-17,193.61,73.06,,1.45
2007-03-18,192.09,72.49,,1.46
2007-03-19,190.57,71.91,0.03,1.46
2007-03-20,189.19,71.39,,1.46
2007-03-21,187.81,70.87,0.03,1.35
2007-03-22,186.44,70.35,0.05,1.3
2007-03-23,185.06,69.83,0.01,1.35
2007-03-24,183.55,69.26,0.11,1.36
2007-03-25,182.18,68.75,0.01,1.46
2007-03-26,180.68,68.18,0.04,1.42
2007-03-27,179.2,67.62,0.06,1.46
2007-03-28,177.74,67.07,0.06,1.45
2007-03-29,176.29,66.52,0.07,1.46
2007-03-30,174.95,66.02,0.08,1.46
2007-03-31,173.62,65.52,0.1,1.34
2007-04-01,172.18,64.97,0.09,1.36
2007-04-02,170.86,64.48,0.01,1.47
2007-04-03,169.33,63.9,0.08,1.35
2007-04-04,168.02,63.4,,1.48
2007-04-05,166.51,62.83,0.05,1.33
2007-04-06,165,62.26,0.04,1.46
2007-04-07,163.5,61.7,0.05,1.5
2007-04-08,162,61.13,0.04,1.48
2007-04-09,160.3,60.49,,1.48
2007-04-10,158.41,59.78,,1.68
2007-04-11,156.52,59.06,0.02,1.83
2007-04-12,154.65,58.36,0.03,1.82
2007-04-13,152.79,57.66,0.06,1.84
2007-04-14,150.94,56.96,,1.83
2007-04-15,149.01,56.23,0.04,1.84
2007-04-16,147.49,55.66,0.05,1.86
2007-04-17,145.98,55.09,,1.49
2007-04-18,144.68,54.6,,1.5
2007-04-19,143.69,54.22,0.01,1.24
2007-04-20,142.7,53.85,0.01,0.94
2007-04-21,141.71,53.48,0.01,0.94
2007-04-22,140.73,53.11,0.05,0.94
2007-04-23,139.85,52.77,0.01,0.93
2007-04-24,139.16,52.51,0.06,0.87
2007-04-25,138.48,52.26,0.04,0.63
2007-04-26,137.51,51.89,0.04,0.68
2007-04-27,136.54,51.52,0.01,0.95
2007-04-28,135.58,51.16,0.24,0.47
2007-04-29,134.82,50.88,0.49,0.43
2007-04-30,134.34,50.69,0.4,0.47
2007-05-01,133.96,50.55,0.37,
2007-05-02,133.58,50.41,0.05,
2007-05-03,132.72,50.08,0.14,0.7
2007-05-04,131.87,49.76,0.9,0.85
2007-05-05,131.77,49.72,1.54,0.95
2007-05-06,132.63,50.05,1.2,0.94
2007-05-07,133.29,50.3,1.66,0.64
2007-05-08,134.43,50.73,1.62,0.48
2007-05-09,134.91,50.91,1.32,0.47
2007-05-10,134.91,50.91,1.57,1.09
2007-05-11,135.1,50.98,1.43,1.27
2007-05-12,135.1,50.98,1.43,1.33
2007-05-13,135.1,50.98,1.8,1.38
2007-05-14,135.58,51.16,1.66,1.38
2007-05-15,135.97,51.31,1.76,1.27
2007-05-16,136.45,51.49,1.28,1.23
2007-05-17,136.45,51.49,2.06,1.23
2007-05-18,137.41,51.85,2.35,1.23
2007-05-19,138.67,52.33,1.68,1.04
2007-05-20,139.26,52.55,1.38,1.03
2007-05-21,139.55,52.66,0.89,1.04
2007-05-22,139.36,52.59,0.66,1.02
2007-05-23,138.97,52.44,0.41,1.03
2007-05-24,138.29,52.18,0.32,0.99
2007-05-25,137.51,51.89,0.1,1.04
2007-05-26,136.54,51.52,0.98,1.04
2007-05-27,136.45,51.49,0.68,1.02
2007-05-28,135.97,51.31,0.47,1.03
2007-05-29,134.91,50.91,0.6,1.11
2007-05-30,133.96,50.55,1.74,1.47
2007-05-31,134.15,50.62,1.86,1.51
2007-06-01,134.44,50.73,1.08,1.5
2007-06-02,133.96,50.55,0.76,1.52
2007-06-03,133.49,50.37,0.53,1.51
2007-06-04,132.92,50.16,1.19,1.18
2007-06-05,133.01,50.19,0.91,1.05
2007-06-06,132.82,50.12,0.87,1.05
2007-06-07,132.73,50.09,0.7,1.05
2007-06-08,132.35,49.94,0.55,0.91
2007-06-09,131.69,49.69,0.72,1.03
2007-06-10,130.93,49.41,0.8,1.16
2007-06-11,130.27,49.16,0.35,1.43
2007-06-12,128.59,48.52,0.14,1.41
2007-06-13,126.74,47.83,0.1,1.98
2007-06-14,124.81,47.1,0.03,1.94
2007-06-15,122.81,46.34,0.07,1.98
2007-06-16,120.56,45.49,,1.98
2007-06-17,118.07,44.55,0.02,1.98
2007-06-18,115.61,43.63,,1.98
2007-06-19,113.1,42.68,0.02,1.97
2007-06-20,110.62,41.74,,1.97
2007-06-21,108.17,40.82,0.02,1.96
2007-06-22,105.67,39.88,0.04,2.39
2007-06-23,103.21,38.95,0.07,2.47
2007-06-24,100.79,38.03,0.04,2.45
2007-06-25,99.19,37.43,0.05,2.44
2007-06-26,98.56,37.19,0.14,1.59
2007-06-27,98.01,36.98,6.64,0.63
2007-06-28,103.95,39.23,7.5,0.64
2007-06-29,110.36,41.65,2.97,0.65
2007-06-30,110.87,41.84,0.35,1.04
2007-07-01,108.67,41.01,0.09,2.41
2007-07-02,106.91,40.34,0.17,2.51
2007-07-03,105.91,39.97,0.39,1.8
2007-07-04,105.17,39.69,0.39,1.13
2007-07-05,104.43,39.41,0.54,1.09
2007-07-06,103.86,39.19,0.47,1.09
2007-07-07,103.21,38.95,0.07,1.08
2007-07-08,102.15,38.55,0.79,1.08
2007-07-09,101.83,38.43,0.46,1.08
2007-07-10,101.18,38.18,0.32,1.08
2007-07-11,100.38,37.88,0.25,1.06
2007-07-12,99.5,37.55,0.34,1.08
2007-07-13,98.71,37.25,0.17,1.09
2007-07-14,97.76,36.89,0.15,1.09
2007-07-15,96.82,36.54,0.33,1.08
2007-07-16,96.04,36.24,0.6,1.05
2007-07-17,95.5,36.04,0.38,1.07
2007-07-18,94.73,35.75,0.37,1.11
2007-07-19,93.96,35.46,0.39,1.11
2007-07-20,93.19,35.17,0.39,1.1
2007-07-21,92.43,34.88,0.46,1.11
2007-07-22,91.75,34.62,0.59,1.11
2007-07-23,91.22,34.42,0.5,1.11
2007-07-24,91,34.34,1.41,1.07
2007-07-25,91.67,34.59,2.02,0.69
2007-07-26,92.96,35.08,1.88,0.69
2007-07-27,94.11,35.51,0.96,0.69
2007-07-28,94.34,35.6,1.19,0.69
2007-07-29,94.8,35.77,2.59,0.69
2007-07-30,96.67,36.48,1.37,0.69
2007-07-31,97.29,36.71,1.56,0.69
2007-08-01,98.08,37.01,3.29,0.7
2007-08-02,100.23,37.82,4.2,0.74
2007-08-03,103.29,38.98,2.72,1.1
2007-08-04,104.85,39.57,1.16,1.1
2007-08-05,104.85,39.57,0.75,1.12
2007-08-06,104.44,39.41,0.57,1.12
2007-08-07,103.86,39.19,0.42,1.12
2007-08-08,103.13,38.92,1.08,1.11
2007-08-09,103.05,38.89,2.22,1.11
2007-08-10,104.11,39.29,1.4,1.12
2007-08-11,104.36,39.38,0.82,1.12
2007-08-12,104.03,39.26,0.75,1.11
2007-08-13,103.62,39.1,0.59,1.11
2007-08-14,103.05,38.89,0.5,1.12
2007-08-15,102.4,38.64,0.19,1.12
2007-08-16,101.67,38.37,1.32,1.11
2007-08-17,102.24,38.58,2.53,0.88
2007-08-18,104.03,39.26,8.61,0.71
2007-08-19,111.89,42.22,4.21,0.7
2007-08-20,115.35,43.53,1.95,0.71
2007-08-21,116.57,43.99,1.26,0.71
2007-08-22,117.1,44.19,1.96,0.69
2007-08-23,118.33,44.65,4.32,0.69
2007-08-24,121.91,46,4.93,0.69
2007-08-25,126.1,47.58,5.21,0.7
2007-08-26,130.56,49.27,4.35,0.7
2007-08-27,134.15,50.62,2.5,0.71
2007-08-28,135.88,51.28,1.83,0.71
2007-08-29,136.94,51.68,1.51,0.72
2007-08-30,137.71,51.97,1.88,0.72
2007-08-31,138.87,52.4,1.71,0.69
2007-09-01,139.85,52.77,2,0.67
2007-09-02,141.12,53.25,1.62,0.68
2007-09-03,142.01,53.59,1.72,0.68
2007-09-04,143,53.96,2.22,0.68
2007-09-05,144.49,54.52,4.14,0.68
2007-09-06,147.9,55.81,4.4,0.68
2007-09-07,151.56,57.19,3.83,0.68
2007-09-08,154.65,58.36,2.2,0.69
2007-09-09,156.11,58.91,1.56,0.69
2007-09-10,156.94,59.22,1.27,0.69
2007-09-11,157.47,59.42,1.59,0.68
2007-09-12,158.31,59.74,1.37,0.69
2007-09-13,158.94,59.98,1.58,0.7
2007-09-14,159.78,60.29,2.54,0.69
2007-09-15,161.58,60.97,0.74,0.69
2007-09-16,161.58,60.97,1.5,0.69
2007-09-17,162.33,61.26,2.09,0.69
2007-09-18,163.71,61.78,1.39,0.7
2007-09-19,164.36,62.02,1.6,0.66
2007-09-20,165.22,62.35,0.85,0.69
2007-09-21,165.32,62.38,1.07,0.69
2007-09-22,165.65,62.51,0.85,0.7
2007-09-23,165.76,62.55,0.74,0.69
2007-09-24,165.76,62.55,0.74,0.69
2007-09-25,165.76,62.55,0.74,0.69
2007-09-26,165.76,62.55,1.71,0.69
2007-09-27,166.73,62.92,4.13,0.69
2007-09-28,170.1,64.19,8.28,0.69
2007-09-29,177.75,67.08,3.36,0.71
2007-09-30,180.55,68.13,2.46,0.58
2007-10-01,182.46,68.85,1.67,0.51
2007-10-02,183.56,69.27,1.41,0.5
2007-10-03,184.38,69.58,1.57,0.52
2007-10-04,185.34,69.94,0.69,0.54
2007-10-05,185.89,70.15,5.2,0.56
2007-10-06,190.43,71.86,5.28,0.09
2007-10-07,195.41,73.74,3.89,0.61
2007-10-08,199.16,75.15,2.33,0.25
2007-10-09,201.24,75.94,1.97,0.09
2007-10-10,202.64,76.47,2.07,0.2
2007-10-11,204.03,76.99,1.7,0.52
2007-10-12,205.01,77.36,1.42,0.63
2007-10-13,205.71,77.63,1.56,0.67
2007-10-14,206.55,77.94,2.12,0.67
2007-10-15,207.95,78.47,1.82,0.67
2007-10-16,209.07,78.89,2.54,0.67
2007-10-17,210.89,79.58,2.41,0.65
2007-10-18,212.58,80.22,1.84,0.67
2007-10-19,213.7,80.64,2.14,0.67
2007-10-20,215.11,81.17,1.28,0.67
2007-10-21,215.67,81.38,1.15,0.68
2007-10-22,216.1,81.55,1.08,0.67
2007-10-23,216.52,81.71,0.92,0.67
2007-10-24,216.8,81.81,0.94,0.61
2007-10-25,217.08,81.92,1.15,0.59
2007-10-26,217.37,82.03,0.72,0.61
2007-10-27,217.37,82.03,0.72,0.81
2007-10-28,217.37,82.03,0.72,0.67
2007-10-29,217.37,82.03,0.72,0.67
2007-10-30,217.37,82.03,0.72,0.67
2007-10-31,217.37,82.03,0.71,0.67
2007-11-01,217.37,82.03,0.86,0.67
2007-11-02,217.51,82.08,2.1,0.66
2007-11-03,218.92,82.61,7.89,0.67
2007-11-04,226.43,85.45,4.69,0.64
2007-11-05,230.71,87.06,1.89,0.33
2007-11-06,232.42,87.71,1.5,0.36
2007-11-07,233.57,88.14,1.05,0.13
2007-11-08,234.14,88.35,1.36,0.3
2007-11-09,235,88.68,1.13,0.43
2007-11-10,235.43,88.84,0.7,0.45
2007-11-11,235.43,88.84,1.21,0.65
2007-11-12,236.14,89.11,0.97,0.65
2007-11-13,236.57,89.27,0.93,0.45
2007-11-14,237,89.43,0.93,0.49
2007-11-15,237.43,89.6,0.93,0.45
2007-11-16,237.86,89.76,0.99,0.45
2007-11-17,238.15,89.87,0.97,0.45
2007-11-18,237.86,89.76,0.4,0.65
2007-11-19,237,89.43,1.12,1.21
2007-11-20,236.86,89.38,0.83,1.21
2007-11-21,236.43,89.22,0.82,1.21
2007-11-22,236,89.06,0.7,1.21
2007-11-23,235.43,88.84,0.69,1.2
2007-11-24,234.85,88.62,0.07,1.22
2007-11-25,234.42,88.46,0.59,1.22
2007-11-26,234.57,88.52,0.67,0.45
2007-11-27,235,88.68,0.52,0.39
2007-11-28,235.28,88.78,0.43,0.19
2007-11-29,235.28,88.78,0.66,0.19
2007-11-30,235.43,88.84,0.5,0.5
2007-12-01,235.43,88.84,0.51,0.46
2007-12-02,235.43,88.84,0.58,0.45
2007-12-03,235.57,88.89,0.49,0.46
2007-12-04,235.86,89,0.38,0.39
2007-12-05,236,89.06,0.44,0.15
2007-12-06,236,89.06,0.41,0.19
2007-12-07,235.86,89,0.5,0.39
2007-12-08,235.86,89,0.37,0.17
2007-12-09,235.71,88.95,0.46,0.45
2007-12-10,235.71,88.95,0.38,0.47
2007-12-11,235.86,89,0.33,0.41
2007-12-12,236,89.06,0.57,0.18
2007-12-13,236.14,89.11,0.21,0.14
2007-12-14,235.28,88.78,0.28,0.35
2007-12-15,233.99,88.3,0.17,1.02
2007-12-16,232.71,87.82,0.19,1.52
2007-12-17,231.56,87.38,0.18,1.4
2007-12-18,230.71,87.06,0.12,1.29
2007-12-19,229.85,86.74,0.11,0.98
2007-12-20,229,86.42,0.1,0.93
2007-12-21,228,86.04,0.1,0.91
2007-12-22,226.72,85.55,0.09,1.05
2007-12-23,225.44,85.07,0.09,1.33
2007-12-24,224.3,84.64,0.02,1.32
2007-12-25,224.16,84.59,0.02,1.18
2007-12-26,224.02,84.54,0.41,0.11
2007-12-27,224.02,84.54,0.28,0.11
2007-12-28,223.88,84.48,0.22,0.16
2007-12-29,223.45,84.32,0.22,0.37
2007-12-30,223.03,84.16,0.2,0.6
2007-12-31,222.74,84.05,0.2,0.59
2008-01-01,223.14,84.2,0.3,0.44
2008-01-02,223.28,84.26,0.3,0.11
2008-01-03,223.43,84.31,0.26,0.11
2008-01-04,223.43,84.31,0.28,0.21
2008-01-05,223.28,84.26,0.22,0.37
2008-01-06,222.86,84.1,0.22,0.6
2008-01-07,222.43,83.94,0.24,0.6
2008-01-08,222.15,83.83,0.3,0.47
2008-01-09,222.29,83.88,0.33,0.11
2008-01-10,222.43,83.94,0.39,0.14
2008-01-11,222.43,83.94,0.17,0.34
2008-01-12,221.58,83.62,,0.97
2008-01-13,220.45,83.19,,1.02
2008-01-14,219.32,82.76,0.22,1.05
2008-01-15,218.61,82.49,0.39,0.88
2008-01-16,218.33,82.39,0.37,0.62
2008-01-17,217.63,82.12,,1.03
2008-01-18,216.21,81.59,,1.32
2008-01-19,214.67,81.01,0.07,1.43
2008-01-20,213.26,80.48,0.07,1.43
2008-01-21,211.85,79.94,0.11,1.43
2008-01-22,210.59,79.47,,1.33
2008-01-23,209.89,79.2,0.18,0.34
2008-01-24,209.61,79.1,0.18,0.41
2008-01-25,209.05,78.89,,0.69
2008-01-26,208.21,78.57,,0.76
2008-01-27,207.23,78.2,0.12,0.75
2008-01-28,206.53,77.94,0.37,0.77
2008-01-29,206.11,77.78,0.8,0.74
2008-01-30,205.83,77.67,1.08,1.03
2008-01-31,205.83,77.67,,1.03
2008-02-01,203.46,76.78,0.58,1.42
2008-02-02,202.48,76.41,1.21,1.5
2008-02-03,202.2,76.3,0.89,1.43
2008-02-04,201.64,76.09,0.47,1.39
2008-02-05,200.67,75.72,,1.39
2008-02-06,199.97,75.46,0.48,0.62
2008-02-07,199.84,75.41,0.25,0.56
2008-02-08,199.42,75.25,0.27,0.61
2008-02-09,198.86,75.04,0.27,0.77
2008-02-10,198.31,74.83,0.13,0.77
2008-02-11,197.61,74.57,0.52,0.77
2008-02-12,197.47,74.52,0.33,0.6
2008-02-13,197.47,74.52,0.25,0.27
2008-02-14,196.64,74.2,,1.03
2008-02-15,195.26,73.68,,1.33
2008-02-16,193.6,73.06,,1.49
2008-02-17,191.94,72.43,0.02,1.49
2008-02-18,190.42,71.86,0.02,1.48
2008-02-19,189.18,71.39,,1.2
2008-02-20,188.22,71.03,,0.84
2008-02-21,187.39,70.71,0.06,0.38
2008-02-22,186.7,70.45,0.13,0.69
2008-02-23,186.02,70.2,0.14,0.7
2008-02-24,185.33,69.94,0.14,0.77
2008-02-25,184.64,69.68,0.22,0.77
2008-02-26,184.23,69.52,0.77,0.58
2008-02-27,184.23,69.52,,0.71
2008-02-28,182.86,69,,0.91
2008-02-29,171.47,64.7,,1.42
2008-03-01,179.72,67.82,0.13,1.53
2008-03-02,178.26,67.27,0.22,1.53
2008-03-03,176.92,66.76,0.25,1.51
2008-03-04,175.69,66.3,0.26,1.42
2008-03-05,174.58,65.88,0.28,1.31
2008-03-06,173.47,65.46,,1.33
2008-03-07,171.93,64.88,0.18,1.12
2008-03-08,170.5,64.34,0.18,1.55
2008-03-09,169.08,63.8,0.2,1.54
2008-03-10,167.67,63.27,0.19,1.55
2008-03-11,166.26,62.74,0.2,1.54
2008-03-12,164.86,62.21,0.2,1.54
2008-03-13,163.47,61.69,0.12,1.54
2008-03-14,161.98,61.12,0.12,1.55
2008-03-15,160.5,60.57,0.04,1.55
2008-03-16,158.92,59.97,,1.56
2008-03-17,157.24,59.34,0.29,1.6
2008-03-18,156.09,58.9,0.1,1.38
2008-03-19,155.26,58.59,,0.87
2008-03-20,154.23,58.2,0.18,0.97
2008-03-21,152.99,57.73,0.2,1.36
2008-03-22,151.65,57.23,0.25,1.48
2008-03-23,150.23,56.69,0.17,1.52
2008-03-24,148.91,56.19,0.17,1.54
2008-03-25,147.69,55.73,0.05,1.33
2008-03-26,146.59,55.32,0.06,1.1
2008-03-27,145.29,54.83,0.19,1.31
2008-03-28,143.89,54.3,0.18,1.53
2008-03-29,142.51,53.78,0.28,1.51
2008-03-30,140.84,53.15,0.08,1.9
2008-03-31,138.98,52.45,0.17,1.88
2008-04-01,137.14,51.75,,1.96
2008-04-02,135.13,50.99,,1.95
2008-04-03,133.13,50.24,,1.91
2008-04-04,131.33,49.56,0.1,1.57
2008-04-05,129.83,48.99,0.1,1.54
2008-04-06,128.34,48.43,0.17,1.53
2008-04-07,126.96,47.91,0.17,1.5
2008-04-08,125.58,47.39,0.18,1.49
2008-04-09,124.21,46.87,0.28,1.49
2008-04-10,122.94,46.39,0.13,1.49
2008-04-11,121.5,45.85,0.29,1.34
2008-04-12,120.07,45.31,0.26,1.36
2008-04-13,118.29,44.64,0.07,1.38
2008-04-14,116.36,43.91,,1.37
2008-04-15,114.36,43.15,,1.36
2008-04-16,112.38,42.41,,1.36
2008-04-17,110.34,41.64,,1.35
2008-04-18,108.48,40.94,0.1,1.34
2008-04-19,106.98,40.37,0.19,1.34
2008-04-20,105.58,39.84,0.19,1.33
2008-04-21,104.18,39.31,,1.32
2008-04-22,102.88,38.82,,0.6
2008-04-23,101.91,38.46,0.03,0.86
2008-04-24,100.71,38,0.04,0.62
2008-04-25,99.27,37.46,0.26,1.1
2008-04-26,98.01,36.98,0.38,1.3
2008-04-27,96.84,36.54,0.24,1.3
2008-04-28,95.59,36.07,,1.16
2008-04-29,93.9,35.43,1.68,0.48
2008-04-30,94.67,35.72,0.63,0.86
2008-05-01,94.21,35.55,0.89,1.04
2008-05-02,94.13,35.52,0.75,0.92
2008-05-03,93.98,35.46,0.32,0.85
2008-05-04,93.98,35.46,1.37,0.16
2008-05-05,94.98,35.84,1.25,0.28
2008-05-06,95.83,36.16,0.93,0.34
2008-05-07,96.37,36.37,0.95,0.34
2008-05-08,96.92,36.57,0.6,0.34
2008-05-09,96.99,36.6,0.55,0.62
2008-05-10,96.99,36.6,0.46,0.68
2008-05-11,96.84,36.54,0.46,0.78
2008-05-12,96.68,36.48,0.46,0.78
2008-05-13,96.53,36.43,0.62,0.78
2008-05-14,96.53,36.43,0.54,0.78
2008-05-15,96.45,36.4,0.62,0.78
2008-05-16,96.45,36.4,0.62,0.78
2008-05-17,96.84,36.54,0.42,0.18
2008-05-18,97.07,36.63,0.39,0.14
2008-05-19,97.23,36.69,0.39,0.18
2008-05-20,97.38,36.75,0.46,0.18
2008-05-21,97.62,36.84,0.31,0.18
2008-05-22,97.7,36.87,0.31,0.18
2008-05-23,97.78,36.9,0.23,0.18
2008-05-24,97.78,36.9,0.22,0.18
2008-05-25,97.78,36.9,0.27,0.17
2008-05-26,97.7,36.87,0.57,0.13
2008-05-27,97.7,36.87,0.49,0.68
2008-05-28,97.62,36.84,0.33,0.72
2008-05-29,97.38,36.75,0.45,0.68
2008-05-30,97.23,36.69,0.36,0.56
2008-05-31,96.84,36.54,0.52,1.04
2008-06-01,96.6,36.45,0.9,1.04
2008-06-02,96.76,36.51,0.93,0.85
2008-06-03,97.46,36.78,1.52,0.36
2008-06-04,98.8,37.28,1.16,0.14
2008-06-05,99.91,37.7,1.82,
2008-06-06,101.51,38.31,3.81,
2008-06-07,105.08,39.65,3.37,0.19
2008-06-08,108.23,40.84,2,0.17
2008-06-09,110,41.51,1.34,0.19
2008-06-10,111.1,41.92,0.58,0.19
2008-06-11,111.55,42.09,0.67,0.19
2008-06-12,111.98,42.26,0.57,0.19
2008-06-13,112.32,42.38,0.49,0.19
2008-06-14,112.58,42.48,0.41,0.18
2008-06-15,112.75,42.55,0.31,0.18
2008-06-16,112.84,42.58,0.38,0.19
2008-06-17,112.75,42.55,0.15,0.18
2008-06-18,112.41,42.42,0.5,0.48
2008-06-19,112.41,42.42,0.59,0.45
2008-06-20,112.32,42.38,0.23,0.45
2008-06-21,112.32,42.38,0.23,0.9
2008-06-22,112.15,42.32,0.29,0.18
2008-06-23,111.98,42.26,0.2,0.35
2008-06-24,111.72,42.16,0.3,0.41
2008-06-25,111.13,41.94,0.22,0.46
2008-06-26,110.45,41.68,0.09,1.34
2008-06-27,109.77,41.42,0.48,1.34
2008-06-28,109.26,41.23,0.4,0.72
2008-06-29,108.67,41.01,0.7,0.94
2008-06-30,108.08,40.78,0.8,1.52
2008-07-01,108.48,40.94,0.84,1.6
2008-07-02,107.73,40.65,0.84,1.68
2008-07-03,106.73,40.28,0.89,1.68
2008-07-04,105.58,39.84,0.9,1.73
2008-07-05,104.51,39.44,0.82,1.76
2008-07-06,103.53,39.07,0.87,1.7
2008-07-07,102.64,38.73,0.87,1.75
2008-07-08,102.48,38.67,0.87,1.74
2008-07-09,102.23,38.58,0.87,1.74
2008-07-10,101.91,38.46,0.85,1.74
2008-07-11,103.29,38.98,0.79,1.7
2008-07-12,105.91,39.97,0.18,1.58
2008-07-13,107.15,40.43,0.8,0.76
2008-07-14,107.32,40.5,0.8,1.6
2008-07-15,107.32,40.5,0.55,1.6
2008-07-16,107.15,40.43,0.18,1.1
2008-07-17,106.9,40.34,0.18,0.98
2008-07-18,106.65,40.25,0.18,0.98
2008-07-19,106.32,40.12,0.19,0.98
2008-07-20,105.99,40,0.18,0.99
2008-07-21,106.4,40.15,0.79,0.97
2008-07-22,106.4,40.15,0.8,1.58
2008-07-23,110.68,41.77,0.81,1.6
2008-07-24,113.07,42.67,0.81,1.62
2008-07-25,115.31,43.51,0.18,1.62
2008-07-26,117.06,44.17,0.17,0.99
2008-07-27,118.12,44.57,0.82,0.9
2008-07-28,118.56,44.74,0.82,1.64
2008-07-29,118.91,44.87,0.82,1.64
2008-07-30,119,44.91,0.82,1.64
2008-07-31,118.91,44.87,0.18,1.64
2008-08-01,118.82,44.84,0.82,1
2008-08-02,118.73,44.8,0.82,1.64
2008-08-03,120.07,45.31,0.82,1.64
2008-08-04,123.3,46.53,0.78,1.64
2008-08-05,126.59,47.77,0.79,1.56
2008-08-06,128.06,48.32,0.79,1.58
2008-08-07,128.44,48.47,0.72,1.58
2008-08-08,128.71,48.57,0.61,1.25
2008-08-09,128.9,48.64,0.75,1.22
2008-08-10,129.65,48.92,0.8,1.5
2008-08-11,130.77,49.35,0.8,1.6
2008-08-12,131.61,49.66,0.8,1.6
2008-08-13,132.46,49.98,0.71,1.6
2008-08-14,133.41,50.34,0.71,1.42
2008-08-15,134.46,50.74,0.71,1.42
2008-08-16,136.66,51.57,0.71,1.42
2008-08-17,137.14,51.75,0.73,1.42
2008-08-18,136.47,51.5,0.76,1.46
2008-08-19,135.7,51.21,0.76,1.52
2008-08-20,135.22,51.03,0.76,1.52
2008-08-21,134.65,50.81,0.76,1.52
2008-08-22,134.08,50.6,0.76,1.52
2008-08-23,134.74,50.85,0.73,1.52
2008-08-24,135.03,50.95,0.71,1.46
2008-08-25,134.46,50.74,0.76,1.42
2008-08-26,133.7,50.45,0.76,1.52
2008-08-27,132.84,50.13,0.76,1.52
2008-08-28,131.71,49.7,0.75,1.52
2008-08-29,134.84,50.88,0.76,1.5
2008-08-30,138.89,52.41,0.73,1.52
2008-08-31,140.15,52.89,0.74,1.46
2008-09-01,139.86,52.78,2.03,1.48
2008-09-02,140.54,53.03,5.24,1.36
2008-09-03,145.09,54.75,2.75,1.12
2008-09-04,147.19,55.54,2.02,1.02
2008-09-05,148.6,56.08,1.48,0.94
2008-09-06,149.51,56.42,4.06,0.52
2008-09-07,152.78,57.65,6.98,1.3
2008-09-08,159.02,60.01,6.75,1.38
2008-09-09,165.19,62.34,5.44,1.06
2008-09-10,170.17,64.22,4.5,0.4
2008-09-11,174.13,65.71,3.15,0.8
2008-09-12,176.58,66.63,2.64,1.12
2008-09-13,178.37,67.31,2.9,0.8
2008-09-14,180.4,68.08,4.88,1.46
2008-09-15,184.37,69.57,6.34,1.54
2008-09-16,189.87,71.65,5.87,1.4
2008-09-17,194.98,73.58,4.8,1.24
2008-09-18,199,75.09,3.92,1.26
2008-09-19,202.06,76.25,5.49,0.81
2008-09-20,206.67,77.99,3.97,1.48
2008-09-21,209.75,79.15,4.25,1.48
2008-09-22,213.12,80.42,4.53,1.48
2008-09-23,216.78,81.8,3.75,1.44
2008-09-24,219.74,82.92,3.34,1.28
2008-09-25,222.29,83.88,2.78,1.3
2008-09-26,224.28,84.63,1.93,1.3
2008-09-27,225.41,85.06,1.78,1.3
2008-09-28,226.41,85.44,1.88,1.28
2008-09-29,227.55,85.87,1.79,1.2
2008-09-30,228.54,86.24,2.25,1.3
2008-10-01,229.97,86.78,1.71,1.36
2008-10-02,230.97,87.16,2.14,1.32
2008-10-03,232.39,87.69,2.17,1.31
2008-10-04,233.97,88.29,1.97,1.08
2008-10-05,235.25,88.77,1.83,1.26
2008-10-06,236.4,89.21,4.27,1.26
2008-10-07,239.99,90.56,3.13,1.26
2008-10-08,242.43,91.48,4.24,1.26
2008-10-09,246.04,92.85,2.31,1.16
2008-10-10,247.63,93.45,2.95,1.12
2008-10-11,249.95,94.32,2.57,0.96
2008-10-12,251.83,95.03,1.99,1.06
2008-10-13,253.14,95.52,1.52,1.06
2008-10-14,254.01,95.85,1.35,0.98
2008-10-15,254.74,96.13,1.28,0.94
2008-10-16,255.32,96.35,0.94,1.02
2008-10-17,255.61,96.46,1.03,0.98
2008-10-18,256.05,96.62,0.92,0.88
2008-10-19,256.34,96.73,0.92,0.94
2008-10-20,256.63,96.84,0.77,0.94
2008-10-21,256.78,96.9,1.11,0.94
2008-10-22,257.36,97.12,1.07,0.94
2008-10-23,257.94,97.34,2.09,0.86
2008-10-24,259.55,97.94,1.92,0.86
2008-10-25,261.01,98.49,1.94,0.82
2008-10-26,262.47,99.05,1.61,0.84
2008-10-27,263.64,99.49,1.26,0.76
2008-10-28,264.37,99.76,2.12,0.74
2008-10-29,265.99,100.37,2.04,0.67
2008-10-30,267.16,100.82,1.47,1.06
2008-10-31,268.19,101.2,1.16,0.56
2008-11-01,268.92,101.48,1.14,0.54
2008-11-02,269.66,101.76,2.04,0.5
2008-11-03,271.28,102.37,2.17,0.52
2008-11-04,273.2,103.09,1.29,
2008-11-05,274.08,103.43,1.34,0.3
2008-11-06,274.97,103.76,1.04,0.4
2008-11-07,275.56,103.98,1.37,0.38
2008-11-08,276.45,104.32,1.4,0.43
2008-11-09,277.33,104.65,1.02,0.46
2008-11-10,277.93,104.88,0.82,0.34
2008-11-11,278.22,104.99,1.05,0.34
2008-11-12,278.07,104.93,1.12,0.34
2008-11-13,277.48,104.71,0.67,0.48
2008-11-14,276.3,104.26,,0.5
2008-11-15,275.56,103.98,0.4,0.36
2008-11-16,275.71,104.04,0.67,0.27
2008-11-17,275.86,104.1,0.67,0.54
2008-11-18,276,104.15,0.59,0.54
2008-11-19,276.15,104.21,0.66,0.33
2008-11-20,276.3,104.26,0.8,0.5
2008-11-21,276.59,104.37,0.49,0.5
2008-11-22,276.59,104.37,0.63,0.46
2008-11-23,276.74,104.43,0.62,0.46
2008-11-24,276.89,104.49,0.62,0.48
2008-11-25,277.04,104.54,0.63,0.44
2008-11-26,277.19,104.6,0.54,0.44
2008-11-27,277.33,104.65,0.22,0.36
2008-11-28,277.33,104.65,0.48,0.44
2008-11-29,277.33,104.65,0.45,0.44
2008-11-30,277.33,104.65,0.22,0.38
2008-12-01,276.79,104.45,1.22,0.28
2008-12-02,276.79,104.45,0.43,1.15
2008-12-03,276.79,104.45,0.32,0.36
2008-12-04,276.64,104.39,0.34,0.43
2008-12-05,276.49,104.34,0.48,0.48
2008-12-06,276.49,104.34,0.49,0.48
2008-12-07,276.49,104.34,0.34,0.48
2008-12-08,276.34,104.28,0.43,0.48
2008-12-09,276.19,104.22,0.37,0.53
2008-12-10,276.05,104.17,0.32,0.48
2008-12-11,275.9,104.11,0.21,0.42
2008-12-12,275.75,104.06,0.45,0.31
2008-12-13,275.75,104.06,0.26,0.4
2008-12-14,275.6,104,0.19,0.37
2008-12-15,275.46,103.95,0.19,0.29
2008-12-16,275.31,103.89,0.19,0.3
2008-12-17,275.16,103.83,0.21,0.29
2008-12-18,275.01,103.78,0.33,0.22
2008-12-19,274.86,103.72,0.22,0.44
2008-12-20,274.57,103.61,0.41,0.52
2008-12-21,274.42,103.55,0.36,0.62
2008-12-22,274.27,103.5,0.05,0.52
2008-12-23,273.83,103.33,0.34,0.48
2008-12-24,273.68,103.28,0.35,0.48
2008-12-25,273.53,103.22,0.37,0.5
2008-12-26,273.39,103.17,0.39,0.54
2008-12-27,273.24,103.11,0.33,0.58
2008-12-28,273.09,103.05,0.3,0.46
2008-12-29,272.94,103,0.39,0.39
2008-12-30,272.8,102.94,0.33,0.52
2008-12-31,272.65,102.89,0.21,0.52
2009-01-01,272.75,102.92,0.24,0.25
2009-01-02,272.46,102.82,0.35,0.24
2009-01-03,272.31,102.76,0.35,0.24
2009-01-04,272.16,102.7,0.27,0.24
2009-01-05,272.02,102.65,0.22,0.24
2009-01-06,271.72,102.54,0.22,0.26
2009-01-07,271.43,102.43,0.16,0.2
2009-01-08,271.13,102.31,0.25,0.28
2009-01-09,270.84,102.2,0.23,0.28
2009-01-10,270.54,102.09,0.52,0.27
2009-01-11,270.54,102.09,0.07,0.23
2009-01-12,270.1,101.92,0.23,0.26
2009-01-13,269.81,101.82,0.23,0.27
2009-01-14,269.51,101.7,0.23,0.27
2009-01-15,269.22,101.59,0.25,0.27
2009-01-16,268.92,101.48,0.22,0.29
2009-01-17,268.63,101.37,0.26,0.26
2009-01-18,268.34,101.26,0.23,0.21
2009-01-19,268.04,101.15,0.28,0.27
2009-01-20,267.75,101.04,0.38,0.28
2009-01-21,267.31,100.87,0.19,0.3
2009-01-22,266.72,100.65,0.12,0.24
2009-01-23,265.99,100.37,0.12,0.32
2009-01-24,265.25,100.09,0.11,0.3
2009-01-25,264.52,99.82,0.14,0.31
2009-01-26,263.79,99.54,0.11,0.31
2009-01-27,263.06,99.27,0.1,0.3
2009-01-28,262.32,98.99,0.15,0.3
2009-01-29,261.59,98.71,0.03,0.31
2009-01-30,260.86,98.44,0.07,0.31
2009-01-31,260.13,98.16,0.1,0.3
2009-02-01,259.4,97.89,0.11,0.3
2009-02-02,258.27,97.46,0.16,0.3
2009-02-03,257.94,97.34,0.25,0.31
2009-02-04,257.21,97.06,0.18,0.3
2009-02-05,256.48,96.78,0.26,0.31
2009-02-06,255.76,96.51,0.25,0.31
2009-02-07,255.03,96.24,0.23,0.3
2009-02-08,254.3,95.96,0.22,0.3
2009-02-09,253.57,95.69,0.26,0.3
2009-02-10,252.85,95.42,0.17,0.3
2009-02-11,252.12,95.14,0.26,0.3
2009-02-12,251.4,94.87,0.28,0.3
2009-02-13,250.67,94.59,0.28,0.32
2009-02-14,249.95,94.32,0.26,0.32
2009-02-15,249.22,94.05,0.27,0.3
2009-02-16,248.5,93.77,0.14,0.31
2009-02-17,247.63,93.45,0.37,0.27
2009-02-18,246.76,93.12,0.08,0.31
2009-02-19,245.61,92.68,,0.3
2009-02-20,244.02,92.08,0.08,0.29
2009-02-21,242.87,91.65,0.11,0.31
2009-02-22,241.71,91.21,0.1,0.32
2009-02-23,240.56,90.78,0.12,0.32
2009-02-24,239.41,90.34,0.03,0.32
2009-02-25,238.26,89.91,0.38,0.32
2009-02-26,237.12,89.48,0.34,0.34
2009-02-27,235.83,88.99,,0.25
2009-02-28,234.11,88.34,0.04,0.29
2009-03-01,232.96,87.91,0.01,0.33
2009-03-02,231.68,87.43,0.04,0.36
2009-03-03,230.39,86.94,0.03,0.38
2009-03-04,229.11,86.46,0.02,0.36
2009-03-05,227.83,85.97,0.01,0.35
2009-03-06,226.55,85.49,0.35,0.34
2009-03-07,225.13,84.95,,0.34
2009-03-08,223.08,84.18,,1.34
2009-03-09,221.44,83.56,,1.34
2009-03-10,219.6,82.87,,0.34
2009-03-11,217.77,82.18,,0.34
2009-03-12,215.93,81.48,,0.34
2009-03-13,214.1,80.79,,0.34
2009-03-14,212.27,80.1,,0.34
2009-03-15,210.45,79.42,,0.33
2009-03-16,208.49,78.68,,0.4
2009-03-17,206.53,77.94,,0.41
2009-03-18,204.71,77.25,,0.35
2009-03-19,203.04,76.62,,0.21
2009-03-20,201.37,75.99,,1.35
2009-03-21,199.56,75.31,,0.33
2009-03-22,196.92,74.31,0.73,0.34
2009-03-23,195.81,73.89,,0.45
2009-03-24,193.87,73.16,,0.47
2009-03-25,192.08,72.48,,0.34
2009-03-26,190.28,71.8,,0.3
2009-03-27,188.35,71.08,0.03,0.35
2009-03-28,186.43,70.35,0.09,0.4
2009-03-29,184.23,69.52,,0.43
2009-03-30,181.77,68.59,,0.46
2009-03-31,179.38,67.69,,0.43
2009-04-01,177.03,66.8,0.25,0.35
2009-04-02,174.69,65.92,,0.32
2009-04-03,172.7,65.17,,0.14
2009-04-04,170.72,64.42,,0.35
2009-04-05,168.76,63.68,0.49,0.33
2009-04-06,166.91,62.98,0.03,0.36
2009-04-07,164.65,62.13,0.04,0.32
2009-04-08,162.41,61.29,0.05,0.3
2009-04-09,160.18,60.45,,0.3
2009-04-10,157.87,59.57,,0.34
2009-04-11,155.47,58.67,0.03,0.45
2009-04-12,153.09,57.77,,0.47
2009-04-13,150.43,56.77,0.04,0.56
2009-04-14,147.9,55.81,,0.57
2009-04-15,145.39,54.86,0.04,0.54
2009-04-16,143,53.96,0.01,0.53
2009-04-17,140.54,53.03,,0.59
2009-04-18,137.92,52.05,,0.55
2009-04-19,134.84,50.88,,0.44
2009-04-20,132.18,49.88,,0.19
2009-04-21,130.3,49.17,,0.17
2009-04-22,128.44,48.47,,0.15
2009-04-23,126.77,47.84,,0.26
2009-04-24,125.39,47.32,,0.28
2009-04-25,124.03,46.8,0.01,0.24
2009-04-26,122.94,46.39,0.34,0.26
2009-04-27,121.5,45.85,0.39,0.28
2009-04-28,120.07,45.31,0.25,0.21
2009-04-29,118.56,44.74,0.19,0.14
2009-04-30,117.06,44.17,0.26,0.07
2009-05-01,115.57,43.61,0.11,0.17
2009-05-02,113.93,42.99,0.12,0.15
2009-05-03,112.29,42.37,0.15,0.16
2009-05-04,110.59,41.73,,0.16
2009-05-05,109.32,41.25,0.02,0.11
2009-05-06,108.65,41,0.37,0.09
2009-05-07,108.4,40.91,0.62,0.09
2009-05-08,108.48,40.94,,0.09
2009-05-09,107.9,40.72,,0.15
2009-05-10,107.32,40.5,0.08,0.17
2009-05-11,106.57,40.22,0.05,0.21
2009-05-12,105.99,40,0.69,0.23
2009-05-13,105.99,40,0.22,0.23
2009-05-14,105.41,39.78,0.35,0.27
2009-05-15,105.08,39.65,1.09,0.27
2009-05-16,105.58,39.84,1.01,0.16
2009-05-17,106.07,40.03,0.87,0.07
2009-05-18,106.49,40.18,0.72,
2009-05-19,106.73,40.28,0.49,
2009-05-20,106.73,40.28,0.49,
2009-05-21,106.73,40.28,0.34,
2009-05-22,106.57,40.22,0.48,
2009-05-23,106.4,40.15,0.17,
2009-05-24,106.24,40.09,0.33,
2009-05-25,106.07,40.03,0.18,
2009-05-26,106.62,40.23,0.49,
2009-05-27,105.74,39.9,0.49,
2009-05-28,105.74,39.9,0.39,
2009-05-29,105.66,39.87,0.78,
2009-05-30,106.42,40.16,1.87,0.27
2009-05-31,106.73,40.28,3.12,0.59
2009-06-01,109.07,41.16,3.7,0.48
2009-06-02,112.47,42.44,2.9,0.4
2009-06-03,115.31,43.51,1.52,0.14
2009-06-04,116.62,44.01,0.72,0.14
2009-06-05,116.97,44.14,0.57,0.18
2009-06-06,117.24,44.24,0.62,0.12
2009-06-07,117.59,44.37,0.54,0.08
2009-06-08,117.85,44.47,0.52,0.14
2009-06-09,118.03,44.54,1.08,0.14
2009-06-10,118.73,44.8,0.94,0.14
2009-06-11,119.36,45.04,0.83,0.17
2009-06-12,119.8,45.21,0.7,0.22
2009-06-13,120.07,45.31,0.62,0.25
2009-06-14,120.25,45.38,0.5,0.24
2009-06-15,120.25,45.38,0.36,0.27
2009-06-16,120.07,45.31,0.35,0.27
2009-06-17,119.89,45.24,1.35,0.27
2009-06-18,120.69,45.54,1.84,0.32
2009-06-19,122.13,46.09,1.32,0.38
2009-06-20,122.94,46.39,1.09,0.4
2009-06-21,123.48,46.6,0.96,0.43
2009-06-22,123.75,46.7,0.62,0.49
2009-06-23,123.66,46.66,0.53,0.47
2009-06-24,123.48,46.6,0.47,0.45
2009-06-25,123.21,46.49,0.39,0.46
2009-06-26,122.85,46.36,0.33,0.47
2009-06-27,122.4,46.19,0.28,0.48
2009-06-28,121.95,46.02,0.27,0.5
2009-06-29,121.41,45.82,0.27,0.5
2009-06-30,120.87,45.61,0.19,0.5
2009-07-01,120.33,45.41,0.26,0.5
2009-07-02,119.8,45.21,1.11,0.5
2009-07-03,120.25,45.38,0.42,0.5
2009-07-04,119.89,45.24,0.26,0.5
2009-07-05,119.36,45.04,0.26,0.5
2009-07-06,118.82,44.84,0.46,0.5
2009-07-07,118.56,44.74,2.14,0.5
2009-07-08,120.25,45.38,2.92,0.48
2009-07-09,122.85,46.36,1.37,0.47
2009-07-10,123.66,46.66,0.82,0.45
2009-07-11,123.85,46.74,0.62,0.44
2009-07-12,123.75,46.7,0.4,0.47
2009-07-13,123.39,46.56,0.4,0.48
2009-07-14,123.03,46.43,0.52,0.48
2009-07-15,122.85,46.36,0.62,0.48
2009-07-16,122.76,46.32,0.47,0.48
2009-07-17,122.58,46.26,0.47,0.48
2009-07-18,122.22,46.12,0.35,0.48
2009-07-19,121.77,45.95,1.43,0.51
2009-07-20,122.49,46.22,1.2,0.56
2009-07-21,122.94,46.39,1.22,0.55
2009-07-22,122.95,46.4,1.18,0.46
2009-07-23,124.12,46.84,0.93,0.49
2009-07-24,124.3,46.91,0.72,0.54
2009-07-25,124.3,46.91,0.63,0.49
2009-07-26,124.21,46.87,0.42,0.48
2009-07-27,123.85,46.74,0.46,0.5
2009-07-28,123.48,46.6,0.84,0.54
2009-07-29,123.12,46.46,0.51,0.56
2009-07-30,122.04,46.05,0.43,0.52
2009-07-31,120.87,45.61,0.2,0.51
2009-08-01,119.62,45.14,,0.52
2009-08-02,118.82,44.84,0.36,0.52
2009-08-03,118.38,44.67,0.9,0.52
2009-08-04,118.56,44.74,0.9,0.52
2009-08-05,118.73,44.8,0.67,0.52
2009-08-06,118.65,44.77,0.51,0.49
2009-08-07,118.38,44.67,0.51,0.52
2009-08-08,118.12,44.57,1.2,0.52
2009-08-09,118.65,44.77,3.89,0.52
2009-08-10,122.31,46.15,2.03,0.52
2009-08-11,123.94,46.77,0.87,0.52
2009-08-12,124.3,46.91,0.79,0.52
2009-08-13,124.39,46.94,0.46,0.51
2009-08-14,124.21,46.87,0.84,0.51
2009-08-15,124.48,46.97,1.09,0.48
2009-08-16,125.03,47.18,1.55,0.5
2009-08-17,126.13,47.6,1.25,0.5
2009-08-18,126.86,47.87,1.25,0.5
2009-08-19,127.6,48.15,1.1,0.5
2009-08-20,128.18,48.37,0.78,0.5
2009-08-21,128.34,48.43,0.57,0.5
2009-08-22,128.25,48.4,0.49,0.51
2009-08-23,128.06,48.32,0.89,0.51
2009-08-24,128.25,48.4,0.94,0.51
2009-08-25,128.62,48.54,1.17,0.49
2009-08-26,129.18,48.75,1.88,0.51
2009-08-27,130.3,49.17,1.4,0.54
2009-08-28,131.05,49.45,1,0.46
2009-08-29,131.43,49.6,1.8,0.46
2009-08-30,132.56,50.02,2.1,0.46
2009-08-31,133.98,50.56,2.7,0.46
2009-09-01,135.99,51.32,2.22,0.46
2009-09-02,137.53,51.9,1.54,0.33
2009-09-03,138.69,52.34,1.69,0.29
2009-09-04,140.05,52.85,1.66,0.24
2009-09-05,141.43,53.37,1.23,0.24
2009-09-06,142.31,53.7,0.73,0.28
2009-09-07,142.71,53.85,0.63,0.28
2009-09-08,143,53.96,1.1,0.28
2009-09-09,143.8,54.26,0.92,0.25
2009-09-10,144.39,54.49,0.86,0.27
2009-09-11,144.89,54.68,0.83,0.31
2009-09-12,145.29,54.83,0.93,0.38
2009-09-13,145.79,55.02,0.53,0.38
2009-09-14,145.89,55.05,0.54,0.38
2009-09-15,145.99,55.09,0.7,0.39
2009-09-16,146.29,55.2,0.88,0.35
2009-09-17,146.97,55.46,2.46,0.33
2009-09-18,148.81,56.15,10.82,0.3
2009-09-19,159.76,60.29,6.16,0.14
2009-09-20,166.26,62.74,2.56,
2009-09-21,168.86,63.72,1.54,0.1
2009-09-22,170.17,64.22,1.02,0.29
2009-09-23,170.83,64.46,6.19,0.37
2009-09-24,177.25,66.89,3.06,0.34
2009-09-25,180.29,68.03,2.26,0.3
2009-09-26,182.18,68.75,1.26,0.32
2009-09-27,183.27,69.16,1.8,0.35
2009-09-28,184.64,69.68,2.86,0.35
2009-09-29,187.39,70.71,2.35,0.27
2009-09-30,189.59,71.54,1.39,0.27
2009-10-01,190.7,71.96,1.01,0.32
2009-10-02,191.39,72.22,0.79,0.32
2009-10-03,191.8,72.38,0.8,0.36
2009-10-04,192.21,72.53,1.3,0.37
2009-10-05,193.18,72.9,2.65,0.36
2009-10-06,195.67,73.84,2.27,0.32
2009-10-07,197.75,74.62,3.18,0.32
2009-10-08,200.81,75.78,1.4,0.34
2009-10-09,202.34,76.35,2.29,0.31
2009-10-10,203.18,76.67,1.05,0.34
2009-10-11,203.87,76.93,0.92,0.36
2009-10-12,204.43,77.14,1.43,0.36
2009-10-13,205.55,77.57,1.55,0.36
2009-10-14,206.81,78.04,1.68,0.36
2009-10-15,208.21,78.57,1.43,0.36
2009-10-16,209.33,78.99,1.48,0.36
2009-10-17,210.45,79.42,1.26,0.33
2009-10-18,211.43,79.78,1.07,0.32
2009-10-19,212.27,80.1,1.23,0.26
2009-10-20,213.26,80.48,2.4,0.29
2009-10-21,215.5,81.32,2.17,0.32
2009-10-22,217.48,82.07,1.81,0.34
2009-10-23,219.04,82.66,1.42,0.36
2009-10-24,220.17,83.08,2.02,0.35
2009-10-25,222.01,83.78,2.26,0.32
2009-10-26,224.13,84.58,1.35,0.3
2009-10-27,225.27,85.01,1.1,0.28
2009-10-28,226.12,85.33,0.97,0.28
2009-10-29,226.83,85.6,0.84,0.28
2009-10-30,227.4,85.81,0.73,0.28
2009-10-31,227.83,85.97,1.33,0.29
2009-11-01,228.26,86.14,0.76,0.31
2009-11-02,227.69,85.92,0.54,0.31
2009-11-03,226.83,85.6,0.03,0.34
2009-11-04,226.41,85.44,0.39,0.36
2009-11-05,226.55,85.49,0.77,0.34
2009-11-06,226.83,85.6,0.66,
2009-11-07,227.12,85.71,0.61,0.35
2009-11-08,227.4,85.81,0.51,0.3
2009-11-09,227.69,85.92,0.59,0.28
2009-11-10,227.97,86.03,0.69,0.28
2009-11-11,228.4,86.19,0.68,0.26
2009-11-12,228.83,86.35,0.54,0.25
2009-11-13,229.11,86.46,0.52,0.23
2009-11-14,229.4,86.57,0.58,0.21
2009-11-15,229.68,86.67,0.43,0.27
2009-11-16,229.82,86.72,0.42,0.25
2009-11-17,229.97,86.78,0.52,0.24
2009-11-18,230.25,86.89,0.53,0.21
2009-11-19,230.54,87,0.53,0.22
2009-11-20,230.82,87.1,0.51,0.22
2009-11-21,231.11,87.21,0.28,0.2
2009-11-22,231.39,87.32,0.5,0.23
2009-11-23,231.68,87.43,0.38,0.19
2009-11-24,231.82,87.48,0.38,0.2
2009-11-25,231.96,87.53,0.34,0.2
2009-11-26,232.11,87.59,0.34,0.16
2009-11-27,232.25,87.64,0.12,0.16
2009-11-28,232.39,87.69,0.62,0.19
2009-11-29,232.54,87.75,,0.19
2009-11-30,232.68,87.8,0.37,0.19
2009-12-01,232.82,87.86,0.36,0.19
2009-12-02,232.56,87.76,0.36,0.19
2009-12-03,232.71,87.82,0.36,0.19
2009-12-04,232.85,87.87,0.24,1
2009-12-05,232.85,87.87,0.25,0.19
2009-12-06,232.85,87.87,0.38,0.2
2009-12-07,232.99,87.92,0.26,0.21
2009-12-08,232.99,87.92,0.26,0.21
2009-12-09,232.99,87.92,0.12,0.21
2009-12-10,232.85,87.87,0.24,0.2
2009-12-11,232.85,87.87,0.24,0.19
2009-12-12,232.85,87.87,0.36,0.19
2009-12-13,232.99,87.92,0.11,0.19
2009-12-14,232.85,87.87,0.12,0.19
2009-12-15,232.71,87.82,0.12,0.2
2009-12-16,232.29,87.66,0.16,0.23
2009-12-17,232.42,87.71,0.15,0.24
2009-12-18,232.28,87.65,0.2,0.23
2009-12-19,232.14,87.6,0.25,0.28
2009-12-20,231.99,87.54,0.2,0.33
2009-12-21,231.85,87.49,0.21,0.28
2009-12-22,231.71,87.44,0.2,0.29
2009-12-23,231.56,87.38,0.2,0.28
2009-12-24,231.42,87.33,0.2,0.27
2009-12-25,231.28,87.28,0.11,0.28
2009-12-26,230.99,87.17,0.23,0.32
2009-12-27,230.85,87.11,0.1,0.31
2009-12-28,230.57,87.01,0.1,0.31
2009-12-29,230.28,86.9,0.17,0.31
2009-12-30,229.99,86.79,0.12,0.4
2009-12-31,229.71,86.68,0.11,0.33
2010-01-01,229.82,86.72,0.14,0.32
2010-01-02,229.54,86.62,0.15,0.34
2010-01-03,229.25,86.51,0.17,0.35
2010-01-04,228.97,86.4,0.17,0.37
2010-01-05,228.68,86.29,0.14,0.37
2010-01-06,228.4,86.19,0.21,0.35
2010-01-07,228.11,86.08,0.16,0.35
2010-01-08,227.83,85.97,0.27,0.36
2010-01-09,227.69,85.92,0.34,0.35
2010-01-10,227.69,85.92,0.32,0.29
2010-01-11,227.69,85.92,0.19,0.27
2010-01-12,227.55,85.87,0.28,0.27
2010-01-13,227.4,85.81,0.16,0.36
2010-01-14,227.12,85.71,0.17,0.36
2010-01-15,226.8,85.58,0.16,0.36
2010-01-16,226.55,85.49,0.15,0.36
2010-01-17,226.27,85.38,0.1,0.35
2010-01-18,225.98,85.28,0.12,0.3
2010-01-19,225.7,85.17,0.14,0.32
2010-01-20,225.41,85.06,0.14,0.34
2010-01-21,225.13,84.95,,0.34
2010-01-22,224.84,84.85,0.12,0.32
2010-01-23,224.56,84.74,0.11,0.32
2010-01-24,224.28,84.63,0.22,0.31
2010-01-25,224.13,84.58,0.27,0.3
2010-01-26,223.99,84.52,0.22,0.35
2010-01-27,223.85,84.47,0.25,0.3
2010-01-28,223.71,84.42,0.37,0.33
2010-01-29,223.43,84.31,0.33,0.33
2010-01-30,223.14,84.2,0.19,10.3
2010-01-31,222.71,84.04,0.18,0.32
2010-02-01,222.29,83.88,0.19,0.31
2010-02-02,221.87,83.72,0.11,0.31
2010-02-03,221.3,83.51,0.06,0.36
2010-02-04,220.73,83.29,0.1,0.31
2010-02-05,220.17,83.08,,0.35
2010-02-06,219.6,82.87,,0.2
2010-02-07,219.04,82.66,0.02,0.2
2010-02-08,218.61,82.49,,0.21
2010-02-09,217.77,82.18,0.03,0.33
2010-02-10,217.2,81.96,,0.37
2010-02-11,216.5,81.7,,0.35
2010-02-12,215.79,81.43,,0.35
2010-02-13,215.09,81.17,,0.35
2010-02-14,214.24,80.85,,0.27
2010-02-15,213.26,80.48,,0.33
2010-02-16,212.27,80.1,,0.32
2010-02-17,211.25,79.72,,0.34
2010-02-18,210.31,79.36,,0.35
2010-02-19,210.33,79.37,,0.35
2010-02-20,209.35,79,,0.34
2010-02-21,208.37,78.63,0.08,0.32
2010-02-22,207.53,78.31,0.14,0.32
2010-02-23,206.69,78,0.11,0.32
2010-02-24,205.71,77.63,,0.33
2010-02-25,204.6,77.21,,0.34
2010-02-26,203.48,76.78,,0.34
2010-02-27,202.37,76.37,,0.33
2010-02-28,201.25,75.94,,8.92
2010-03-01,200.14,75.52,,0.31
2010-03-02,196.04,73.98,0.1,0.33
2010-03-03,195,73.58,,0.34
2010-03-04,195.73,73.86,,0.34
2010-03-05,195.73,73.86,,0.35
2010-03-06,191.86,72.4,,0.35
2010-03-07,190.9,72.04,,0.33
2010-03-08,190.06,71.72,,0.31
2010-03-09,189.22,71.4,,0.33
2010-03-10,188.38,71.09,0.09,0.35
2010-03-11,185.35,69.94,0.62,0.35
2010-03-12,186.82,70.5,,0.39
2010-03-13,185.4,69.96,,0.37
2010-03-14,183.9,69.4,,1.27
2010-03-15,182.4,68.83,0.01,0.34
2010-03-16,180.9,68.26,,0.35
2010-03-17,179.36,67.68,0.14,0.35
2010-03-18,177.7,67.06,0.11,0.39
2010-03-19,176.04,66.43,,0.37
2010-03-20,174.39,65.81,0.12,0.34
2010-03-21,173.62,65.52,0.19,0.33
2010-03-22,172.96,65.27,0.17,0.3
2010-03-23,172.3,65.02,0.15,0.29
2010-03-24,171.64,64.77,0.06,0.27
2010-03-25,170.98,64.52,0.05,0.27
2010-03-26,170.21,64.23,0.83,0.27
2010-03-27,169.55,63.98,,0.3
2010-03-28,167.68,63.28,,0.24
2010-03-29,165.7,62.53,0.01,0.31
2010-03-30,161.33,60.88,,10.77
2010-03-31,159.63,60.24,0.07,0.3
2010-04-01,158.03,59.63,,0.3
2010-04-02,156.33,58.99,0.02,0.3
2010-04-03,154.62,58.35,,0.32
2010-04-04,152.92,57.71,,0.34
2010-04-05,151.92,57.33,0.05,0.34
2010-04-06,151.12,57.03,0.01,0.33
2010-04-07,150.32,56.72,0.05,0.28
2010-04-08,147.6,55.7,,0.24
2010-04-09,146.8,55.4,0.53,0.28
2010-04-10,146.5,55.28,0.55,0.33
2010-04-11,145.2,54.79,,0.35
2010-04-12,142.59,53.81,,0.35
2010-04-13,140.09,52.86,,0.37
2010-04-14,136.58,51.54,,0.47
2010-04-15,134.18,50.63,,0.52
2010-04-16,131.58,49.65,,0.53
2010-04-17,128.87,48.63,,0.52
2010-04-18,125.89,47.51,,0.49
2010-04-19,123.66,46.66,0.22,0.47
2010-04-20,122.89,46.37,0.18,0.45
2010-04-21,122.21,46.12,0.12,0.34
2010-04-22,121.51,45.85,,0.47
2010-04-23,120.82,45.59,0.24,0.27
2010-04-24,120.21,45.36,,0.35
2010-04-25,119.52,45.1,0.87,0.34
2010-04-26,118.91,44.87,,0.36
2010-04-27,117.14,44.2,,0.36
2010-04-28,115.45,43.57,0.46,0.31
2010-04-29,113.84,42.96,,0.32
2010-04-30,112.15,42.32,0.02,11.01
2010-05-01,110.46,41.68,,0.36
2010-05-02,108.78,41.05,0.08,0.35
2010-05-03,107.17,40.44,,0.36
2010-05-04,105.55,39.83,,0.36
2010-05-05,104.63,39.48,0.27,0.39
2010-05-06,104.02,39.25,0.29,0.46
2010-05-07,103.02,38.88,,0.29
2010-05-08,101.79,38.41,,0.3
2010-05-09,100.64,37.98,0.02,0.31
2010-05-10,100.03,37.75,0.65,0.33
2010-05-11,99.26,37.46,,0.34
2010-05-12,97.11,36.65,,0.33
2010-05-13,94.81,35.78,,0.36
2010-05-14,92.2,34.79,,1.61
2010-05-15,89.59,33.81,,1.64
2010-05-16,87.08,32.86,,0.44
2010-05-17,85.13,32.12,0.25,0.33
2010-05-18,83.52,31.52,,0.13
2010-05-19,82.09,30.98,0.13,0.21
2010-05-20,81.74,30.85,,0.43
2010-05-21,81.22,30.65,0.14,0.44
2010-05-22,80.88,30.52,0.13,0.44
2010-05-23,80.53,30.39,0.3,0.43
2010-05-24,80.36,30.32,0.19,0.43
2010-05-25,80.08,30.22,0.59,0.43
2010-05-26,79.73,30.09,,0.89
2010-05-27,78.52,29.63,,0.11
2010-05-28,77.61,29.29,0.04,0.17
2010-05-29,76.74,28.96,0.07,0.28
2010-05-30,75.71,28.57,0.07,0.45
2010-05-31,74.62,28.16,0.06,0.51
2010-06-01,73.7,27.81,,0.37
2010-06-02,72.84,27.49,0.02,0.34
2010-06-03,72.21,27.25,0.01,0.17
2010-06-04,71.75,27.08,,0.43
2010-06-05,71.35,26.92,0.04,0.18
2010-06-06,71.35,26.92,0.33,
2010-06-07,71.63,27.03,0.7,
2010-06-08,72.04,27.18,0.35,0.26
2010-06-09,71.92,27.14,0.58,0.42
2010-06-10,72.04,27.18,0.36,0.42
2010-06-11,71.92,27.14,,0.43
2010-06-12,71.4,26.94,0.32,0.13
2010-06-13,71.29,26.9,0.54,0.13
2010-06-14,71.52,26.99,0.89,0.27
2010-06-15,72.09,27.2,0.66,0.27
2010-06-16,72.38,27.31,0.21,0.06
2010-06-17,71.85,27.11,0.12,0.42
2010-06-18,71.4,26.94,0.19,0.39
2010-06-19,71,26.79,0.08,0.46
2010-06-20,70.49,26.6,0.17,0.09
2010-06-21,69.97,26.4,0.25,0.09
2010-06-22,69.51,26.23,0.48,0.58
2010-06-23,69.28,26.14,0.43,0.58
2010-06-24,68.99,26.03,0.53,0.58
2010-06-25,68.82,25.97,0.3,0.57
2010-06-26,68.42,25.82,0.24,0.57
2010-06-27,67.96,25.65,0.18,0.57
2010-06-28,67.44,25.45,0.23,0.56
2010-06-29,66.98,25.28,0.03,0.56
2010-06-30,66.41,25.06,0.12,0.56
2010-07-01,65.95,24.89,0.29,0.54
2010-07-02,65.78,24.82,0.2,0.42
2010-07-03,65.72,24.8,0.26,0.22
2010-07-04,65.72,24.8,0.32,0.22
2010-07-05,65.78,24.82,0.34,0.22
2010-07-06,65.83,24.84,0.27,0.24
2010-07-07,65.72,24.8,0.77,0.35
2010-07-08,65.95,24.89,1.15,0.5
2010-07-09,66.52,25.1,0.59,0.54
2010-07-10,66.52,25.1,0.53,0.55
2010-07-11,66.47,25.08,0.42,0.55
2010-07-12,66.28,25.01,0.26,0.55
2010-07-13,65.95,24.89,0.24,0.57
2010-07-14,65.55,24.74,0.32,0.6
2010-07-15,65.2,24.6,0.72,0.56
2010-07-16,65.2,24.6,1.35,0.56
2010-07-17,65.89,24.86,0.73,0.56
2010-07-18,66.06,24.93,0.4,0.52
2010-07-19,65.95,24.89,0.54,0.48
2010-07-20,65.95,24.89,0.54,0.5
2010-07-21,65.95,24.89,0.39,0.5
2010-07-22,65.78,24.82,0.36,0.52
2010-07-23,65.6,24.75,0.33,0.49
2010-07-24,65.43,24.69,0.3,0.46
2010-07-25,65.2,24.6,0.29,0.49
2010-07-26,64.97,24.52,0.35,0.48
2010-07-27,64.8,24.45,0.23,0.48
2010-07-28,64.51,24.34,0.35,0.48
2010-07-29,64.34,24.28,0.4,0.48
2010-07-30,64.23,24.24,1.32,0.48
2010-07-31,65.03,24.54,3.91,0.48
2010-08-01,68.42,25.82,3.61,0.48
2010-08-02,71.52,26.99,1.89,0.47
2010-08-03,72.9,27.51,1.3,0.47
2010-08-04,73.7,27.81,3.14,0.46
2010-08-05,76.34,28.81,4.27,0.46
2010-08-06,80.13,30.24,2.99,0.44
2010-08-07,82.66,31.19,1.96,0.42
2010-08-08,84.15,31.75,1.56,0.43
2010-08-09,85.24,32.17,1.21,0.43
2010-08-10,85.99,32.45,1.09,0.42
2010-08-11,86.62,32.69,3.19,0.42
2010-08-12,89.36,33.72,5.83,0.41
2010-08-13,94.73,35.75,7.17,0.41
2010-08-14,101.49,38.3,9.73,0.38
2010-08-15,110.85,41.83,14.32,0.33
2010-08-16,125.04,47.18,6.77,0.08
2010-08-17,131.68,49.69,2.86,0.09
2010-08-18,134.28,50.67,2.1,0.21
2010-08-19,136.08,51.35,2.9,0.25
2010-08-20,138.69,52.34,3.52,0.25
2010-08-21,141.99,53.58,1.7,0.17
2010-08-22,143.3,54.08,2.35,0.35
2010-08-23,145.2,54.79,4.25,0.4
2010-08-24,149.21,56.31,6,0.21
2010-08-25,154.82,58.42,3.69,0.34
2010-08-26,158.12,59.67,3.17,0.34
2010-08-27,161.03,60.77,3.86,0.22
2010-08-28,164.63,62.12,2.24,0.21
2010-08-29,166.54,62.85,2.29,0.29
2010-08-30,168.54,63.6,4.72,0.24
2010-08-31,173.05,65.3,4.99,0.16
2010-09-01,177.83,67.11,5.25,0.16
2010-09-02,182.77,68.97,5.17,0.25
2010-09-03,186.96,70.55,3.8,0.18
2010-09-04,189.49,71.51,4.01,0.18
2010-09-05,192.03,72.46,1.47,0.36
2010-09-06,192.16,72.51,0.5,0.33
2010-09-07,192.16,72.51,0.89,0.36
2010-09-08,192.54,72.66,0.71,0.46
2010-09-09,192.79,72.75,0.78,0.4
2010-09-10,193.17,72.89,7.3,0.35
2010-09-11,200.01,75.48,3.77,0.4
2010-09-12,203.31,76.72,7.84,0.42
2010-09-13,210.67,79.5,6.07,0.43
2010-09-14,215.61,81.36,6.3,1.07
2010-09-15,220.05,83.04,4.34,1.81
2010-09-16,222.2,83.85,5.94,1.73
2010-09-17,226.01,85.29,6.93,2.08
2010-09-18,231.84,87.49,5.87,1.04
2010-09-19,236.53,89.26,4.23,1.12
2010-09-20,238.56,90.02,2.22,2.14
2010-09-21,238.56,90.02,1.94,2.16
2010-09-22,237.8,89.74,1.18,2.65
2010-09-23,236.28,89.16,0.41,3.13
2010-09-24,233.74,88.2,5.22,3.6
2010-09-25,233.23,88.01,4.77,5.67
2010-09-26,233.99,88.3,2.36,3.95
2010-09-27,234.12,88.35,1.81,2.18
2010-09-28,233.87,88.25,3.15,2.01
2010-09-29,236.53,89.26,4.23,0.43
2010-09-30,240.28,90.67,3.14,0.43
2010-10-01,242.94,91.68,2.48,0.42
2010-10-02,244.93,92.43,1.5,0.43
2010-10-03,245.93,92.8,1.12,0.45
2010-10-04,246.59,93.05,1.2,0.4
2010-10-05,247.09,93.24,1.62,0.64
2010-10-06,246.76,93.12,,1.9
2010-10-07,246.26,92.93,0.84,0.14
2010-10-08,246.59,93.05,1.02,0.45
2010-10-09,247.09,93.24,0.7,0.46
2010-10-10,247.26,93.31,1.2,0.48
2010-10-11,247.92,93.55,1.2,0.48
2010-10-12,248.59,93.81,1.67,0.48
2010-10-13,249.75,94.25,1.18,0.45
2010-10-14,250.59,94.56,1.39,0.29
2010-10-15,251.42,94.88,1.62,0.5
2010-10-16,252.41,95.25,2.21,0.56
2010-10-17,254.08,95.88,1.66,0.49
2010-10-18,255.24,96.32,1.31,0.49
2010-10-19,256.07,96.63,1.3,0.42
2010-10-20,256.57,96.82,3.31,0.74
2010-10-21,258.73,97.63,3.1,1.09
2010-10-22,261.39,98.64,6.23,1.28
2010-10-23,266.21,100.46,1.76,1.35
2010-10-24,266.88,100.71,1.96,1.04
2010-10-25,268.37,101.27,2.29,0.41
2010-10-26,270.2,101.96,2.09,0.4
2010-10-27,270.87,102.22,2.85,1.36
2010-10-28,271.7,102.53,1.16,1.95
2010-10-29,271.04,102.28,1.34,1.76
2010-10-30,270.54,102.09,12.67,1.78
2010-10-31,278.52,105.1,3.34,4.63
2010-11-01,279.85,105.6,1.72,1.95
2010-11-02,280.01,105.66,1.22,1.5
2010-11-03,280.18,105.73,1.2,1
2010-11-04,280.35,105.79,1.15,0.98
2010-11-05,280.35,105.79,1.02,1.95
2010-11-06,280.18,105.73,0.98,1.13
2010-11-07,280.01,105.66,0.97,1.09
2010-11-08,279.85,105.6,0.8,1.08
2010-11-09,279.52,105.48,0.83,1.07
2010-11-10,279.18,105.35,0.31,1.1
2010-11-11,278.85,105.23,0.67,0.58
2010-11-12,279.18,105.35,0.99,0.28
2010-11-13,279.85,105.6,0.99,0.27
2010-11-14,280.35,105.79,0.86,0.43
2010-11-15,280.35,105.79,1.02,0.8
2010-11-16,280.18,105.73,0.52,1.13
2010-11-17,279.85,105.6,0.94,0.79
2010-11-18,279.68,105.54,0.94,1.05
2010-11-19,279.18,105.35,1.09,1.38
2010-11-20,277.85,104.85,0.53,2.36
2010-11-21,276.02,104.16,0.38,2.3
2010-11-22,274.03,103.41,,2.32
2010-11-23,272.37,102.78,0.47,0.65
2010-11-24,272.37,102.78,0.92,0.41
2010-11-25,272.2,102.72,0.21,1.03
2010-11-26,271.7,102.53,0.39,0.65
2010-11-27,271.7,102.53,0.19,0.33
2010-11-28,271.53,102.46,0.38,0.3
2010-11-29,271.54,102.47,0.72,0.32
2010-11-30,271.87,102.59,0.55,0.33
2010-12-01,272.03,102.65,0.56,0.33
2010-12-02,271.8,102.57,0.53,0.34
2010-12-03,271.97,102.63,0.53,0.31
2010-12-04,272.13,102.69,0.62,1
2010-12-05,272.3,102.75,0.62,0.4
2010-12-06,272.46,102.82,0.55,0.4
2010-12-07,272.63,102.88,0.29,0.33
2010-12-08,272.63,102.88,0.32,0.24
2010-12-09,272.63,102.88,0.39,0.27
2010-12-10,272.63,102.88,0.37,0.34
2010-12-11,272.63,102.88,0.36,0.31
2010-12-12,272.63,102.88,0.37,0.31
2010-12-13,272.63,102.88,0.35,0.32
2010-12-14,272.63,102.88,0.39,0.3
2010-12-15,272.63,102.88,0.4,0.34
2010-12-16,272.63,102.88,0.45,0.35
2010-12-17,272.47,102.82,0.36,0.57
2010-12-18,271.8,102.57,0.03,0.97
2010-12-19,271.47,102.44,0.27,0.31
2010-12-20,271.47,102.44,0.18,0.22
2010-12-21,271.3,102.38,0.23,0.3
2010-12-22,271.14,102.32,0.22,0.35
2010-12-23,270.97,102.25,0.29,0.34
2010-12-24,270.8,102.19,0.28,0.41
2010-12-25,270.64,102.13,0.21,0.4
2010-12-26,270.47,102.06,0.23,0.33
2010-12-27,270.3,102,0.04,0.35
2010-12-28,269.97,101.88,0.25,0.32
2010-12-29,269.8,101.81,0.14,0.37
2010-12-30,269.47,101.69,0.13,0.42
2010-12-31,269.14,101.56,,0.42
2011-01-01,269.04,101.52,0.06,0.39
2011-01-02,268.71,101.4,,0.34
2011-01-03,268.21,101.21,0.06,0.33
2011-01-04,267.88,101.09,0.11,0.34
2011-01-05,267.54,100.96,,0.39
2011-01-06,267.05,100.77,0.12,0.38
2011-01-07,266.71,100.65,,0.4
2011-01-08,266.21,100.46,0.09,0.39
2011-01-09,265.88,100.33,0.09,0.37
2011-01-10,265.55,100.21,0.06,0.37
2011-01-11,265.22,100.08,0.39,0.34
2011-01-12,265.22,100.08,0.4,0.34
2011-01-13,265.22,100.08,,0.35
2011-01-14,265.05,100.02,0.1,0.39
2011-01-15,264.72,99.89,0.27,0.39
2011-01-16,264.55,99.83,0.26,0.38
2011-01-17,264.39,99.77,0.25,0.37
2011-01-18,264.22,99.71,0.07,0.36
2011-01-19,263.89,99.58,0.08,0.35
2011-01-20,263.55,99.45,0.09,0.36
2011-01-21,263.22,99.33,0.12,0.37
2011-01-22,262.89,99.2,0.12,0.4
2011-01-23,262.56,99.08,,0.4
2011-01-24,262.06,98.89,0.1,0.4
2011-01-25,261.73,98.77,,0.38
2011-01-26,261.23,98.58,0.09,0.37
2011-01-27,260.89,98.45,,0.37
2011-01-28,260.4,98.26,0.08,0.44
2011-01-29,259.89,98.07,,0.53
2011-01-30,259.23,97.82,0.18,0.49
2011-01-31,258.73,97.63,,0.63
2011-02-01,257.9,97.32,,0.74
2011-02-02,257.24,97.07,,0.53
2011-02-03,256.57,96.82,,0.52
2011-02-04,255.91,96.57,0.19,0.58
2011-02-05,255.4,96.38,0.05,0.63
2011-02-06,254.74,96.13,0.02,0.65
2011-02-07,254.08,95.88,0.03,0.62
2011-02-08,253.41,95.63,,0.63
2011-02-09,252.75,95.38,0.16,0.59
2011-02-10,252.25,95.19,0.02,0.6
2011-02-11,251.58,94.94,0.06,0.62
2011-02-12,250.92,94.69,0.04,0.66
2011-02-13,250.25,94.43,0.02,0.64
2011-02-14,249.59,94.18,0.01,0.62
2011-02-15,248.92,93.93,0.01,0.61
2011-02-16,248.26,93.68,,0.61
2011-02-17,247.42,93.37,,0.61
2011-02-18,246.76,93.12,,0.62
2011-02-19,245.93,92.8,0.06,0.6
2011-02-20,245.26,92.55,0.02,0.66
2011-02-21,244.6,92.3,0.07,0.62
2011-02-22,243.93,92.05,,0.67
2011-02-23,242.94,91.68,0.02,0.8
2011-02-24,242.11,91.36,0.16,0.79
2011-02-25,241.27,91.05,,1.09
2011-02-26,240.11,90.61,,0.98
2011-02-27,239.06,90.21,0.23,0.94
2011-02-28,238.3,89.92,0.29,0.93
2011-03-01,237.54,89.64,0.36,0.99
2011-03-02,236.66,89.31,0.12,1.18
2011-03-03,235.51,88.87,0.24,1.19
2011-03-04,234.5,88.49,0.26,1.19
2011-03-05,233.48,88.11,0.26,1.21
2011-03-06,232.47,87.72,0.25,0.87
2011-03-07,231.46,87.34,0.0608,1.2
2011-03-08,230.44,86.96,0.0832,1.31
2011-03-09,229.18,86.48,0.0756,1.35
2011-03-10,227.91,86,0.0784,1.35
2011-03-11,226.64,85.52,0.1124,1.33
2011-03-12,225.25,85,0.0468,1.37
2011-03-13,223.85,84.47,0.074,1.35
2011-03-14,222.46,83.95,0.13,1.38
2011-03-15,221.06,83.42,0.32,1.46
2011-03-16,219.79,82.94,0.2,1.52
2011-03-17,218.4,82.42,,1.53
2011-03-18,217.26,81.98,0.59,1.04
2011-03-19,217.13,81.94,0.44,0.65
2011-03-20,216.88,81.84,0.5,0.63
2011-03-21,216.37,81.65,0.68,0.94
2011-03-22,215.36,81.27,0.14,1.63
2011-03-23,213.84,80.69,0.15,1.6
2011-03-24,212.31,80.12,0.05,1.64
2011-03-25,210.67,79.5,0.09,1.64
2011-03-26,209.02,78.88,0.13,1.67
2011-03-27,207.37,78.25,0.09,1.72
2011-03-28,205.72,77.63,0.07,1.68
2011-03-29,204.07,77.01,,1.66
2011-03-30,202.17,76.29,,1.67
2011-03-31,200.27,75.57,,1.7
2011-04-01,198.37,74.86,,1.69
2011-04-02,196.46,74.14,,1.71
2011-04-03,194.56,73.42,,1.71
2011-04-04,192.66,72.7,,1.72
2011-04-05,190.76,71.98,,1.7
2011-04-06,188.86,71.27,,1.7
2011-04-07,186.96,70.55,,1.7
2011-04-08,185.05,69.83,,1.71
2011-04-09,182.9,69.02,,1.73
2011-04-10,180.87,68.25,0.43,1.78
2011-04-11,179.1,67.58,,2.14
2011-04-12,176.18,66.48,,2.31
2011-04-13,173.75,65.57,,2.32
2011-04-14,171.34,64.66,0.07,2.33
2011-04-15,168.34,63.52,,2.32
2011-04-16,166.54,62.85,,2.2
2011-04-17,164.33,62.01,,1.84
2011-04-18,162.43,61.29,,1.8
2011-04-19,160.52,60.57,,1.83
2011-04-20,158.72,59.89,0.23,1.74
2011-04-21,157.22,59.33,0.27,1.67
2011-04-22,156.22,58.95,0.48,1.21
2011-04-23,155.72,58.76,0.76,0.92
2011-04-24,155.52,58.69,2.9,0.9
2011-04-25,157.52,59.44,2.49,0.84
2011-04-26,159.42,60.16,2.68,0.53
2011-04-27,161.23,60.84,1.69,0.81
2011-04-28,162.03,61.14,1.78,0.82
2011-04-29,162.93,61.48,0.87,0.81
2011-04-30,162.93,61.48,0.74,0.81
2011-05-01,162.83,61.45,0.66,0.78
2011-05-02,162.63,61.37,1.2,0.74
2011-05-03,163.13,61.56,4.16,0.64
2011-05-04,166.03,62.65,3.11,1.2
2011-05-05,167.34,63.15,1.21,1.75
2011-05-06,166.74,62.92,1.44,1.75
2011-05-07,166.34,62.77,0.92,1.78
2011-05-08,165.33,62.39,0.42,1.86
2011-05-09,163.93,61.86,0.11,1.77
2011-05-10,162.23,61.22,0.09,1.76
2011-05-11,161.13,60.8,0.68,0.96
2011-05-12,162.23,61.22,0.82,0.82
2011-05-13,161.83,61.07,0.19,1.17
2011-05-14,161.33,60.88,1.03,0.64
2011-05-15,161.53,60.95,0.3,0.77
2011-05-16,161.13,60.8,0.11,0.64
2011-05-17,161.13,60.8,0.65,0.45
2011-05-18,161.23,60.84,0.9,0.49
2011-05-19,161.43,60.92,2.13,0.64
2011-05-20,162.03,61.14,1.08,1.83
2011-05-21,161.13,60.8,0.92,1.92
2011-05-22,160.02,60.38,0.31,1.96
2011-05-23,158.32,59.74,0.21,1.95
2011-05-24,156.52,59.06,0.11,1.95
2011-05-25,154.61,58.34,,1.95
2011-05-26,152.51,57.55,,1.33
2011-05-27,151.21,57.06,0.3,1.05
2011-05-28,150.21,56.68,0.41,1.29
2011-05-29,149.3,56.34,0.61,1.26
2011-05-30,148.6,56.08,0.66,1.25
2011-05-31,148,55.85,2.46,1.21
2011-06-01,149.3,56.34,0.87,1.1
2011-06-02,149.2,56.3,0.46,0.91
2011-06-03,148.7,56.11,0.46,0.9
2011-06-04,148.2,55.92,0.34,0.91
2011-06-05,147.6,55.7,0.66,0.89
2011-06-06,147.3,55.58,1.19,0.9
2011-06-07,147.3,55.58,1.14,1.13
2011-06-08,147.1,55.51,0.63,1.28
2011-06-09,146.4,55.25,0.49,1.28
2011-06-10,145.5,54.91,0.29,1.33
2011-06-11,144.4,54.49,0.19,1.34
2011-06-12,143.19,54.03,0.39,1.34
2011-06-13,142.19,53.66,0.29,1.34
2011-06-14,141.09,53.24,0.99,1.34
2011-06-15,140.69,53.09,0.57,1.34
2011-06-16,139.89,52.79,0.37,2.64
2011-06-17,138.59,52.3,0.16,1.62
2011-06-18,136.98,51.69,0.02,1.71
2011-06-19,135.18,51.01,0.02,1.79
2011-06-20,133.37,50.33,,1.78
2011-06-21,131.57,49.65,,1.67
2011-06-22,129.67,48.93,,1.43
2011-06-23,128.57,48.52,0.15,1.05
2011-06-24,127.77,48.22,0.14,0.9
2011-06-25,127.26,48.02,0.26,0.59
2011-06-26,126.86,47.87,0.77,0.61
2011-06-27,126.96,47.91,5.16,0.09
2011-06-28,131.47,49.61,4.04,0.6
2011-06-29,134.88,50.9,2.88,0.58
2011-06-30,136.58,51.54,1.66,1.12
2011-07-01,136.38,51.46,0.53,1.82
2011-07-02,135.18,51.01,0.66,1.67
2011-07-03,134.28,50.67,0.97,1.51
2011-07-04,133.58,50.41,1.13,1.62
2011-07-05,132.87,50.14,0.93,1.79
2011-07-06,131.97,49.8,0.74,1.78
2011-07-07,130.87,49.38,0.35,1.8
2011-07-08,129.37,48.82,,1.8
2011-07-09,127.57,48.14,0.24,1.47
2011-07-10,126.26,47.65,0.6,1.5
2011-07-11,125.35,47.3,1.08,1.46
2011-07-12,124.43,46.95,0.23,1.96
2011-07-13,123.12,46.46,0.38,1.49
2011-07-14,121.97,46.03,0.38,1.48
2011-07-15,120.82,45.59,0.53,1.48
2011-07-16,119.82,45.22,1.93,1.48
2011-07-17,120.28,45.39,3.69,1.42
2011-07-18,122.51,46.23,3.68,1.42
2011-07-19,124.73,47.07,2.28,1.42
2011-07-20,125.58,47.39,2.09,1.39
2011-07-21,126.16,47.61,1.99,1.46
2011-07-22,125.89,47.51,2.37,2.23
2011-07-23,125.81,47.48,1.31,2.4
2011-07-24,124.66,47.04,0.7,2.41
2011-07-25,122.97,46.4,1.38,2.41
2011-07-26,121.9,46,1.61,2.41
2011-07-27,121.05,45.68,0.91,2.4
2011-07-28,119.52,45.1,0.46,2.41
2011-07-29,117.52,44.35,0.4,2.42
2011-07-30,115.45,43.57,0.29,2.42
2011-07-31,113.3,42.75,0.08,2.39
2011-08-01,110.92,41.86,3.65,2.42
2011-08-02,113.45,42.81,18.24,1.08
2011-08-03,129.77,48.97,8.71,
2011-08-04,138.79,52.37,4.7,
2011-08-05,143.49,54.15,2.91,
2011-08-06,146,55.09,1.91,0.36
2011-08-07,147.5,55.66,1.78,0.41
2011-08-08,148.8,56.15,2.08,0.43
2011-08-09,150.21,56.68,2.9,0.63
2011-08-10,151.31,57.1,2.04,1.82
2011-08-11,153.02,57.74,6.36,1.99
2011-08-12,157.23,59.33,7.36,2.1
2011-08-13,162.54,61.34,8.16,2
2011-08-14,168.55,63.6,7.27,2.1
2011-08-15,173.66,65.53,3.99,2.11
2011-08-16,175.66,66.29,3.69,1.95
2011-08-17,177.26,66.89,2.79,2.04
2011-08-18,177.89,67.13,2.99,2.1
2011-08-19,178.65,67.42,2.24,2.19
2011-08-20,179.16,67.61,4.94,1.43
2011-08-21,183.09,69.09,4.3,2.28
2011-08-22,184.99,69.81,8.01,2.35
2011-08-23,190.7,71.96,5.26,2.26
2011-08-24,193.87,73.16,3.4,2.04
2011-08-25,195.01,73.59,3.07,2.2
2011-08-26,196.02,73.97,4.35,2.01
2011-08-27,199.32,75.22,8.45,1
2011-08-28,207.43,78.28,5.49,0.29
2011-08-29,212.38,80.14,4.89,0.49
2011-08-30,215.55,81.34,7.37,1.66
2011-08-31,217.07,81.91,3.51,2.64
2011-09-01,217.19,81.96,2.98,3.33
2011-09-02,216.18,81.58,2.14,3.95
2011-09-03,214.15,80.81,0.61,4.11
2011-09-04,212.63,80.24,0.45,4.1
2011-09-05,210.09,79.28,1.57,2.92
2011-09-06,209.59,79.09,4.71,2.02
2011-09-07,213.26,80.48,4.58,0.98
2011-09-08,216.94,81.86,5.19,0.85
2011-09-09,220.62,83.25,2.74,1.46
2011-09-10,221.12,83.44,2.88,2.17
2011-09-11,221.76,83.68,1.42,2.19
2011-09-12,221.76,83.68,1.78,1.36
2011-09-13,222.77,84.06,3.1,0.71
2011-09-14,224.67,84.78,3.89,1.15
2011-09-15,226.58,85.5,4.88,1.92
2011-09-16,229.24,86.51,3.51,2.16
2011-09-17,230.63,87.03,3.5,2.06
2011-09-18,232.03,87.56,2.4,2.04
2011-09-19,232.41,87.7,2.94,1.96
2011-09-20,232.79,87.85,4.09,2.08
2011-09-21,234.82,88.61,4.32,2.01
2011-09-22,236.97,89.42,4.1,2.11
2011-09-23,239,90.19,2.93,2.02
2011-09-24,239.89,90.52,3.05,1.47
2011-09-25,240.78,90.86,1.71,2.1
2011-09-26,240.9,90.91,3.59,1.53
2011-09-27,242.82,91.63,2.08,1.62
2011-09-28,242.65,91.57,3.51,3
2011-09-29,245.81,92.76,20.51,0.29
2011-09-30,266.26,100.48,10.04,
2011-10-01,276.24,104.24,5.81,
2011-10-02,281.23,106.12,7.64,0.76
2011-10-03,286.88,108.26,4.11,2.6
2011-10-04,287.54,108.51,4.76,3.38
2011-10-05,282.72,106.69,3.42,9.52
2011-10-06,276.07,104.18,1.25,10.01
2011-10-07,269.26,101.61,1.44,5.02
2011-10-08,267.92,101.1,2.04,2.11
2011-10-09,267.76,101.04,2.2,2.07
2011-10-10,267.76,101.04,2.52,2.13
2011-10-11,268.09,101.17,1.98,2.12
2011-10-12,267.92,101.1,1.6,2.09
2011-10-13,267.59,100.98,0.1,1.88
2011-10-14,265.6,100.23,,4.99
2011-10-15,261.61,98.72,0.21,3.71
2011-10-16,259.61,97.97,1.1,2.15
2011-10-17,259.28,97.84,1.81,1.37
2011-10-18,260.44,98.28,2.43,0.58
2011-10-19,262.27,98.97,2.36,0.58
2011-10-20,264.1,99.66,1.84,0.47
2011-10-21,265.43,100.16,1.87,0.45
2011-10-22,266.76,100.66,1.65,0.49
2011-10-23,267.76,101.04,1.97,0.6
2011-10-24,268.59,101.35,1.42,0.54
2011-10-25,269.42,101.67,1.39,0.52
2011-10-26,270.25,101.98,1.07,0.5
2011-10-27,270.92,102.23,1.29,0.53
2011-10-28,271.58,102.48,1.2646,0.56
2011-10-29,272.08,102.67,1.1,0.54
2011-10-30,272.58,102.86,2.12,0.54
2011-10-31,274.08,103.43,2.89,0.56
2011-11-01,276.4,104.3,1.67,0.5
2011-11-02,277.57,104.74,1.5,0.45
2011-11-03,278.57,105.12,1.34,0.45
2011-11-04,279.4,105.43,1.33,0.46
2011-11-05,280.23,105.75,1.15,0.44
2011-11-06,280.89,106,2.18,0.43
2011-11-07,281.56,106.25,1.18,1.45
2011-11-08,280.73,105.94,0.85,1.95
2011-11-09,279.56,105.49,0.78,1.96
2011-11-10,278.57,105.12,0.95,1.78
2011-11-11,278.4,105.06,0.23,1.06
2011-11-12,277.73,104.8,1.14,1.18
2011-11-13,278.4,105.06,0.82,0.41
2011-11-14,278.73,105.18,0.99,0.42
2011-11-15,279.23,105.37,1.02,0.44
2011-11-16,279.73,105.56,0.97,0.46
2011-11-17,280.23,105.75,0.98,0.41
2011-11-18,280.73,105.94,0.77,0.42
2011-11-19,281.06,106.06,1.19,0.4
2011-11-20,281.39,106.18,0.84,0.8
2011-11-21,281.39,106.18,0.84,0.78
2011-11-22,281.39,106.18,0.68,0.78
2011-11-23,281.23,106.12,0.85,0.78
2011-11-24,281.23,106.12,0.56,0.78
2011-11-25,281.06,106.06,0.78,0.66
2011-11-26,281.06,106.06,0.77,0.72
2011-11-27,281.06,106.06,0.77,0.71
2011-11-28,281.06,106.06,0.49,0.71
2011-11-29,280.89,106,0.6,0.6
2011-11-30,280.89,106,0.6,0.54
2011-12-01,280.89,106,0.62,0.54
2011-12-02,280.89,106,0.63,0.56
2011-12-03,280.89,106,0.62,0.58
2011-12-04,280.89,106,0.62,0.57
2011-12-05,280.89,106,0.63,0.56
2011-12-06,280.89,106,0.62,0.57
2011-12-07,280.89,106,0.47,0.57
2011-12-08,280.73,105.94,0.5,0.5
2011-12-09,280.73,105.94,0.52,0.45
2011-12-10,280.73,105.94,0.5,0.47
2011-12-11,280.73,105.94,0.24,0.45
2011-12-12,280.34,105.79,0.38,0.35
2011-12-13,280.56,105.87,0.38,0.33
2011-12-14,280.56,105.87,0.38,0.33
2011-12-15,280.56,105.87,0.38,0.33
2011-12-16,280.56,105.87,0.39,0.33
2011-12-17,280.56,105.87,0.41,0.33
2011-12-18,280.56,105.87,0.38,0.36
2011-12-19,280.56,105.87,0.12,0.32
2011-12-20,280.4,105.81,0.48,0.23
2011-12-21,280.4,105.81,0.37,0.39
2011-12-22,280.23,105.75,0.31,0.49
2011-12-23,280.06,105.68,0.47,0.43
2011-12-24,279.6,105.51,0.42,0.43
2011-12-25,279.56,105.49,0.43,0.43
2011-12-26,279.23,105.37,0.39,0.45
2011-12-27,278.9,105.25,0.55,0.38
2011-12-28,278.57,105.12,0.29,0.55
2011-12-29,278.23,104.99,0.28,0.58
2011-12-30,277.9,104.87,0.45,0.56
2011-12-31,277.73,104.8,0.48,0.57
2012-01-01,277.88,104.86,0.35,0.6
2012-01-02,277.55,104.74,0.37,0.62
2012-01-03,277.21,104.61,0.35,0.65
2012-01-04,276.88,104.48,0.34,0.63
2012-01-05,276.55,104.36,0.41,0.62
2012-01-06,276.22,104.23,0.35,0.69
2012-01-07,275.72,104.05,0.36,0.79
2012-01-08,275.22,103.86,0.21,0.8
2012-01-09,274.55,103.6,0.22,0.81
2012-01-10,273.89,103.35,0.24,0.83
2012-01-11,273.22,103.1,0.25,0.85
2012-01-12,272.56,102.85,0.21,0.87
2012-01-13,271.89,102.6,0.21,0.82
2012-01-14,271.23,102.35,0.38,0.82
2012-01-15,270.73,102.16,1.08,0.82
2012-01-16,271.06,102.29,0.73,0.7
2012-01-17,271.06,102.29,0.44,0.68
2012-01-18,270.43,102.05,0.32,0.73
2012-01-19,270.23,101.97,0.26,0.77
2012-01-20,269.73,101.78,0.36,0.7
2012-01-21,269.23,101.6,0.32,0.8
2012-01-22,268.73,101.41,0.31,0.76
2012-01-23,268.23,101.22,0.14,0.76
2012-01-24,267.57,100.97,0.15,0.75
2012-01-25,266.9,100.72,0.07,0.77
2012-01-26,266.24,100.47,0.2,0.68
2012-01-27,265.57,100.22,0.19,0.81
2012-01-28,264.91,99.97,0.03,0.8
2012-01-29,264.08,99.65,0.01,0.8
2012-01-30,263.25,99.34,0.03,0.79
2012-01-31,262.42,99.03,0.03,0.8
2012-02-01,261.58,98.71,0.03,0.8
2012-02-02,260.92,98.46,0.2,0.8
2012-02-03,260.25,98.21,0.32,0.79
2012-02-04,259.76,98.02,0.14,0.76
2012-02-05,259.09,97.77,0.13,0.75
2012-02-06,258.42,97.52,0.1,0.73
2012-02-07,257.76,97.27,0.14,0.71
2012-02-08,257.09,97.02,0.14,0.74
2012-02-09,256.43,96.77,0.03,0.74
2012-02-10,255.76,96.51,0.61,0.96
2012-02-11,254.77,96.14,,1.55
2012-02-12,252.27,95.2,,2.7
2012-02-13,248.28,93.69,,3.94
2012-02-14,244.46,92.25,,3.85
2012-02-15,240.83,90.88,,3.72
2012-02-16,237.41,89.59,,3.52
2012-02-17,234.37,88.44,,2.96
2012-02-18,233.1,87.96,0.14,1.2
2012-02-19,232.08,87.58,0.03,1.1
2012-02-20,230.94,87.15,0.16,1.34
2012-02-21,229.93,86.77,0.03,1.11
2012-02-22,228.79,86.34,0.16,1.11
2012-02-23,227.77,85.95,0.04,1.11
2012-02-24,226.63,85.52,0.17,1.12
2012-02-25,225.62,85.14,,1.13
2012-02-26,224.48,84.71,0.51,0.72
2012-02-27,224.1,84.57,0.06,0.83
2012-02-28,223.21,84.23,0.14,0.89
2012-02-29,212.32,80.12,0.14,0.84
2012-03-01,221.69,83.66,0.22,0.79
2012-03-02,221.05,83.42,0.11,0.79
2012-03-03,220.29,83.13,0.23,0.8
2012-03-04,219.66,82.89,0.1,0.79
2012-03-05,218.9,82.6,0.22,0.79
2012-03-06,218.26,82.36,0.1,0.79
2012-03-07,217.5,82.08,0.23,0.79
2012-03-08,216.87,81.84,0.09,0.8
2012-03-09,216.11,81.55,0.33,0.79
2012-03-10,215.48,81.31,1.27,0.9
2012-03-11,214.46,80.93,0.13,2.22
2012-03-12,212.31,80.12,0.13,2.22
2012-03-13,210.15,79.3,0.04,2.23
2012-03-14,207.87,78.44,0.05,2.25
2012-03-15,205.71,77.63,,2.14
2012-03-16,203.69,76.86,0.04,1.75
2012-03-17,201.91,76.19,,1.75
2012-03-18,200.14,75.52,,1.31
2012-03-19,198.74,75,0.42,1.31
2012-03-20,197.35,74.47,,1.76
2012-03-21,195.57,73.8,0.11,1.31
2012-03-22,194.3,73.32,0.32,1.32
2012-03-23,193.04,72.85,0.1,1.52
2012-03-24,191.39,72.22,0.03,1.68
2012-03-25,189.61,71.55,,1.75
2012-03-26,187.71,70.83,,1.75
2012-03-27,185.81,70.12,,1.75
2012-03-28,183.78,69.35,,1.32
2012-03-29,181.75,68.58,,1.68
2012-03-30,179.72,67.82,,1.75
2012-03-31,177.77,67.08,,1.76
2012-04-01,175.97,66.4,0.75,1.47
2012-04-02,175.27,66.14,0.53,1.39
2012-04-03,174.17,65.72,0.21,1.57
2012-04-04,172.67,65.16,0.2,1.64
2012-04-05,171.26,64.63,0.37,1.54
2012-04-06,170.06,64.17,0.51,1.51
2012-04-07,168.96,63.76,0.82,1.55
2012-04-08,168.16,63.46,1,1.56
2012-04-09,167.56,63.23,0.69,1.54
2012-04-10,166.65,62.89,0.54,1.53
2012-04-11,165.65,62.51,0.66,1.48
2012-04-12,164.45,62.06,0.33,1.79
2012-04-13,162.55,61.34,0.06,2.17
2012-04-14,160.44,60.54,0.04,2.1
2012-04-15,158.24,59.71,,2.19
2012-04-16,155.94,58.85,,2.06
2012-04-17,153.73,58.01,,1.98
2012-04-18,151.43,57.14,,1.65
2012-04-19,149.92,56.57,,1.26
2012-04-20,148.62,56.08,,1.24
2012-04-21,147.32,55.59,,0.96
2012-04-22,146.32,55.22,,0.87
2012-04-23,145.22,54.8,,0.87
2012-04-24,144.21,54.42,,0.76
2012-04-25,143.51,54.15,0.68,0.54
2012-04-26,142.81,53.89,,1.32
2012-04-27,141.21,53.29,,1.39
2012-04-28,139.71,52.72,,1.4
2012-04-29,138.1,52.11,,1.46
2012-04-30,136.6,51.55,0.04,1.43
2012-05-01,135.1,50.98,,1.48
2012-05-02,133.5,50.38,,1.47
2012-05-03,131.79,49.73,,1.49
2012-05-04,129.99,49.05,,1.42
2012-05-05,128.39,48.45,,1.37
2012-05-06,126.91,47.89,0.18,1.31
2012-05-07,126.14,47.6,1.11,0.89
2012-05-08,126.14,47.6,1.76,1.06
2012-05-09,126.91,47.89,0.86,0.94
2012-05-10,127.06,47.95,1.64,0.66
2012-05-11,127.99,48.3,0.72,0.19
2012-05-12,128.59,48.52,0.86,0.54
2012-05-13,128.79,48.6,0.52,0.6
2012-05-14,128.59,48.52,0.27,0.66
2012-05-15,128.09,48.34,0.33,0.71
2012-05-16,127.6,48.15,0.37,0.75
2012-05-17,127.29,48.03,0.26,0.62
2012-05-18,127.06,47.95,0.25,0.44
2012-05-19,126.83,47.86,0.17,0.43
2012-05-20,126.53,47.75,0.51,0.43
2012-05-21,126.37,47.69,0.63,0.61
2012-05-22,126.22,47.63,0.59,0.73
2012-05-23,125.91,47.51,0.38,0.84
2012-05-24,125.53,47.37,0.46,0.7
2012-05-25,125.38,47.31,0.64,0.56
2012-05-26,125.45,47.34,0.64,0.51
2012-05-27,125.53,47.37,0.56,0.51
2012-05-28,125.53,47.37,0.48,0.51
2012-05-29,125.45,47.34,0.82,0.5
2012-05-30,125.45,47.34,0.74,0.77
2012-05-31,125.3,47.28,0.58,0.85
2012-06-01,125.07,47.2,0.54,0.76
2012-06-02,124.76,47.08,0.49,0.8
2012-06-03,124.46,46.97,0.67,0.75
2012-06-04,124.38,46.94,1.64,0.7
2012-06-05,125.45,47.34,0.79,0.51
2012-06-06,125.68,47.43,0.56,0.51
2012-06-07,125.68,47.43,0.47,0.51
2012-06-08,125.61,47.4,1.25,0.49
2012-06-09,126.3,47.66,1.02,0.51
2012-06-10,126.76,47.83,0.79,0.51
2012-06-11,126.99,47.92,0.56,0.51
2012-06-12,126.99,47.92,0.41,0.51
2012-06-13,126.83,47.86,0.59,0.51
2012-06-14,126.6,47.77,0.42,0.77
2012-06-15,126.14,47.6,0.61,0.83
2012-06-16,125.53,47.37,0.12,1.18
2012-06-17,124.23,46.88,0.28,1.38
2012-06-18,123.07,46.44,0.15,1.38
2012-06-19,121.77,45.95,0.21,1.41
2012-06-20,120.54,45.49,0.06,1.4
2012-06-21,119.31,45.02,,1.24
2012-06-22,118.24,44.62,0.14,1.02
2012-06-23,117.4,44.3,0.22,0.94
2012-06-24,116.63,44.01,0.14,0.94
2012-06-25,115.78,43.69,0.69,0.94
2012-06-26,114.94,43.37,,1.49
2012-06-27,113.56,42.85,0.08,0.94
2012-06-28,112.72,42.54,0.09,0.87
2012-06-29,111.87,42.22,0.09,0.89
2012-06-30,111.03,41.9,0.25,0.89
2012-07-01,110.18,41.58,,0.89
2012-07-02,109.26,41.23,0.29,0.81
2012-07-03,108.57,40.97,0.2,0.94
2012-07-04,107.8,40.68,0.2,0.93
2012-07-05,107.04,40.39,0.2,0.93
2012-07-06,106.27,40.1,0.21,0.93
2012-07-07,105.5,39.81,0.44,0.93
2012-07-08,104.97,39.61,0.52,0.93
2012-07-09,104.58,39.46,0.83,0.86
2012-07-10,104.58,39.46,0.43,0.79
2012-07-11,104.04,39.26,0.43,0.92
2012-07-12,103.51,39.06,0.35,0.91
2012-07-13,102.89,38.83,0.14,0.93
2012-07-14,102.13,38.54,,0.87
2012-07-15,101.51,38.31,0.31,0.81
2012-07-16,100.97,38.1,0.1,0.79
2012-07-17,100.21,37.82,0.19,0.83
2012-07-18,99.44,37.52,0.26,0.91
2012-07-19,98.75,37.26,0.32,0.91
2012-07-20,98.13,37.03,0.6,0.89
2012-07-21,97.6,36.83,,1.1
2012-07-22,96.83,36.54,0.3,0.89
2012-07-23,96.52,36.42,0.46,0.56
2012-07-24,96.37,36.37,0.59,0.57
2012-07-25,96.37,36.37,1.39,0.54
2012-07-26,97.22,36.69,1.96,0.5
2012-07-27,98.6,37.21,1.09,0.54
2012-07-28,99.13,37.41,1.15,0.51
2012-07-29,99.75,37.64,0.9,0.49
2012-07-30,100.21,37.82,0.7,1.21
2012-07-31,100.36,37.87,0.62,0.51
2012-08-01,100.44,37.9,0.92,0.51
2012-08-02,100.44,37.9,0.77,0.51
2012-08-03,100.28,37.84,0.67,0.51
2012-08-04,100.05,37.75,0.62,0.51
2012-08-05,99.75,37.64,1.13,0.51
2012-08-06,99.52,37.55,0.74,0.48
2012-08-07,99.36,37.49,0.37,0.48
2012-08-08,99.21,37.44,0.32,0.48
2012-08-09,98.98,37.35,0.34,0.51
2012-08-10,98.75,37.26,0.63,0.53
2012-08-11,98.83,37.29,0.55,0.52
2012-08-12,98.83,37.29,0.55,0.51
2012-08-13,98.83,37.29,0.53,0.5
2012-08-14,98.83,37.29,0.45,0.48
2012-08-15,98.75,37.26,0.52,0.49
2012-08-16,98.75,37.26,0.6,0.49
2012-08-17,98.83,37.29,0.52,0.48
2012-08-18,98.83,37.29,0.44,0.48
2012-08-19,98.75,37.26,0.59,0.48
2012-08-20,98.83,37.29,0.49,0.48
2012-08-21,98.83,37.29,0.41,0.45
2012-08-22,98.83,37.29,0.5,0.36
2012-08-23,98.9,37.32,0.74,0.38
2012-08-24,99.21,37.44,0.82,0.39
2012-08-25,99.59,37.58,1.04,0.39
2012-08-26,100.21,37.82,1.28,0.39
2012-08-27,101.05,38.13,0.97,1.2
2012-08-28,101.59,38.34,1.83,1.2
2012-08-29,102.97,38.86,1.29,0.4
2012-08-30,103.81,39.17,1.29,0.41
2012-08-31,104.66,39.49,0.98,0.41
2012-09-01,105.2,39.7,0.75,0.4
2012-09-02,105.5,39.81,0.75,0.4
2012-09-03,105.81,39.93,0.93,0.4
2012-09-04,106.27,40.1,2.04,0.42
2012-09-05,107.88,40.71,6.69,0.38
2012-09-06,114.25,43.11,3.94,0.28
2012-09-07,117.86,44.48,2.2,0.29
2012-09-08,119.62,45.14,4.06,0.39
2012-09-09,123.23,46.5,5.41,0.4
2012-09-10,127.89,48.26,4.58,0.4
2012-09-11,132.39,49.96,4.32,0.32
2012-09-12,136.4,51.47,4.5,
2012-09-13,140.71,53.1,2.26,0.15
2012-09-14,142.71,53.85,2.64,0.21
2012-09-15,145.02,54.72,3.6,0.28
2012-09-16,148.32,55.97,2.83,0.25
2012-09-17,150.83,56.92,1.85,0.28
2012-09-18,152.33,57.48,1.39,0.29
2012-09-19,153.33,57.86,1.07,0.34
2012-09-20,154.03,58.12,0.86,0.32
2012-09-21,154.53,58.31,0.8,0.3
2012-09-22,154.93,58.46,0.85,0.35
2012-09-23,155.33,58.62,0.83,0.4
2012-09-24,155.74,58.77,0.6,0.38
2012-09-25,155.94,58.85,0.5,0.35
2012-09-26,156.04,58.88,1.19,0.35
2012-09-27,156.84,59.18,0.79,0.34
2012-09-28,157.14,59.3,0.61,0.34
2012-09-29,157.44,59.41,0.98,0.36
2012-09-30,158.04,59.64,1.07,0.33
2012-10-01,158.74,59.9,1.17,0.31
2012-10-02,159.54,60.2,0.89,0.32
2012-10-03,160.04,60.39,1.79,0.34
2012-10-04,161.45,60.92,1.09,0.34
2012-10-05,162.15,61.19,1.31,0.34
2012-10-06,161.34,60.88,1.33,0.36
2012-10-07,162.34,61.26,1.74,0.27
2012-10-08,163.74,61.79,1.14,0.29
2012-10-09,164.54,62.09,0.97,0.28
2012-10-10,165.15,62.32,0.79,0.32
2012-10-11,165.55,62.47,0.59,0.34
2012-10-12,165.75,62.55,0.5,0.34
2012-10-13,165.85,62.58,0.6,0.35
2012-10-14,166.05,62.66,0.91,0.35
2012-10-15,166.55,62.85,0.63,0.36
2012-10-16,166.75,62.92,0.59,0.38
2012-10-17,166.95,63,0.67,0.34
2012-10-18,167.05,63.04,0.59,0.32
2012-10-19,167.25,63.11,0.71,0.33
2012-10-20,167.55,63.23,0.66,0.36
2012-10-21,167.75,63.3,0.51,0.41
2012-10-22,167.85,63.34,0.69,0.36
2012-10-23,168.05,63.42,0.58,0.44
2012-10-24,168.15,63.45,0.46,0.43
2012-10-25,168.15,63.45,0.45,0.41
2012-10-26,168.15,63.45,0.4,0.4
2012-10-27,168.25,63.49,0.51,0.35
2012-10-28,168.35,63.53,0.5,0.36
2012-10-29,168.45,63.57,0.44,0.35
2012-10-30,168.55,63.6,0.43,0.29
2012-10-31,168.65,63.64,0.54,0.28
2012-11-01,168.75,63.68,0.67,0.39
2012-11-02,168.95,63.75,0.79,0.35
2012-11-03,169.25,63.87,0.49,0.36
2012-11-04,169.35,63.91,0.59,0.34
2012-11-05,169.55,63.98,1.27,0.34
2012-11-06,170.45,64.32,1.1,0.32
2012-11-07,171.26,64.63,0.69,0.25
2012-11-08,171.66,64.78,0.62,0.24
2012-11-09,171.96,64.89,0.81,0.27
2012-11-10,172.26,65,0.35,0.16
2012-11-11,172.56,65.12,0.47,
2012-11-12,172.96,65.27,0.47,0.02
2012-11-13,173.26,65.38,0.33,0.12
2012-11-14,173.26,65.38,0.92,0.29
2012-11-15,173.86,65.61,0.58,0.27
2012-11-16,174.36,65.8,0.45,0.03
2012-11-17,174.76,65.95,0.45,
2012-11-18,175.16,66.1,0.37,
2012-11-19,175.46,66.21,0.5,0.02
2012-11-20,175.86,66.36,0.4,0.05
2012-11-21,176.06,66.44,0.46,0.15
2012-11-22,176.26,66.51,0.69,0.21
2012-11-23,176.49,66.6,0.42,0.21
2012-11-24,176.75,66.7,0.43,
2012-11-25,177.13,66.84,0.45,
2012-11-26,177.51,66.98,0.76,0.02
2012-11-27,178.14,67.22,0.62,0.08
2012-11-28,178.52,67.37,0.58,0.19
2012-11-29,178.77,67.46,0.63,0.27
2012-11-30,178.9,67.51,0.56,0.33
2012-12-01,179.41,67.7,0.48,0.13
2012-12-02,179.79,67.85,0.48,0.05
2012-12-03,180.17,67.99,0.64,0.05
2012-12-04,180.68,68.18,0.82,0.08
2012-12-05,181.31,68.42,0.69,0.14
2012-12-06,181.82,68.61,0.48,0.14
2012-12-07,182.07,68.71,0.32,0.18
2012-12-08,182.2,68.75,0.3,0.14
2012-12-09,182.45,68.85,0.31,
2012-12-10,182.7,68.94,0.14,0.01
2012-12-11,182.7,68.94,0.26,0.1
2012-12-12,182.7,68.94,0.18,0.21
2012-12-13,182.58,68.9,0.21,0.26
2012-12-14,182.45,68.85,0.24,0.29
2012-12-15,182.45,68.85,0.05,0.2
2012-12-16,182.45,68.85,0.19,
2012-12-17,182.58,68.9,0.28,0.01
2012-12-18,182.58,68.9,0.11,0.24
2012-12-19,182.32,68.8,0.1,0.32
2012-12-20,182.07,68.71,0.11,0.31
2012-12-21,181.82,68.61,0.25,0.31
2012-12-22,181.82,68.61,0.05,
2012-12-23,181.82,68.61,0.19,
2012-12-24,181.94,68.66,0.05,0.01
2012-12-25,181.82,68.61,0.18,0.13
2012-12-26,181.56,68.51,,0.39
2012-12-27,181.31,68.42,0.17,0.36
2012-12-28,181.06,68.32,0.17,0.37
2012-12-29,180.93,68.28,0.05,0.25
2012-12-30,180.93,68.28,0.19,
2012-12-31,181.06,68.32,,0.01
2013-01-01,180.8,68.23,0.11,0.17
2013-01-02,180.42,68.08,,0.45
2013-01-03,179.91,67.89,0.11,0.45
2013-01-04,179.53,67.75,0.12,0.45
2013-01-05,179.28,67.65,0.05,0.33
2013-01-06,179.28,67.65,0.06,
2013-01-07,179.28,67.65,,0.01
2013-01-08,179.03,67.56,,0.17
2013-01-09,178.52,67.37,0.13,0.46
2013-01-10,178.01,67.17,0.24,0.46
2013-01-11,177.63,67.03,0.41,0.71
2013-01-12,176.62,66.65,0.41,1.37
2013-01-13,175.46,66.21,,1.25
2013-01-14,174.26,65.76,0.07,1.16
2013-01-15,173.06,65.31,,1.22
2013-01-16,171.76,64.82,,1.05
2013-01-17,170.96,64.51,0.04,0.39
2013-01-18,170.56,64.36,,0.4
2013-01-19,170.05,64.17,0.01,0.44
2013-01-20,169.55,63.98,0.11,0.47
2013-01-21,169.15,63.83,,0.47
2013-01-22,168.65,63.64,0.05,0.46
2013-01-23,168.25,63.49,0.1,0.4
2013-01-24,167.95,63.38,0.18,0.36
2013-01-25,167.65,63.26,0.09,0.43
2013-01-26,167.25,63.11,0.49,0.44
2013-01-27,166.85,62.96,0.14,0.14
2013-01-28,166.45,62.81,0.11,0.49
2013-01-29,165.95,62.62,0.53,0.56
2013-01-30,165.35,62.4,0.22,1.08
2013-01-31,164.34,62.02,0.84,1.17
2013-02-01,163.74,61.79,,1.4
2013-02-02,162.94,61.49,0.39,0.74
2013-02-03,162.84,61.45,0.46,0.44
2013-02-04,162.84,61.45,0.34,0.4
2013-02-05,162.74,61.41,0.31,0.38
2013-02-06,162.64,61.37,0.46,0.36
2013-02-07,162.64,61.37,0.47,0.18
2013-02-08,162.64,61.37,0.43,0.41
2013-02-09,162.54,61.34,0.58,0.47
2013-02-10,162.24,61.22,0.51,0.82
2013-02-11,161.84,61.07,0.46,0.86
2013-02-12,161.24,60.85,0.36,1.01
2013-02-13,160.34,60.51,,1.21
2013-02-14,159.23,60.09,,1.01
2013-02-15,158.53,59.82,0.24,0.41
2013-02-16,158.23,59.71,0.15,0.48
2013-02-17,157.83,59.56,0.06,0.49
2013-02-18,157.33,59.37,0.5,0.5
2013-02-19,156.93,59.22,0.18,0.85
2013-02-20,155.93,58.84,0.1,1.13
2013-02-21,154.93,58.46,0.17,1.05
2013-02-22,153.82,58.05,,1.22
2013-02-23,152.62,57.59,0.1,1.12
2013-02-24,151.52,57.18,0.08,1.17
2013-02-25,150.32,56.72,,1.23
2013-02-26,149.12,56.27,,1.24
2013-02-27,148.32,55.97,0.09,0.45
2013-02-28,147.91,55.82,0.07,0.43
2013-03-01,147.51,55.66,0.24,0.42
2013-03-02,147.11,55.51,0.4,0.59
2013-03-03,146.31,55.21,0.06,1.14
2013-03-04,145.11,54.76,0.89,1.2
2013-03-05,144.71,54.61,0.36,1.23
2013-03-06,144.01,54.34,0.25,1
2013-03-07,143.41,54.12,,0.79
2013-03-08,142.71,53.85,0.1,0.54
2013-03-09,142.4,53.74,0.06,0.34
2013-03-10,142.1,53.62,0.08,0.31
2013-03-11,141.8,53.51,0.72,0.32
2013-03-12,141.5,53.4,,0.98
2013-03-13,140.2,52.91,0.03,1.23
2013-03-14,138.9,52.42,,1.28
2013-03-15,137.6,51.92,0.05,1.2
2013-03-16,136.49,51.51,,1.1
2013-03-17,135.39,51.09,,1.04
2013-03-18,134.29,50.68,,0.71
2013-03-19,133.69,50.45,,0.45
2013-03-20,133.29,50.3,,0.45
2013-03-21,132.79,50.11,0.72,0.47
2013-03-22,132.29,49.92,,1.16
2013-03-23,130.78,49.35,0.06,1.43
2013-03-24,129.38,48.82,,1.41
2013-03-25,127.98,48.29,,1.33
2013-03-26,126.58,47.77,0.01,1.28
2013-03-27,125.28,47.28,,1.26
2013-03-28,123.97,46.78,,0.7
2013-03-29,123.44,46.58,,0.49
2013-03-30,122.9,46.38,,0.47
2013-03-31,122.36,46.17,0.19,0.43
2013-04-01,121.82,45.97,0.22,0.67
2013-04-02,120.98,45.65,0.47,1.01
2013-04-03,119.68,45.16,,1.72
2013-04-04,117.91,44.49,,1.54
2013-04-05,116.45,43.94,0.4,0.92
2013-04-06,115.38,43.54,,1.42
2013-04-07,113.84,42.96,,1.43
2013-04-08,112.31,42.38,0.54,0.76
2013-04-09,111.77,42.18,0.43,1.03
2013-04-10,110.39,41.66,,1.76
2013-04-11,108.4,40.91,,1.91
2013-04-12,106.55,40.21,,1.5
2013-04-13,104.94,39.6,,1.49
2013-04-14,103.33,38.99,,1.48
2013-04-15,101.64,38.35,,1.49
2013-04-16,99.96,37.72,,1.46
2013-04-17,98.27,37.08,0.61,1.48
2013-04-18,96.58,36.45,,1.48
2013-04-19,94.81,35.78,0.03,1.16
2013-04-20,93.43,35.26,,1.36
2013-04-21,91.75,34.62,,1.37
2013-04-22,90.13,34.01,,1.37
2013-04-23,88.44,33.37,,1.37
2013-04-24,86.93,32.8,,1.37
2013-04-25,85.5,32.26,,1.34
2013-04-26,84.12,31.74,0.15,1.33
2013-04-27,82.9,31.28,,1.32
2013-04-28,81.42,30.72,,1.28
2013-04-29,80.1,30.23,,1.24
2013-04-30,78.78,29.73,0.03,1.25
2013-05-01,77.46,29.23,,1.31
2013-05-02,76.14,28.73,0.02,1.27
2013-05-03,74.82,28.23,,1.29
2013-05-04,73.55,27.75,,1.22
2013-05-05,72.4,27.32,,0.95
2013-05-06,71.66,27.04,0.23,0.5
2013-05-07,71.08,26.82,0.08,0.76
2013-05-08,70.39,26.56,0.07,0.72
2013-05-09,69.7,26.3,0.13,0.71
2013-05-10,69.02,26.05,0.11,0.98
2013-05-11,67.92,25.63,1.01,1.16
2013-05-12,66.72,25.18,,1.18
2013-05-13,65.51,24.72,,1.17
2013-05-14,64.25,24.25,,1.06
2013-05-15,63.16,23.83,,0.98
2013-05-16,62.18,23.46,0.05,0.93
2013-05-17,61.38,23.16,0.02,0.81
2013-05-18,60.75,22.92,,0.61
2013-05-19,60.06,22.66,,0.61
2013-05-20,59.37,22.4,0.07,0.18
2013-05-21,59.15,22.32,0.2,0.2
2013-05-22,58.85,22.21,0.17,0.5
2013-05-23,58.51,22.08,0.03,0.47
2013-05-24,58.33,22.01,0.26,0.16
2013-05-25,58.55,22.09,0.13,
2013-05-26,58.64,22.13,0.22,
2013-05-27,58.72,22.16,0.14,0.09
2013-05-28,58.72,22.16,0.1,0.09
2013-05-29,58.68,22.14,0.03,0.09
2013-05-30,58.42,22.05,0.17,0.24
2013-05-31,58.03,21.9,0.18,0.51
2013-06-01,57.64,21.75,0.17,0.53
2013-06-02,57.26,21.61,0.12,0.51
2013-06-03,56.82,21.44,0.2,0.51
2013-06-04,56.61,21.36,0.22,0.38
2013-06-05,56.69,21.39,0.22,0.09
2013-06-06,56.78,21.43,0.26,0.09
2013-06-07,56.91,21.48,0.43,0.09
2013-06-08,57.21,21.59,0.39,0.09
2013-06-09,57.47,21.69,0.22,0.09
2013-06-10,57.56,21.72,0.17,0.09
2013-06-11,57.6,21.74,0.73,0.09
2013-06-12,58.2,21.96,0.95,0.09
2013-06-13,59.02,22.27,0.76,0.09
2013-06-14,59.65,22.51,0.53,0.09
2013-06-15,60.06,22.66,0.42,0.09
2013-06-16,60.34,22.77,0.17,0.09
2013-06-17,60.11,22.68,0.19,0.36
2013-06-18,59.77,22.55,0.14,0.49
2013-06-19,59.37,22.4,0.12,0.5
2013-06-20,58.94,22.24,0.25,0.51
2013-06-21,58.64,22.13,0.16,0.51
2013-06-22,58.25,21.98,1.13,0.5
2013-06-23,57.81,21.82,0.86,0.52
2013-06-24,57.38,21.65,,1.62
2013-06-25,56.05,21.15,,1.27
2013-06-26,55.27,20.86,0.21,0.53
2013-06-27,54.93,20.73,0.13,0.51
2013-06-28,54.5,20.57,0.14,0.52
2013-06-29,54.06,20.4,0.14,0.53
2013-06-30,53.63,20.24,0.35,0.53
2013-07-01,53.42,20.16,0.19,0.53
2013-07-02,53.03,20.01,0.2,0.54
2013-07-03,52.64,19.86,0.22,0.54
2013-07-04,52.21,19.7,0.22,0.61
2013-07-05,51.82,19.55,0.31,0.57
2013-07-06,51.52,19.44,0.65,0.57
2013-07-07,51.56,19.46,0.52,0.57
2013-07-08,51.48,19.43,0.61,0.57
2013-07-09,51.48,19.43,0.69,0.57
2013-07-10,51.56,19.46,0.61,0.57
2013-07-11,51.56,19.46,0.61,0.57
2013-07-12,51.56,19.46,0.65,0.57
2013-07-13,51.61,19.48,0.65,0.57
2013-07-14,51.65,19.49,0.52,0.57
2013-07-15,51.56,19.46,0.51,0.57
2013-07-16,51.48,19.43,0.6,0.56
2013-07-17,51.56,19.46,0.87,0.48
2013-07-18,51.91,19.59,0.73,0.48
2013-07-19,52.12,19.67,0.61,0.48
2013-07-20,52.21,19.7,0.52,0.48
2013-07-21,52.21,19.7,0.35,0.48
2013-07-22,52.04,19.64,0.22,0.48
2013-07-23,51.74,19.52,0.26,0.48
2013-07-24,51.48,19.43,0.34,0.48
2013-07-25,51.31,19.36,0.43,0.48
2013-07-26,51.22,19.33,0.43,0.48
2013-07-27,51.13,19.29,0.3,0.48
2013-07-28,50.92,19.22,0.39,0.48
2013-07-29,50.79,19.17,0.47,0.48
2013-07-30,50.75,19.15,0.87,0.48
2013-07-31,51.13,19.29,1.83,0.45
2013-08-01,52.51,19.82,1.75,0.42
2013-08-02,53.81,20.31,1.54,0.42
2013-08-03,54.88,20.71,1.24,0.42
2013-08-04,55.57,20.97,0.64,0.43
2013-08-05,55.75,21.04,0.73,0.43
2013-08-06,56.01,21.14,0.6,0.43
2013-08-07,56.13,21.18,0.66,0.44
2013-08-08,56.31,21.25,0.83,0.45
2013-08-09,56.65,21.38,1.69,0.45
2013-08-10,57.86,21.83,5.5,0.45
2013-08-11,62.87,23.72,8.26,0.45
2013-08-12,70.68,26.67,3.03,0.41
2013-08-13,73.55,27.75,4,0.12
2013-08-14,77.51,29.25,1.48,
2013-08-15,78.72,29.71,1.14,0.23
2013-08-16,79.47,29.99,1.43,0.36
2013-08-17,80.5,30.38,1.28,0.36
2013-08-18,81.36,30.7,1.11,0.38
2013-08-19,82.05,30.96,0.71,0.38
2013-08-20,82.28,31.05,0.75,0.44
2013-08-21,82.51,31.14,1.02,0.48
2013-08-22,83.08,31.35,1.05,0.4
2013-08-23,83.89,31.66,1.49,0.2
2013-08-24,85.32,32.2,1.83,0.11
2013-08-25,86.93,32.8,1.34,0.18
2013-08-26,87.85,33.15,1.23,0.38
2013-08-27,88.6,33.43,1.33,0.45
2013-08-28,89.44,33.75,1.54,0.44
2013-08-29,90.52,34.16,1.07,0.42
2013-08-30,91.13,34.39,1.08,0.42
2013-08-31,91.75,34.62,1.62,0.43
2013-09-01,92.9,35.06,3.16,0.43
2013-09-02,95.58,36.07,3.39,0.43
2013-09-03,98.5,37.17,2.29,0.43
2013-09-04,100.34,37.86,1.3,0.4
2013-09-05,101.26,38.21,0.82,0.34
2013-09-06,101.64,38.35,1.27,0.39
2013-09-07,102.49,38.68,4.78,0.38
2013-09-08,106.86,40.32,8.11,0.36
2013-09-09,114.77,43.31,5.21,0.16
2013-09-10,119.83,45.22,5.52,0.1
2013-09-11,125.2,47.25,4.48,0.1
2013-09-12,129.48,48.86,4.15,0.16
2013-09-13,133.19,50.26,4.37,0.39
2013-09-14,137.2,51.77,5.67,0.31
2013-09-15,142.5,53.77,4.27,0.31
2013-09-16,146.41,55.25,3.05,0.31
2013-09-17,149.02,56.23,2.75,0.3
2013-09-18,151.42,57.14,3.26,0.3
2013-09-19,154.32,58.23,2.36,0.3
2013-09-20,156.33,58.99,1.66,0.3
2013-09-21,157.63,59.48,1.1,0.31
2013-09-22,158.33,59.75,1,0.34
2013-09-23,158.93,59.97,0.9,0.35
2013-09-24,159.44,60.17,0.8,0.34
2013-09-25,159.84,60.32,1.11,0.35
2013-09-26,160.54,60.58,1.11,0.36
2013-09-27,161.24,60.85,1.5,0.36
2013-09-28,162.34,61.26,2.96,0.35
2013-09-29,164.94,62.24,2.74,0.3
2013-09-30,167.35,63.15,1.77,0.28
2013-10-01,168.75,63.68,1.19,0.32
2013-10-02,169.55,63.98,1.17,0.33
2013-10-03,170.35,64.28,1.34,0.32
2013-10-04,171.36,64.66,1.11,0.29
2013-10-05,172.16,64.97,1.14,0.26
2013-10-06,172.96,65.27,1.63,0.29
2013-10-07,174.26,65.76,1.72,0.28
2013-10-08,175.66,66.29,1.44,0.27
2013-10-09,176.75,66.7,1.01,0.31
2013-10-10,177.38,66.94,0.76,0.32
2013-10-11,177.76,67.08,0.76,0.33
2013-10-12,178.14,67.22,0.62,0.33
2013-10-13,178.39,67.32,0.59,0.32
2013-10-14,178.65,67.42,0.6,0.28
2013-10-15,178.9,67.51,0.47,0.3
2013-10-16,179.03,67.56,0.5,0.3
2013-10-17,179.15,67.6,0.38,0.32
2013-10-18,179.15,67.6,1,0.33
2013-10-19,179.79,67.85,4.1,0.31
2013-10-20,183.59,69.28,4.77,0.24
2013-10-21,188.16,71,5.08,0.15
2013-10-22,192.97,72.82,5.32,0.21
2013-10-23,198.04,74.73,3.83,0.2
2013-10-24,201.72,76.12,2.43,0.1
2013-10-25,204,76.98,3.47,0.1
2013-10-26,207.3,78.23,3.57,0.12
2013-10-27,210.6,79.47,2.29,0.22
2013-10-28,212.62,80.23,1.52,0.2
2013-10-29,213.89,80.71,2.92,0.2
2013-10-30,216.52,81.71,2.59,0.2
2013-10-31,218.96,82.63,2.08,0.13
2013-11-01,220.87,83.35,1.7,0.13
2013-11-02,222.39,83.92,1.38,0.13
2013-11-03,223.53,84.35,1.21,0.15
2013-11-04,224.54,84.73,0.93,0.15
2013-11-05,225.3,85.02,0.89,0.12
2013-11-06,226.06,85.31,0.78,0.07
2013-11-07,226.7,85.55,0.87,0.09
2013-11-08,227.33,85.78,0.71,0.18
2013-11-09,227.84,85.98,0.73,0.15
2013-11-10,228.35,86.17,0.81,0.17
2013-11-11,228.85,86.36,0.67,0.25
2013-11-12,229.23,86.5,0.54,0.23
2013-11-13,229.49,86.6,0.5,0.23
2013-11-14,229.74,86.69,0.89,0.19
2013-11-15,230.37,86.93,0.9,0.2
2013-11-16,231.01,87.17,1.16,0.21
2013-11-17,231.9,87.51,0.62,0.22
2013-11-18,232.28,87.65,1.09,0.19
2013-11-19,233.16,87.98,1.5,0.15
2013-11-20,234.56,88.51,2.21,0.05
2013-11-21,236.71,89.32,1.58,
2013-11-22,238.23,89.9,0.85,
2013-11-23,238.99,90.18,0.74,0.03
2013-11-24,239.63,90.43,0.75,0.05
2013-11-25,240.25,90.66,0.8,0.07
2013-11-26,240.92,90.91,0.56,0.08
2013-11-27,241.42,91.1,0.96,0.02
2013-11-28,242.25,91.42,0.67,0.08
2013-11-29,242.75,91.6,0.69,0.12
2013-11-30,243.25,91.79,1.57,0.13
2013-12-01,244.58,92.29,1.09,0.18
2013-12-02,245.41,92.61,0.73,0.2
2013-12-03,245.91,92.8,0.45,0.18
2013-12-04,246.24,92.92,0.41,0.07
2013-12-05,246.57,93.05,0.49,0.02
2013-12-06,246.91,93.17,0.48,0.1
2013-12-07,247.24,93.3,0.53,0.1
2013-12-08,247.57,93.42,0.61,0.15
2013-12-09,247.9,93.55,0.68,0.23
2013-12-10,248.24,93.68,0.48,0.3
2013-12-11,248.57,93.8,0.29,0.1
2013-12-12,248.73,93.86,0.36,0.08
2013-12-13,248.9,93.92,0.37,0.15
2013-12-14,249.07,93.99,0.45,0.15
2013-12-15,249.23,94.05,0.66,0.23
2013-12-16,249.73,94.24,1.27,0.11
2013-12-17,250.9,94.68,2.09,0.06
2013-12-18,252.89,95.43,0.73,0.05
2013-12-19,253.56,95.68,0.64,0.02
2013-12-20,254.05,95.87,0.5,0.09
2013-12-21,254.39,96,0.45,0.12
2013-12-22,254.55,96.06,0.47,0.23
2013-12-23,254.72,96.12,0.46,0.25
2013-12-24,254.89,96.18,0.31,0.24
2013-12-25,255.05,96.25,0.25,0.09
2013-12-26,255.22,96.31,0.4,0.03
2013-12-27,255.38,96.37,0.27,0.19
2013-12-28,255.38,96.37,0.37,0.22
2013-12-29,255.38,96.37,0.38,0.32
2013-12-30,255.38,96.37,0.38,0.33
2013-12-31,255.38,96.37,0.38,0.33
2014-01-01,255.38,96.37,0.38,0.33
2014-01-02,255.38,96.37,0.38,0.33
2014-01-03,255.38,96.37,0.38,0.33
2014-01-04,255.38,96.37,0.38,0.33
2014-01-05,255.38,96.37,0.38,0.33
2014-01-06,255.38,96.37,0.37,0.33
2014-01-07,255.38,96.37,0.25,0.32
2014-01-08,255.22,96.31,0.25,0.37
2014-01-09,255.22,96.31,0.24,0.37
2014-01-10,255.05,96.25,0.24,0.35
2014-01-11,254.89,96.18,0.24,0.35
2014-01-12,254.72,96.12,0.22,0.35
2014-01-13,254.55,96.06,0.24,0.34
2014-01-14,254.39,96,0.27,0.35
2014-01-15,254.22,95.93,0.26,0.39
2014-01-16,254.05,95.87,0.26,0.38
2014-01-17,253.89,95.81,1.09,0.38
2014-01-18,253.72,95.74,0.43,1.21
2014-01-19,252.39,95.24,0.09,1.71
2014-01-20,250.73,94.62,,1.7
2014-01-21,249.07,93.99,,0.99
2014-01-22,248.4,93.74,0.03,0.49
2014-01-23,247.9,93.55,0.02,0.47
2014-01-24,247.4,93.36,0.75,0.46
2014-01-25,246.91,93.17,0.25,1.19
2014-01-26,245.41,92.61,,1.69
2014-01-27,243.58,91.92,,1.65
2014-01-28,241.92,91.29,,0.93
2014-01-29,241.25,91.04,0.04,0.46
2014-01-30,240.75,90.85,,0.45
2014-01-31,240.25,90.66,0.73,0.44
2014-02-01,239.76,90.48,0.21,1.17
2014-02-02,238.23,89.9,,1.67
2014-02-03,236.46,89.23,,1.67
2014-02-04,234.81,88.61,,0.88
2014-02-05,234.3,88.42,0.2,0.44
2014-02-06,233.8,88.23,0.1,0.64
2014-02-07,233.04,87.94,0.29,0.54
2014-02-08,232.53,87.75,0.43,1
2014-02-09,231.13,87.22,0.05,1.66
2014-02-10,229.49,86.6,,1.64
2014-02-11,228.04,86.05,,0.92
2014-02-12,227.2,85.74,,0.43
2014-02-13,226.7,85.55,0.07,0.4
2014-02-14,226.32,85.4,0.69,0.39
2014-02-15,225.81,85.21,0.59,1.14
2014-02-16,224.42,84.69,,1.93
2014-02-17,222.13,83.82,,2.08
2014-02-18,219.98,83.01,,1.09
2014-02-19,219.34,82.77,0.1,0.42
2014-02-20,218.96,82.63,,0.42
2014-02-21,218.46,82.44,0.77,0.43
2014-02-22,217.95,82.25,0.28,1.22
2014-02-23,216.43,81.67,,1.74
2014-02-24,214.53,80.95,,1.74
2014-02-25,212.75,80.28,,0.98
2014-02-26,211.99,80,0.11,0.44
2014-02-27,211.61,79.85,,1.24
2014-02-28,211.1,79.66,0.75,0.43
2014-03-01,210.6,79.47,0.15,1.2
2014-03-02,208.95,78.85,0.03,1.74
2014-03-03,207.17,78.18,,1.74
2014-03-04,205.52,77.55,,0.84
2014-03-05,205.14,77.41,,0.28
2014-03-06,204.76,77.27,0.01,0.28
2014-03-07,204.38,77.12,0.82,0.32
2014-03-08,203.88,76.94,0.2,1.26
2014-03-09,202.23,76.31,0.06,1.78
2014-03-10,200.45,75.64,0.32,1.77
2014-03-11,198.93,75.07,,1.79
2014-03-12,197.03,74.35,,0.81
2014-03-13,196.52,74.16,0.03,0.3
2014-03-14,196.14,74.02,0.78,0.35
2014-03-15,195.51,73.78,0.23,1.35
2014-03-16,193.73,73.11,0.09,1.94
2014-03-17,191.83,72.39,,1.93
2014-03-18,189.93,71.67,,1.68
2014-03-19,188.54,71.15,,0.73
2014-03-20,188.03,70.95,0.01,0.22
2014-03-21,187.65,70.81,0.87,0.33
2014-03-22,187.14,70.62,0.17,1.32
2014-03-23,185.37,69.95,,1.89
2014-03-24,183.59,69.28,0.1,1.59
2014-03-25,182.07,68.71,,1.55
2014-03-26,180.68,68.18,,1.04
2014-03-27,179.91,67.89,,0.29
2014-03-28,179.41,67.7,0.93,0.34
2014-03-29,178.9,67.51,0.17,1.37
2014-03-30,177.13,66.84,,1.88
2014-03-31,175.26,66.14,,1.66
2014-04-01,173.46,65.46,0.07,1.63
2014-04-02,172.06,64.93,,1.41
2014-04-03,170.56,64.36,,1.35
2014-04-04,169.05,63.79,0.54,0.79
2014-04-05,168.35,63.53,0.04,1.18
2014-04-06,166.75,62.92,0.18,1.79
2014-04-07,165.15,62.32,,1.73
2014-04-08,163.24,61.6,,1.57
2014-04-09,161.64,61,,0.92
2014-04-10,161.04,60.77,0.03,0.47
2014-04-11,160.54,60.58,0.89,0.47
2014-04-12,160.04,60.39,0.18,1.33
2014-04-13,158.13,59.67,,2.02
2014-04-14,155.93,58.84,,2.03
2014-04-15,153.72,58.01,,2.03
2014-04-16,151.62,57.22,,1.03
2014-04-17,150.92,56.95,,0.38
2014-04-18,150.42,56.76,1,0.41
2014-04-19,150.02,56.61,0.01,1.33
2014-04-20,148.21,55.93,0.02,1.75
2014-04-21,146.41,55.25,,1.76
2014-04-22,144.71,54.61,,1.62
2014-04-23,143.1,54,,0.83
2014-04-24,142.6,53.81,,0.38
2014-04-25,142.1,53.62,0.87,0.4
2014-04-26,141.6,53.43,,1.31
2014-04-27,139.7,52.72,,1.79
2014-04-28,137.7,51.96,,1.76
2014-04-29,135.69,51.2,,1.64
2014-04-30,133.69,50.45,,0.82
2014-05-01,133.19,50.26,0.04,0.32
2014-05-02,132.89,50.15,0.93,0.28
2014-05-03,132.49,50,0.15,1.28
2014-05-04,130.78,49.35,0.28,1.79
2014-05-05,129.38,48.82,0.37,1.63
2014-05-06,128.68,48.56,0.19,1.02
2014-05-07,128.08,48.33,0.25,0.74
2014-05-08,127.58,48.14,0.75,0.7
2014-05-09,127.58,48.14,0.35,0.7
2014-05-10,127.18,47.99,0.52,0.7
2014-05-11,126.68,47.8,0.33,0.98
2014-05-12,125.82,47.48,,1.14
2014-05-13,124.59,47.02,0.11,1.14
2014-05-14,123.51,46.61,,1.13
2014-05-15,122.44,46.2,,0.92
2014-05-16,121.82,45.97,0.61,0.47
2014-05-17,121.59,45.88,0.33,0.79
2014-05-18,120.98,45.65,0.71,0.93
2014-05-19,120.52,45.48,0.34,1.13
2014-05-20,119.75,45.19,0.04,1.05
2014-05-21,119.14,44.96,0.18,0.6
2014-05-22,118.83,44.84,0.18,0.43
2014-05-23,118.53,44.73,0.6,0.44
2014-05-24,118.22,44.61,0.17,0.85
2014-05-25,117.3,44.26,0.65,1.04
2014-05-26,116.07,43.8,,1.13
2014-05-27,114.84,43.34,0.09,1.26
2014-05-28,113.69,42.9,0.03,1.26
2014-05-29,112.39,42.41,,1.29
2014-05-30,111.01,41.89,0.05,1.2
2014-05-31,110.16,41.57,0.2,0.85
2014-06-01,109.47,41.31,0.2,0.84
2014-06-02,108.78,41.05,0.2,0.84
2014-06-03,108.17,40.82,0.13,0.76
2014-06-04,107.86,40.7,0.14,0.39
2014-06-05,107.86,40.7,0.22,0.09
2014-06-06,107.86,40.7,0.06,0.18
2014-06-07,107.78,40.67,0.14,0.09
2014-06-08,107.78,40.67,0.22,0.09
2014-06-09,107.86,40.7,0.37,0.09
2014-06-10,108.09,40.79,0.52,0.09
2014-06-11,108.47,40.93,0.29,0.09
2014-06-12,108.63,40.99,0.45,0.09
2014-06-13,108.93,41.11,0.29,0.09
2014-06-14,109.09,41.17,0.37,0.09
2014-06-15,109.32,41.25,0.45,0.09
2014-06-16,109.62,41.37,0.5,0.09
2014-06-17,109.78,41.43,0.53,0.29
2014-06-18,109.78,41.43,0.86,0.48
2014-06-19,110.16,41.57,0.5,0.43
2014-06-20,110.16,41.57,0.31,0.46
2014-06-21,109.93,41.48,0.41,0.5
2014-06-22,109.78,41.43,0.27,0.52
2014-06-23,109.47,41.31,0.2,0.53
2014-06-24,109.09,41.17,0.29,0.54
2014-06-25,108.86,41.08,0.17,0.47
2014-06-26,108.7,41.02,0.18,0.28
2014-06-27,108.55,40.96,0.17,0.29
2014-06-28,108.32,40.88,0.1,0.35
2014-06-29,108.01,40.76,0.14,0.36
2014-06-30,107.55,40.58,0.14,0.55
2014-07-01,107.09,40.41,0.44,0.55
2014-07-02,106.94,40.35,0.52,0.55
2014-07-03,106.86,40.32,0.43,0.55
2014-07-04,106.71,40.27,0.45,0.54
2014-07-05,106.55,40.21,0.38,0.56
2014-07-06,106.32,40.12,0.38,0.57
2014-07-07,106.09,40.03,0.31,0.57
2014-07-08,105.79,39.92,0.38,0.57
2014-07-09,105.56,39.83,0.51,0.57
2014-07-10,105.48,39.8,0.8,0.54
2014-07-11,105.71,39.89,0.72,0.52
2014-07-12,105.86,39.95,1.49,0.43
2014-07-13,106.79,40.3,1.41,0.52
2014-07-14,107.63,40.62,4.76,0.52
2014-07-15,111.85,42.21,3.54,0.5
2014-07-16,114.84,43.34,1.93,0.5
2014-07-17,116.22,43.86,0.79,0.5
2014-07-18,116.45,43.94,0.66,0.51
2014-07-19,116.53,43.97,0.75,0.54
2014-07-20,116.68,44.03,0.76,0.55
2014-07-21,116.84,44.09,0.61,0.56
2014-07-22,116.84,44.09,0.53,0.56
2014-07-23,116.76,44.06,0.45,0.56
2014-07-24,116.61,44,0.41,0.56
2014-07-25,116.45,43.94,0.54,0.51
2014-07-26,116.38,43.92,0.32,0.57
2014-07-27,116.07,43.8,0.55,0.58
2014-07-28,115.99,43.77,1.09,0.58
2014-07-29,116.45,43.94,1.24,0.58
2014-07-30,117.07,44.18,0.86,0.58
2014-07-31,117.3,44.26,0.53,0.58
2014-08-01,117.3,44.26,0.61,0.49
2014-08-02,117.37,44.29,0.37,0.48
2014-08-03,117.22,44.23,0.45,0.48
2014-08-04,117.14,44.2,0.53,0.48
2014-08-05,117.14,44.2,0.68,0.48
2014-08-06,117.3,44.26,0.83,0.48
2014-08-07,117.6,44.38,2.37,0.48
2014-08-08,119.45,45.08,1.37,0.48
2014-08-09,120.29,45.39,1.07,0.48
2014-08-10,120.83,45.6,1.07,0.48
2014-08-11,121.36,45.8,1.14,0.48
2014-08-12,121.98,46.03,0.99,0.49
2014-08-13,122.44,46.2,0.61,0.49
2014-08-14,122.52,46.23,0.53,0.49
2014-08-15,122.52,46.23,0.76,0.49
2014-08-16,122.75,46.32,1.1,
2014-08-17,123.36,46.55,1.15,0.44
2014-08-18,124.05,46.81,0.76,0.41
2014-08-19,124.36,46.93,0.69,0.41
2014-08-20,124.59,47.02,1.08,0.41
2014-08-21,125.2,47.25,5.36,0.42
2014-08-22,130.08,49.09,2.68,0.44
2014-08-23,132.29,49.92,1.38,0.43
2014-08-24,133.19,50.26,0.68,0.44
2014-08-25,133.39,50.34,0.58,0.44
2014-08-26,133.49,50.37,0.58,0.44
2014-08-27,133.59,50.41,0.68,0.44
2014-08-28,133.79,50.49,0.98,0.44
2014-08-29,134.29,50.68,0.78,0.44
2014-08-30,134.59,50.79,1.07,
2014-08-31,135.19,51.02,1,0.43
2014-09-01,136.19,51.39,1.82,0.02
2014-09-02,137.6,51.92,1.33,0.37
2014-09-03,138.5,52.26,5.21,0.38
2014-09-04,143.51,54.15,7.06,0.15
2014-09-05,150.52,56.8,4.36,
2014-09-06,154.83,58.43,2.72,
2014-09-07,157.43,59.41,1.34,0.07
2014-09-08,158.43,59.78,1.38,0.28
2014-09-09,159.33,60.12,0.94,0.43
2014-09-10,159.84,60.32,0.8,0.39
2014-09-11,160.24,60.47,1.11,0.35
2014-09-12,160.94,60.73,0.62,0.36
2014-09-13,161.14,60.81,0.51,
2014-09-14,161.24,60.85,0.51,0.36
2014-09-15,161.34,60.88,0.5,0.36
2014-09-16,161.44,60.92,0.77,0.35
2014-09-17,161.84,61.07,1.17,0.32
2014-09-18,162.64,61.37,0.87,0.32
2014-09-19,163.14,61.56,0.57,0.32
2014-09-20,163.34,61.64,0.57,0.32
2014-09-21,163.54,61.71,0.77,0.32
2014-09-22,163.94,61.86,0.57,0.32
2014-09-23,164.14,61.94,0.47,0.32
2014-09-24,164.24,61.98,0.1,0.32
2014-09-25,164.34,62.02,0.77,0.01
2014-09-26,164.74,62.17,0.67,0.32
2014-09-27,165.04,62.28,1.07,0.32
2014-09-28,165.75,62.55,0.77,0.34
2014-09-29,166.15,62.7,0.57,0.32
2014-09-30,166.35,62.77,1.57,0.32
2014-10-01,167.55,63.23,0.97,0.32
2014-10-02,168.15,63.45,0.66,0.31
2014-10-03,168.45,63.57,0.61,0.31
2014-10-04,168.65,63.64,0.46,
2014-10-05,168.75,63.68,0.46,0.31
2014-10-06,168.85,63.72,0.56,0.31
2014-10-07,169.05,63.79,0.55,0.31
2014-10-08,169.25,63.87,0.44,0.3
2014-10-09,169.35,63.91,0.35,0.29
2014-10-10,169.35,63.91,0.38,0.3
2014-10-11,169.35,63.91,0.28,0.33
2014-10-12,169.25,63.87,0.28,0.33
2014-10-13,169.15,63.83,0.57,0.33
2014-10-14,169.35,63.91,0.52,0.32
2014-10-15,169.55,63.98,0.42,0.27
2014-10-16,169.65,64.02,0.33,0.27
2014-10-17,169.65,64.02,0.37,0.28
2014-10-18,169.65,64.02,0.37,0.32
2014-10-19,169.65,64.02,0.27,0.32
2014-10-20,169.55,63.98,0.36,0.32
2014-10-21,169.55,63.98,0.32,0.31
2014-10-22,169.55,63.98,0.42,0.27
2014-10-23,169.65,64.02,0.54,0.27
2014-10-24,169.88,64.11,1.79,0.29
2014-10-25,171.26,64.63,2.2,0.33
2014-10-26,173.16,65.34,1.29,0.25
2014-10-27,174.16,65.72,0.91,0.24
2014-10-28,174.76,65.95,0.63,0.26
2014-10-29,175.06,66.06,0.48,0.28
2014-10-30,175.26,66.14,1.08,0.23
2014-10-31,176.06,66.44,1.22,0.23
2014-11-01,177,66.79,0.8,0.23
2014-11-02,177.51,66.98,0.55,0.24
2014-11-03,177.76,67.08,0.67,0.25
2014-11-04,178.14,67.22,0.9,0.24
2014-11-05,178.77,67.46,1.03,0.22
2014-11-06,179.54,67.75,1.41,0.22
2014-11-07,180.68,68.18,2.01,0.22
2014-11-08,182.45,68.85,1.44,0.19
2014-11-09,183.72,69.33,1.11,0.12
2014-11-10,184.73,69.71,0.77,0.05
2014-11-11,185.37,69.95,0.74,0.09
2014-11-12,185.87,70.14,0.72,0.18
2014-11-13,186.38,70.33,0.61,0.16
2014-11-14,186.76,70.48,0.5,0.18
2014-11-15,187.02,70.57,0.49,0.19
2014-11-16,187.27,70.67,0.38,0.19
2014-11-17,187.52,70.76,0.36,0.07
2014-11-18,187.78,70.86,0.32,0.05
2014-11-19,188.03,70.95,0.33,0.02
2014-11-20,188.28,71.05,0.37,0.03
2014-11-21,188.54,71.15,0.35,0.07
2014-11-22,188.66,71.19,0.37,0.17
2014-11-23,188.79,71.24,0.27,0.19
2014-11-24,188.79,71.24,0.29,0.22
2014-11-25,188.79,71.24,0.39,0.24
2014-11-26,188.92,71.29,0.21,0.22
2014-11-27,189.04,71.34,0.24,0.04
2014-11-28,189.17,71.38,0.23,0.07
2014-11-29,189.3,71.43,0.26,0.05
2014-11-30,189.42,71.48,0.17,0.08
2014-12-01,189.42,71.48,0.27,0.12
2014-12-02,189.42,71.48,0.22,0.22
2014-12-03,189.42,71.48,0.22,0.17
2014-12-04,189.42,71.48,0.21,0.17
2014-12-05,189.42,71.48,0.19,0.16
2014-12-06,189.42,71.48,0.17,0.14
2014-12-07,189.42,71.48,0.17,0.12
2014-12-08,189.42,71.48,0.17,0.12
2014-12-09,189.42,71.48,0.21,0.12
2014-12-10,189.55,71.53,0.12,0.04
2014-12-11,189.55,71.53,0.21,0.07
2014-12-12,189.55,71.53,0.12,0.16
2014-12-13,189.92,71.67,0.11,0.2
2014-12-14,189.17,71.38,0.12,0.32
2014-12-15,188.92,71.29,0.19,0.33
2014-12-16,188.79,71.24,0.11,0.27
2014-12-17,188.79,71.24,0.11,0.06
2014-12-18,188.79,71.24,0.68,0.06
2014-12-19,188.79,71.24,0.15,0.63
2014-12-20,187.9,70.91,0.02,
2014-12-21,187.02,70.57,,
2014-12-22,186,70.19,,0.67
2014-12-23,185.62,70.05,0.04,0.32
2014-12-24,185.37,69.95,0.17,0.25
2014-12-25,185.24,69.9,0.12,0.25
2014-12-26,185.11,69.85,0.11,0.2
2014-12-27,185.11,69.85,0.09,0.07
2014-12-28,184.99,69.81,0.07,0.15
2014-12-29,184.86,69.76,0.07,0.15
2014-12-30,184.73,69.71,0.1,0.15
2014-12-31,184.73,69.71,0.1,0.05
2015-01-01,174.19,65.73,0.1,0.18
2015-01-02,174.19,65.73,0.02,0.23
2015-01-03,174.19,65.73,0.05,0.26
2015-01-04,174.19,65.73,0.1,0.31
2015-01-05,173.19,65.35,0.08,0.29
2015-01-06,173.19,65.35,0.03,0.23
2015-01-07,173.19,65.35,0.13,0.21
2015-01-08,173.19,65.35,0.13,0.21
2015-01-09,173.19,65.35,0.13,0.21
2015-01-10,173.19,65.35,0.28,0.23
2015-01-11,174.19,65.73,1.21,0.28
2015-01-12,174.19,65.73,1.2,0.27
2015-01-13,175.19,66.11,0.7,0.27
2015-01-14,175.19,66.11,0.44,0.27
2015-01-15,175.19,66.11,0.25,0.2
2015-01-16,175.19,66.11,0.23,0.18
2015-01-17,175.19,66.11,0.13,0.21
2015-01-18,175.19,66.11,0.22,0.3
2015-01-19,175.19,66.11,0.22,0.3
2015-01-20,174.19,65.73,0.22,0.3
2015-01-21,174.19,65.73,0.22,0.3
2015-01-22,174.19,65.73,0.92,0.87
2015-01-23,173.19,65.35,0.17,1.26
2015-01-24,172.19,64.98,,1.07
2015-01-25,171.19,64.6,0.18,1.01
2015-01-26,170.19,64.22,0.05,1.02
2015-01-27,169.19,63.84,,0.58
2015-01-28,169.19,63.84,,0.01
2015-01-29,169.19,63.84,0.14,0.22
2015-01-30,169.19,63.84,0.12,0.2
2015-01-31,168.19,63.47,0.93,1.01
2015-02-01,167.19,63.09,,1.1
2015-02-02,166.19,62.71,0.06,1.02
2015-02-03,165.19,62.33,,0.49
2015-02-04,165.19,62.33,0.08,0.32
2015-02-05,165.19,62.33,0.08,0.23
2015-02-06,164.19,61.96,0.05,0.2
2015-02-07,164.19,61.96,0.77,1.02
2015-02-08,163.19,61.58,,1.1
2015-02-09,162.19,61.2,,1.02
2015-02-10,161.19,60.82,,0.49
2015-02-11,160.19,60.45,0.06,0.31
2015-02-12,160.19,60.45,0.08,0.23
2015-02-13,160.19,60.45,0.06,0.21
2015-02-14,160.19,60.45,0.77,1.02
2015-02-15,158.19,59.69,,1.11
2015-02-16,157.19,59.32,0.37,1.02
2015-02-17,156.19,58.94,,0.69
2015-02-18,156.19,58.94,0.14,0.69
2015-02-19,155.19,58.56,,0.01
2015-02-20,155.19,58.56,0.01,0.45
2015-02-21,154.19,58.18,0.64,1.08
2015-02-22,153.19,57.81,,1.1
2015-02-23,152.19,57.43,0.21,1.16
2015-02-24,151.19,57.05,,0.72
2015-02-25,150.19,56.67,,0.61
2015-02-26,149.19,56.3,0.1294,0.58
2015-02-27,149.19,56.3,,0.5
2015-02-28,148.19,55.92,0.65,1.1
2015-03-01,147.19,55.54,,1.29
2015-03-02,146.19,55.16,,1.15
2015-03-03,144.19,54.41,,1.07
2015-03-04,144.19,54.41,,0.31
2015-03-05,143.19,54.03,0.08,0.22
2015-03-06,143.19,54.03,0.09,0.34
2015-03-07,143.19,54.03,0.91,1.35
2015-03-08,141.19,53.28,,1.39
2015-03-09,140.19,52.9,0.06,1.3
2015-03-10,138.19,52.15,0.06,1.31
2015-03-11,138.19,52.15,,0.51
2015-03-12,137.19,51.77,0.19,0.44
2015-03-13,137.19,51.77,0.25,0.44
2015-03-14,136.19,51.39,0.56,1.31
2015-03-16,133.19,50.26,,1.32
2015-03-17,132.19,49.88,,0.59
2015-03-18,131.19,49.5,0.11,0.46
2015-03-19,131.19,49.5,0.18,0.63
2015-03-20,130.19,49.13,0.02,0.47
2015-03-22,128.19,48.37,,1.4
2015-03-23,127.19,47.99,0.07,1.31
2015-03-24,125.19,47.24,,0.59
2015-03-25,125.19,47.24,0.3,0.55
2015-03-26,125.19,47.24,0.06,0.51
2015-03-27,124.19,46.86,0.04,0.48
2015-03-28,124.19,46.86,0.85,1.29
2015-03-29,122.19,46.11,,1.38
2015-03-30,121.19,45.73,0.05,1.3
2015-03-31,119.19,44.98,,0.52
2015-04-01,119.19,44.98,0.19,0.44
2015-04-02,119.19,44.98,0.04,0.48
2015-04-03,118.19,44.6,0.02,0.46
2015-04-04,118.19,44.6,0.83,1.28
2015-04-05,116.19,43.84,,1.34
2015-04-06,115.19,43.47,,1.27
2015-04-07,113.19,42.71,,0.57
2015-04-08,113.19,42.71,0.2,0.53
2015-04-09,112.19,42.33,0.03,0.6
2015-04-10,112.19,42.33,0.03,0.6
2015-04-11,111.19,41.96,0.82,1.38
2015-04-12,110.19,41.58,,1.39
2015-04-14,107.19,40.45,0.11,1.35
2015-04-15,105.19,39.69,0.03,1.36
2015-04-16,104.19,39.32,0.01,1.34
2015-04-17,103.19,38.94,,1.27
2015-04-18,101.19,38.18,,0.96
2015-04-19,101.19,38.18,0.46,1.18
2015-04-20,99.19,37.43,0.02,1.36
2015-04-21,98.19,37.05,,0.7
2015-04-22,97.19,36.67,0.16,0.64
2015-04-23,97.19,36.67,,0.27
2015-04-24,96.19,36.3,0.12,0.45
2015-04-27,93.19,35.16,0.1,1.28
2015-04-28,92.19,34.79,,0.62
2015-04-29,92.19,34.79,0.47,0.57
2015-04-30,92.19,34.79,0.38,0.48
2015-05-01,92.19,34.79,0.27,0.45
2015-05-02,91.19,34.41,1.01,1.27
2015-05-03,90.19,34.03,,1.34
2015-05-04,89.19,33.65,0.02,1.27
2015-05-05,87.19,32.9,,0.62
2015-05-06,87.19,32.9,0.16,0.57
2015-05-07,86.19,32.52,0.01,0.58
2015-05-08,86.19,32.52,0.09,0.58
2015-05-09,85.19,32.15,0.72,1.29
2015-05-10,84.19,31.77,,1.38
2015-05-12,82.19,31.01,,0.42
2015-05-13,81.19,30.64,0.21,0.62
2015-05-14,81.19,30.64,,0.62
2015-05-15,80.19,30.26,,0.63
2015-05-16,79.19,29.88,0.85,1.42
2015-05-17,78.19,29.5,,1.18
2015-05-18,77.19,29.13,0.11,0.8
2015-05-19,76.19,28.75,,0.33
2015-05-20,76.19,28.75,0.21,0.27
2015-05-21,76.19,28.75,0.03,0.27
2015-05-22,76.19,28.75,0.09,0.27
2015-05-23,75.19,28.37,0.87,1.05
2015-05-24,75.19,28.37,,1.05
2015-05-25,74.19,27.99,0.23,0.19
2015-05-26,74.19,27.99,0.31,0.26
2015-05-27,74.19,27.99,0.15,0.16
2015-05-28,74.19,27.99,0.16,
2015-05-29,74.19,27.99,0.28,
2015-05-30,74.19,27.99,0.24,0.25
2015-05-31,74.19,27.99,0.36,0.6
2015-06-01,74.19,27.99,0.15,0.56
2015-06-02,73.19,27.62,0.09,0.39
2015-06-03,73.19,27.62,0.12,0.19
2015-06-04,73.19,27.62,0.19,0.14
2015-06-05,73.19,27.62,0.22,
2015-06-06,73.19,27.62,0.16,
2015-06-07,73.19,27.62,0.12,0.02
2015-06-08,73.19,27.62,0.35,0.31
2015-06-09,73.19,27.62,0.04,0.51
2015-06-10,73.19,27.62,0.14,0.49
2015-06-11,72.19,27.24,0.17,0.42
2015-06-12,72.19,27.24,0.05,0.3
2015-06-13,72.19,27.24,0.07,0.37
2015-06-14,71.19,26.86,0.1,0.34
2015-06-15,71.19,26.86,0.69,1.11
2015-06-16,70.19,26.48,,1.09
2015-06-17,68.19,25.73,,0.99
2015-06-18,68.19,25.73,0.02,0.66
2015-06-19,67.19,25.35,0.76,1.35
2015-06-20,66.19,24.98,0.21,1.72
2015-06-21,64.19,24.22,,1.54
2015-06-22,62.19,23.47,0.03,1.48
2015-06-23,61.19,23.09,,0.91
2015-06-24,60.19,22.71,0.03,0.74
2015-06-25,59.19,22.33,0.03,0.73
2015-06-26,59.19,22.33,0.03,0.73
2015-06-27,58.19,21.96,0.69,1.34
2015-06-28,56.19,21.2,0.01,1.58
2015-06-29,55.19,20.82,0.06,1.51
2015-06-30,53.19,20.07,,0.91
2015-07-01,53.19,20.07,,0.65
2015-07-02,52.19,19.69,,0.55
2015-07-03,51.19,19.32,0.03,0.56
2015-07-04,51.19,19.32,0.72,1.25
2015-07-06,48.19,18.18,,0.83
2015-07-07,47.19,17.81,0.03,0.56
2015-07-08,47.19,17.81,0.02,0.58
2015-07-09,46.19,17.43,0.01,0.66
2015-07-10,45.19,17.05,0.08,0.65
2015-07-11,45.19,17.05,0.45,0.85
2015-07-12,44.19,16.67,,0.64
2015-07-13,44.19,16.67,0.03,0.34
2015-07-14,43.19,16.3,0.13,0.35
2015-07-15,43.19,16.3,0.19,0.45
2015-07-16,43.19,16.3,0.12,0.47
2015-07-18,42.19,15.92,0.21,0.42
2015-07-21,41.19,15.54,0.14,0.45
2015-07-22,41.19,15.54,0.25,0.38
2015-07-24,42.19,15.92,0.81,0.38
2015-07-25,42.19,15.92,0.75,0.37
2015-07-26,42.19,15.92,0.65,0.4
2015-07-27,42.19,15.92,0.46,0.33
2015-07-28,42.19,15.92,0.47,0.35
2015-07-29,42.19,15.92,0.51,0.39
2015-07-30,43.19,16.3,0.6,0.39
2015-07-31,43.19,16.3,0.6,0.39
2015-08-01,43.19,16.3,0.6,0.39
2015-08-02,43.19,16.3,0.6,0.35
2015-08-03,43.19,16.3,0.54,0.34
2015-08-04,43.19,16.3,0.52,0.35
2015-08-05,44.19,16.67,0.72,0.38
2015-08-06,44.19,16.67,0.81,0.34
2015-08-07,45.19,17.05,0.91,0.36
2015-08-08,45.19,17.05,0.96,0.36
2015-08-09,46.19,17.43,0.75,0.32
2015-08-10,46.19,17.43,0.56,0.3
2015-08-11,46.19,17.43,0.52,0.31
2015-08-12,46.19,17.43,0.48,0.35
2015-08-13,46.19,17.43,0.55,0.34
2015-08-14,46.19,17.43,0.6,0.35
2015-08-15,47.19,17.81,0.67,0.33
2015-08-17,49.19,18.56,1.39,0.27
2015-08-18,50.19,18.94,1.53,0.25
2015-08-19,51.19,19.32,0.98,0.31
2015-08-20,51.19,19.32,0.83,0.33
2015-08-21,51.19,19.32,0.66,0.33
2015-08-22,52.19,19.69,0.64,0.32
2015-08-23,52.19,19.69,0.61,0.28
2015-08-24,52.19,19.69,0.64,0.31
2015-08-25,52.19,19.69,0.64,0.32
2015-08-26,53.19,20.07,0.43,0.33
2015-08-27,53.19,20.07,0.37,0.33
2015-08-28,52.19,19.69,0.39,0.41
2015-08-30,52.19,19.69,0.21,0.29
2015-08-31,52.19,19.69,0.17,0.29
2015-09-01,52.19,19.69,0.16,0.3
2015-09-02,52.19,19.69,0.2,0.33
2015-09-03,52.19,19.69,0.21,0.34
2015-09-04,51.19,19.32,0.22,0.35
2015-09-05,51.19,19.32,0.2,0.34
2015-09-06,51.19,19.32,0.33,0.29
2015-09-07,51.19,19.32,0.56,0.29
2015-09-09,52.19,19.69,0.49,0.34
2015-09-10,52.19,19.69,0.43,0.34
2015-09-11,52.19,19.69,0.38,0.34
2015-09-12,52.19,19.69,0.48,0.32
2015-09-14,52.19,19.69,0.56,0.29
2015-09-16,53.19,20.07,0.55,0.34
2015-09-17,53.19,20.07,0.38,0.34
2015-09-18,53.19,20.07,0.26,0.34
2015-09-19,53.19,20.07,0.35,0.31
2015-09-20,53.19,20.07,0.77,0.27
2015-09-21,54.19,20.45,1.05,0.21
2015-09-22,55.19,20.82,0.81,0.08
2015-09-23,55.19,20.82,0.56,0.18
2015-09-24,55.19,20.82,0.29,0.39
2015-09-25,55.19,20.82,0.33,0.29
2015-09-26,55.19,20.82,0.32,0.28
2015-09-27,55.19,20.82,0.29,0.25
2015-09-28,55.19,20.82,0.29,0.25
2015-09-29,55.19,20.82,0.25,0.27
2015-09-30,55.19,20.82,0.27,0.34
2015-10-01,55.19,20.82,0.23,0.3
2015-10-02,55.19,20.82,0.23,0.3
2015-10-03,55.19,20.82,0.49,0.28
2015-10-04,55.19,20.82,0.69,0.25
2015-10-05,56.19,21.2,0.66,0.28
2015-10-06,56.19,21.2,0.56,0.29
2015-10-07,56.19,21.2,0.41,0.31
2015-10-08,56.19,21.2,0.42,0.32
2015-10-09,56.19,21.2,0.36,0.32
2015-10-10,56.19,21.2,0.46,0.31
2015-10-11,56.19,21.2,0.7,0.2
2015-10-12,57.19,21.58,0.48,0.1
2015-10-13,57.19,21.58,0.43,0.1
2015-10-14,57.19,21.58,0.4,0.13
2015-10-15,58.19,21.96,0.41,0.2
2015-10-16,58.19,21.96,0.38,0.22
2015-10-17,58.19,21.96,0.27,0.29
2015-10-18,58.19,21.96,0.27,0.29
2015-10-19,57.19,21.58,0.26,0.27
2015-10-20,57.19,21.58,0.24,0.31
2015-10-21,57.19,21.58,0.34,0.24
2015-10-22,58.19,21.96,0.96,
2015-10-24,59.19,22.33,0.39,
2015-10-25,60.19,22.71,0.27,
2015-10-26,60.19,22.71,0.15,0.11
2015-10-27,59.19,22.33,0.24,0.43
2015-10-28,59.19,22.33,0.07,0.43
2015-10-29,59.19,22.33,0.31,0.32
2015-10-30,59.19,22.33,0.21,
2015-10-31,59.19,22.33,0.28,0.07
2015-11-01,60.19,22.71,0.21,
2015-11-02,60.19,22.71,0.15,
2015-11-03,60.19,22.71,0.05,0.13
2015-11-04,59.19,22.33,0.16,0.41
2015-11-05,59.19,22.33,0.2,0.39
2015-11-06,59.19,22.33,0.49,0.28
2015-11-07,60.19,22.71,0.33,
2015-11-08,60.19,22.71,0.27,
2015-11-09,60.19,22.71,0.21,
2015-11-10,60.19,22.71,0.21,
2015-11-11,60.19,22.71,0.11,0.12
2015-11-12,60.19,22.71,0.38,0.34
2015-11-13,60.19,22.71,0.52,0.31
2015-11-14,61.19,23.09,0.83,0.22
2015-11-15,62.19,23.47,1.19,
2015-11-16,63.19,23.84,0.79,
2015-11-17,63.19,23.84,0.5,
2015-11-18,63.19,23.84,0.33,
2015-11-19,64.19,24.22,0.25,0.09
2015-11-20,63.19,23.84,0.29,0.31
2015-11-21,63.19,23.84,0.27,0.28
2015-11-22,63.19,23.84,0.29,0.19
2015-11-23,64.19,24.22,0.21,
2015-11-24,64.19,24.22,0.16,
2015-11-25,64.19,24.22,0.16,
2015-11-26,64.19,24.22,0.16,
2015-11-27,64.19,24.22,0.09,0.11
2015-11-28,64.19,24.22,0.22,0.23
2015-11-29,64.19,24.22,0.19,0.21
2015-11-30,64.19,24.22,0.23,0.13
2015-12-01,64.19,24.22,0.16,
2015-12-02,64.19,24.22,0.15,
2015-12-03,64.19,24.22,0.15,
2015-12-04,64.19,24.22,0.15,
2015-12-05,64.19,24.22,0.1,0.06
2015-12-06,64.19,24.22,0.19,0.27
2015-12-07,64.19,24.22,0.15,0.23
2015-12-08,64.19,24.22,0.18,0.15
2015-12-09,64.19,24.22,0.15,
2015-12-10,64.19,24.22,0.15,
2015-12-11,64.19,24.22,0.15,
2015-12-12,65.19,24.6,0.15,
2015-12-13,65.19,24.6,0.07,
2015-12-14,64.19,24.22,0.12,0.31
2015-12-15,64.19,24.22,0.12,0.31
2015-12-16,64.19,24.22,0.2,0.22
2015-12-17,64.19,24.22,0.05,
2015-12-18,64.19,24.22,0.1,
2015-12-19,64.19,24.22,0.09,
2015-12-20,64.19,24.22,0.1,
2015-12-21,64.19,24.22,0.01,0.09
2015-12-22,64.19,24.22,,0.01
2015-12-23,64.19,24.22,,0.01
2015-12-24,64.19,24.22,,0.01
2015-12-25,64.19,24.22,0.06,
2015-12-26,64.19,24.22,0.06,
2015-12-27,64.19,24.22,0.06,
2015-12-28,64.19,24.22,0.06,
2015-12-29,64.19,24.22,0.02,0.1
2015-12-30,64.19,24.22,,0.01
2015-12-31,63.19,23.84,0.09,0.31
2016-01-01,63.19,23.84,0.14,0.22
2016-01-02,63.19,23.84,0.09,
2016-01-03,63.19,23.84,0.04,
2016-01-04,63.19,23.84,0.04,
2016-01-05,63.19,23.84,0.33,0.29
2016-01-06,63.19,23.84,0.2,0.85
2016-01-07,62.19,23.47,,0.33
2016-01-08,61.19,23.09,0.02,0.33
2016-01-09,61.19,23.09,1.09,1.28
2016-01-10,60.19,22.71,,0.37
2016-01-11,59.19,22.33,,
2016-01-12,59.19,22.33,0.04,
2016-01-13,59.19,22.33,0.04,
2016-01-14,59.19,22.33,,0.1
2016-01-15,59.19,22.33,0.02,0.33
2016-01-16,59.19,22.33,1.05,1.36
2016-01-17,57.19,21.58,,0.52
2016-01-18,57.19,21.58,0.09,0.05
2016-01-19,57.19,21.58,0.04,
2016-01-20,57.19,21.58,,
2016-01-21,57.19,21.58,0.04,
2016-01-22,57.19,21.58,,0.1
2016-01-23,56.19,21.2,1,0.98
2016-01-24,55.19,20.82,,0.5
2016-01-25,54.19,20.45,0.08,0.27
2016-01-26,54.19,20.45,0.07,0.03
2016-01-27,54.19,20.45,0.03,
2016-01-28,54.19,20.45,0.03,
2016-01-29,54.19,20.45,0.02,0.16
2016-01-30,54.19,20.45,,0.3
2016-01-31,54.19,20.45,,0.3
2016-02-01,53.19,20.07,,0.15
2016-02-02,53.19,20.07,,0.02
2016-02-03,53.19,20.07,,0.02
2016-02-04,53.19,20.07,,0.02
2016-02-05,53.19,20.07,,0.02
2016-02-06,53.19,20.07,,0.02
2016-02-07,53.19,20.07,,0.1
2016-02-08,53.19,20.07,,0.27
2016-02-09,52.19,19.69,,0.33
2016-02-10,52.19,19.69,,0.33
2016-02-11,52.19,19.69,,0.16
2016-02-12,52.19,19.69,,0.02
2016-02-13,50.19,18.94,,0.16
2016-02-14,50.19,18.94,,0.02
2016-02-15,50.19,18.94,,0.02
2016-02-16,50.19,18.94,,0.02
2016-02-17,50.19,18.94,,0.12
2016-02-18,50.19,18.94,,0.27
2016-02-19,49.19,18.56,,0.33
2016-02-20,48.19,18.18,,1.05
2016-02-23,48.19,18.18,,0.01
2016-02-24,48.19,18.18,,0.02
2016-02-25,48.19,18.18,,0.02
2016-02-26,47.19,17.81,,0.35
2016-02-28,47.19,17.81,,0.04
2016-03-01,46.19,17.43,0.02,0.32
2016-03-02,46.19,17.43,0.02,0.15
2016-03-03,46.19,17.43,0.02,0.02
2016-03-04,46.19,17.43,0.02,0.02
2016-03-05,45.19,17.05,0.02,0.79
2016-03-06,45.19,17.05,0.02,0.02
2016-03-07,45.19,17.05,0.01,0.01
2016-03-08,45.19,17.05,0.02,0.1
2016-03-09,45.19,17.05,0.01,0.27
2016-03-10,45.19,17.05,0.01,0.32
2016-03-11,44.19,16.67,0.01,0.68
2016-03-12,43.19,16.3,,0.82
2016-03-13,43.19,16.3,,0.02
2016-03-14,43.19,16.3,,0.02
2016-03-15,43.19,16.3,,0.02
2016-03-16,43.19,16.3,,0.11
2016-03-17,43.19,16.3,,0.02
2016-03-18,42.19,15.92,,0.69
2016-03-19,41.19,15.54,,0.93
2016-03-20,41.19,15.54,,0.16
2016-03-21,41.19,15.54,,0.35
2016-03-22,41.19,15.54,,0.16
2016-03-23,41.19,15.54,,0.02
2016-03-24,41.19,15.54,,0.02
2016-03-25,39.19,14.79,,1.48
2016-03-27,39.19,14.79,,0.02
2016-03-28,39.19,14.79,,0.12
2016-03-29,38.19,14.41,,0.3
2016-03-30,38.19,14.41,,0.63
2016-03-31,37.19,14.03,,0.34
2016-04-01,37.19,14.03,,0.17
2016-04-03,35.19,13.28,,0.34
2016-04-04,35.19,13.28,,0.02
2016-04-05,35.19,13.28,,0.02
2016-04-07,35.19,13.28,,0.13
2016-04-08,35.19,13.28,,0.3
2016-04-09,33.19,12.52,,2.08
2016-04-10,32.19,12.15,,0.62
2016-04-11,32.19,12.15,,0.17
2016-04-12,32.19,12.15,,0.02
2016-04-13,32.19,12.15,,0.02
2016-04-15,32.19,12.15,,0.39
2016-04-16,30.19,11.39,,1.76
2016-04-17,29.19,11.01,,0.3
2016-04-18,29.19,11.01,,0.3
2016-04-19,29.19,11.01,,0.39
2016-04-20,28.19,10.64,,0.39
2016-04-21,28.19,10.64,,0.2
2016-04-22,28.19,10.64,,0.02
2016-04-23,27.19,10.26,,1.59
2016-04-25,26.19,9.88,,0.02
2016-04-26,26.19,9.88,,0.02
2016-04-27,25.19,9.5,,0.12
2016-04-28,25.19,9.5,,0.32
2016-04-29,24.19,9.13,,1.22
2016-04-30,21.19,7.99,,2.83
2016-05-01,20.19,7.62,0.39,1.36
2016-05-02,20.19,7.62,0.09,
2016-05-03,20.19,7.62,0.05,0.01
2016-05-04,20.19,7.62,0.07,
2016-05-05,20.19,7.62,,0.01
2016-05-06,20.19,7.62,,0.01
2016-05-07,18.19,6.86,,2.17
2016-05-10,27.19,10.26,,0.43
2016-05-11,27.19,10.26,,0.21
2016-05-12,27.19,10.26,,0.02
2016-05-13,27.19,10.26,,0.02
2016-05-14,25.19,9.5,,1.71
2016-05-15,25.19,9.5,,0.01
2016-05-16,25.19,9.5,0.08,
2016-05-17,25.19,9.5,0.09,
2016-05-18,26.19,9.88,1.1,0.01
2016-05-20,28.19,10.64,0.67,0.23
2016-05-21,28.19,10.64,0.46,0.02
2016-05-23,29.19,11.01,0.19,
2016-05-24,29.19,11.01,0.13,0.01
2016-05-25,29.19,11.01,0.07,0.01
2016-05-26,29.19,11.01,0.07,0.01
2016-05-27,29.19,11.01,0.07,0.04
2016-05-29,29.19,11.01,0.08,0.08
2016-05-30,29.19,11.01,0.13,
2016-05-31,29.19,11.01,0.09,
2016-06-01,29.19,11.01,0.37,0.09
2016-06-02,30.19,11.39,0.35,0.16
2016-06-03,32.19,12.15,2.76,0.16
2016-06-04,34.19,12.9,1.74,0.02
2016-06-06,39.19,14.79,1.77,
2016-06-07,41.19,15.54,1.74,0.01
2016-06-08,42.19,15.92,1,0.01
2016-06-09,42.19,15.92,0.65,
2016-06-10,43.19,16.3,0.57,0.01
2016-06-11,43.19,16.3,0.4,0.01
2016-06-12,44.19,16.67,0.35,0.01
2016-06-13,44.19,16.67,0.27,0.01
2016-06-14,44.19,16.67,0.26,
2016-06-15,44.19,16.67,0.24,0.11
2016-06-16,44.19,16.67,0.2,0.2
2016-06-17,44.19,16.67,0.2,0.2
2016-06-18,44.19,16.67,0.19,0.19
2016-06-19,44.19,16.67,0.23,0.1
2016-06-20,44.19,16.67,0.17,
2016-06-21,45.19,17.05,0.14,0.01
2016-06-22,45.19,17.05,0.65,
2016-06-23,46.19,17.43,0.27,0.01
2016-06-24,46.19,17.43,0.35,
2016-06-25,46.19,17.43,0.47,
2016-06-26,46.19,17.43,0.51,
2016-06-27,47.19,17.81,0.57,0.35
2016-06-28,47.19,17.81,0.34,0.34
2016-06-29,47.19,17.81,0.42,0.34
2016-06-30,47.19,17.81,0.46,0.33
2016-07-01,48.19,18.18,0.54,0.33
2016-07-04,48.19,18.18,0.42,0.34
2016-07-05,48.19,18.18,0.37,0.33
2016-07-06,48.19,18.18,0.31,0.31
2016-07-07,48.19,18.18,0.35,0.32
2016-07-08,49.19,18.56,0.99,0.3
2016-07-09,50.19,18.94,1.89,0.29
2016-07-10,52.19,19.69,1.37,0.3
2016-07-11,52.19,19.69,1.41,0.3
2016-07-12,53.19,20.07,1.29,0.3
2016-07-13,54.19,20.45,0.88,0.32
2016-07-14,55.19,20.82,0.86,0.35
2016-07-15,55.19,20.82,0.72,0.33
2016-07-16,55.19,20.82,0.56,0.34
2016-07-17,55.19,20.82,0.43,0.35
2016-07-18,55.19,20.82,0.39,0.34
2016-07-19,55.19,20.82,0.35,0.35
2016-07-21,55.19,20.82,0.42,0.33
2016-07-22,55.19,20.82,0.45,0.32
2016-07-24,57.19,21.58,1.36,0.33
2016-07-25,57.19,21.58,0.93,0.33
2016-07-26,58.19,21.96,0.6,0.34
2016-07-27,58.19,21.96,0.48,0.35
2016-07-28,58.19,21.96,0.44,0.35
2016-07-29,58.19,21.96,0.47,0.34
2016-07-30,59.19,22.33,1.03,0.34
2016-07-31,59.19,22.33,1.02,0.34
2016-08-01,60.19,22.71,1.27,0.35
2016-08-02,61.19,23.09,0.93,0.36
2016-08-03,61.19,23.09,0.53,0.36
2016-08-04,62.19,23.47,0.86,0.34
2016-08-05,62.19,23.47,0.52,0.34
2016-08-06,62.19,23.47,0.75,0.34
2016-08-07,64.19,24.22,1.62,0.25
2016-08-08,64.19,24.22,0.99,0.24
2016-08-09,65.19,24.6,0.76,0.24
2016-08-10,65.19,24.6,0.64,0.3
2016-08-11,65.19,24.6,0.44,0.33
2016-08-12,65.19,24.6,0.33,0.33
2016-08-13,65.19,24.6,0.49,0.31
2016-08-14,65.19,24.6,0.5,0.29
2016-08-15,66.19,24.98,0.43,0.31
2016-08-16,66.19,24.98,0.53,0.3
2016-08-17,66.19,24.98,0.58,0.29
2016-08-18,66.19,24.98,0.48,0.31
2016-08-19,67.19,25.35,0.37,0.31
2016-08-20,67.19,25.35,0.8,0.17
2016-08-23,76.19,28.75,1.72,0.29
2016-08-24,78.19,29.5,2.25,0.3
2016-08-25,80.19,30.26,2.18,0.29
2016-08-26,82.19,31.01,2.75,0.05
2016-08-27,84.19,31.77,1.78,0.17
2016-08-28,84.19,31.77,1.77,0.12
2016-08-29,87.19,32.9,1.72,0.17
2016-08-30,89.19,33.65,2.17,0.23
2016-08-31,90.19,34.03,1.94,0.25
2016-09-01,91.19,34.41,1.33,0.18
2016-09-02,92.19,34.79,0.96,0.19
2016-09-03,93.19,35.16,0.96,0.27
2016-09-04,94.19,35.54,1.33,0.26
2016-09-05,95.19,35.92,1.03,0.26
2016-09-06,95.19,35.92,0.74,0.28
2016-09-07,96.19,36.3,0.81,0.27
2016-09-08,96.19,36.3,0.72,0.26
2016-09-09,97.19,36.67,1.33,0.26
2016-09-10,98.19,37.05,1.5,0.27
2016-09-11,100.19,37.81,1.87,0.26
2016-09-12,102.19,38.56,2.21,0.14
2016-09-13,106.19,40.07,3.45,
2016-09-14,108.19,40.82,2.15,
2016-09-15,109.19,41.2,1.61,
2016-09-16,112.19,42.33,2.5,0.12
2016-09-17,115.19,43.47,3.14,0.14
2016-09-19,120.19,45.35,3.14,0.07
2016-09-20,122.19,46.11,2.45,0.23
2016-09-21,123.19,46.48,1.69,0.23
2016-09-22,125.19,47.24,1.4,0.25
2016-09-23,125.19,47.24,1.03,0.26
2016-09-24,126.19,47.62,0.88,0.26
2016-09-25,126.19,47.62,0.7,0.25
2016-09-26,127.19,47.99,0.95,0.25
2016-09-28,130.19,49.13,1.57,0.27
2016-09-29,131.19,49.5,0.99,0.29
2016-09-30,132.19,49.88,2.06,0.26
2016-10-01,133.19,50.26,0.98,0.28
2016-10-03,135.19,51.01,1.56,0.26
2016-10-04,136.19,51.39,1.67,0.27
2016-10-05,138.19,52.15,2.07,0.27
2016-10-06,139.19,52.52,1.46,0.26
2016-10-07,140.19,52.9,1.16,0.26
2016-10-08,142.19,53.65,2.18,0.27
2016-10-09,143.19,54.03,1.39,0.29
2016-10-11,145.19,54.79,0.69,0.29
2016-10-12,145.19,54.79,0.88,0.27
2016-10-13,147.19,55.54,2.12,0.12
2016-10-14,148.19,55.92,1.3,0.2
2016-10-15,149.19,56.3,0.87,0.27
2016-10-17,150.19,56.67,0.76,0.26
2016-10-18,150.19,56.67,0.64,0.23
2016-10-19,150.19,56.67,0.45,0.25
2016-10-20,150.19,56.67,0.49,0.29
2016-10-21,151.19,57.05,0.49,0.29
2016-10-22,151.19,57.05,0.49,0.29
2016-10-24,151.19,57.05,0.49,0.29
2016-10-25,152.19,57.43,0.86,0.26
2016-10-26,153.19,57.81,0.87,0.07
2016-10-27,153.19,57.81,0.77,0.07
2016-10-28,154.19,58.18,0.91,0.21
2016-10-29,155.19,58.56,0.94,0.24
2016-10-31,157.19,59.32,1.14,0.14
2016-11-01,158.19,59.69,0.79,0.09
2016-11-02,159.19,60.07,0.7,
2016-11-03,159.19,60.07,0.57,0.07
2016-11-04,159.19,60.07,0.47,0.17
2016-11-05,160.19,60.45,0.37,0.17
2016-11-06,160.19,60.45,0.37,0.17
2016-11-07,160.19,60.45,0.37,0.17
2016-11-08,161.19,60.82,0.64,0.14
2016-11-09,161.19,60.82,0.74,0.14
2016-11-10,162.19,61.2,1.1,0.09
2016-11-11,164.19,61.96,1.71,0.01
2016-11-12,167.19,63.09,3.11,
2016-11-14,171.19,64.6,2.03,0.03
2016-11-15,172.19,64.98,1.08,0.08
2016-11-16,173.19,65.35,1.04,0.03
2016-11-17,174.19,65.73,0.63,0.03
2016-11-18,174.19,65.73,0.63,0.03
2016-11-19,175.19,66.11,0.53,0.03
2016-11-20,175.19,66.11,0.43,
2016-11-21,175.19,66.11,0.43,0.03
2016-11-22,176.19,66.48,0.43,0.03
2016-11-23,176.19,66.48,0.36,0.16
2016-11-24,176.19,66.48,0.28,0.18
2016-11-25,176.19,66.48,0.29,0.16
2016-11-26,176.19,66.48,0.26,0.13
2016-11-27,177.19,66.86,0.78,0.14
2016-11-28,178.19,67.24,0.12,0.08
2016-11-29,179.19,67.62,0.71,0.07
2016-11-30,179.19,67.62,0.45,0.07
2016-12-01,179.19,67.62,0.37,0.12
2016-12-02,180.19,67.99,0.4,0.14
2016-12-03,180.19,67.99,0.39,0.13
2016-12-04,180.19,67.99,0.29,0.17
2016-12-06,180.19,67.99,0.3,0.18
2016-12-07,180.19,67.99,0.3,0.18
2016-12-08,181.19,68.37,0.32,0.2
2016-12-09,181.19,68.37,0.21,0.21
2016-12-10,181.19,68.37,0.19,0.19
2016-12-13,181.19,68.37,0.17,0.17
2016-12-14,181.19,68.37,0.18,0.18
2016-12-15,181.19,68.37,0.2,0.2
2016-12-16,181.19,68.37,0.2,0.2
2016-12-17,181.19,68.37,0.18,0.18
2016-12-18,181.19,68.37,0.27,0.14
2016-12-19,181.19,68.37,0.16,0.16
2016-12-20,181.19,68.37,0.17,0.17
2016-12-21,181.19,68.37,0.18,0.17
2016-12-22,181.19,68.37,0.17,0.17
2016-12-23,181.19,68.37,0.15,0.22
2016-12-24,181.19,68.37,0.13,0.19
2016-12-26,181.19,68.37,0.18,0.18
2016-12-27,181.19,68.37,0.18,0.18
2016-12-28,181.19,68.37,0.18,0.18
2016-12-29,181.19,68.37,0.13,0.2
2016-12-30,180.19,67.99,0.15,0.21
2016-12-31,180.19,67.99,0.13,0.19
2017-01-01,192.73,72.73,0.13,0.19
2017-01-02,180.19,67.99,0.31,0.18
2017-01-03,181.19,68.37,0.33,0.21
2017-01-04,181.19,68.37,0.29,0.23
2017-01-05,181.19,68.37,0.23,0.23
2017-01-06,181.19,68.37,0.25,0.25
2017-01-07,181.19,68.37,0.26,0.22
2017-01-08,181.19,68.37,0.26,0.23
2017-01-09,181.19,68.37,0.21,0.22
2017-01-10,181.19,68.37,0.18,0.23
2017-01-11,181.19,68.37,0.4,0.21
2017-01-12,181.19,68.37,0.48,0.23
2017-01-13,181.19,68.37,0.5,0.25
2017-01-14,182.19,68.75,0.48,0.22
2017-01-15,182.19,68.75,0.38,0.19
2017-01-16,182.19,68.75,0.29,0.35
2017-01-17,182.19,68.75,0.24,0.43
2017-01-18,181.19,68.37,0.18,0.31
2017-01-19,181.19,68.37,0.15,0.15
2017-01-23,181.19,68.37,0.07,0.21
2017-01-24,181.19,68.37,0.05,0.45
2017-01-25,180.19,67.99,0.04,0.45
2017-01-26,180.19,67.99,0.02,0.45
2017-01-27,179.19,67.62,0.01,0.43
2017-01-28,179.19,67.62,0.01,0.39
2017-01-30,178.19,67.24,0.01,0.39
2017-01-31,178.19,67.24,0.01,0.39
2017-02-01,177.19,66.86,,0.37
2017-02-02,177.19,66.86,,0.9
2017-02-03,175.19,66.11,,1.44
2017-02-04,174.19,65.73,,0.9
2017-02-06,173.19,65.35,,0.37
2017-02-07,173.19,65.35,,0.37
2017-02-08,173.19,65.35,,0.37
2017-02-10,170.19,64.22,,1.57
2017-02-11,169.19,63.84,,0.89
2017-02-12,169.19,63.84,,0.33
2017-02-13,169.19,63.84,,0.28
2017-02-14,168.19,63.47,,0.3
2017-02-15,168.19,63.47,,0.3
2017-02-16,167.19,63.09,,0.99
2017-02-17,166.19,62.71,,1.48
2017-02-18,165.19,62.33,,0.8
2017-02-19,164.19,61.96,,0.31
2017-02-20,164.19,61.96,,0.31
2017-02-21,164.19,61.96,,0.29
2017-02-22,164.19,61.96,,0.2
2017-02-23,163.19,61.58,,0.82
2017-02-24,161.19,60.82,,1.35
2017-02-25,161.19,60.82,,0.72
2017-02-27,160.19,60.45,,0.27
2017-02-28,160.19,60.45,,0.46
2017-03-01,159.19,60.07,,0.64
2017-03-02,158.19,59.69,,0.16
2017-03-03,156.19,58.94,,1.52
2017-03-04,155.19,58.56,,1.32
2017-03-05,154.19,58.18,,0.79
2017-03-06,154.19,58.18,,0.48
2017-03-07,153.19,57.81,,0.65
2017-03-08,153.19,57.81,,0.44
2017-03-09,152.19,57.43,,0.39
2017-03-10,151.19,57.05,,1.32
2017-03-11,149.19,56.3,,1.65
2017-03-12,148.19,55.92,,1.59
2017-03-13,146.19,55.16,,1.56
2017-03-14,145.19,54.79,,0.83
2017-03-15,145.19,54.79,,0.52
2017-03-16,144.19,54.41,,0.52
2017-03-17,143.19,54.03,,1.57
2017-03-18,141.19,53.28,,1.99
2017-03-19,139.19,52.52,,1.62
2017-03-20,137.19,51.77,,1.54
2017-03-21,136.19,51.39,,0.84
2017-03-22,136.19,51.39,,0.54
2017-03-23,135.19,51.01,,0.54
2017-03-24,133.19,50.26,,1.58
2017-03-25,131.19,49.5,,1.78
2017-03-26,129.19,48.75,,1.55
2017-03-27,127.19,47.99,,1.48
2017-03-28,126.19,47.62,,0.81
2017-03-29,125.19,47.24,,0.5
2017-03-30,125.19,47.24,,0.26
2017-03-31,124.19,46.86,,1.49
2017-04-01,122.19,46.11,,1.51
2017-04-02,121.19,45.73,,1.39
2017-04-03,119.19,44.98,,1.53
2017-04-04,118.19,44.6,,0.79
2017-04-05,118.19,44.6,,0.49
2017-04-06,118.19,44.6,,0.33
2017-04-07,116.19,43.84,,1.38
2017-04-08,114.19,43.09,,1.53
2017-04-09,113.19,42.71,,1.4
2017-04-10,112.19,42.33,,0.59
2017-04-11,112.19,42.33,,0.43
2017-04-12,111.19,41.96,,0.51
2017-04-13,111.19,41.96,,0.51
2017-04-14,109.19,41.2,,1.18
2017-04-15,109.19,41.2,,1.14
2017-04-18,104.19,39.32,,0.76
2017-04-19,103.19,38.94,,0.52
2017-04-20,103.19,38.94,,0.52
2017-04-21,101.19,38.18,,1.08
2017-04-22,100.19,37.81,,1.3
2017-04-23,98.19,37.05,,1.32
2017-04-25,96.19,36.3,,0.77
2017-04-26,95.19,35.92,,0.54
2017-04-27,94.19,35.54,,0.54
2017-04-28,93.19,35.16,,1.1
2017-04-29,91.19,34.41,,1.31
2017-04-30,91.19,34.41,,1.26
2017-05-01,88.19,33.28,,1.31
2017-05-02,87.19,32.9,,0.76
2017-05-03,87.19,32.9,,0.54
2017-05-04,86.19,32.52,,0.54
2017-05-05,85.19,32.15,0.04,0.9
2017-05-06,84.19,31.77,0.06,1.04
2017-05-07,83.19,31.39,0.06,1.04
2017-05-08,82.19,31.01,0.04,1.04
2017-05-09,82.19,31.01,0.02,0.47
2017-05-10,82.19,31.01,0.05,0.23
2017-05-11,81.19,30.64,0.04,0.25
2017-05-12,81.19,30.64,0.03,0.61
2017-05-14,79.19,29.88,0.02,0.94
2017-05-15,78.19,29.5,0.05,0.91
2017-05-16,78.19,29.5,0.04,0.67
2017-05-17,78.19,29.5,0.75,0.23
2017-05-18,79.19,29.88,0.8,0.06
2017-05-20,80.19,30.26,0.71,0.03
2017-05-21,80.19,30.26,0.74,
2017-05-22,81.19,30.64,0.26,0.03
2017-05-23,81.19,30.64,0.48,0.03
2017-05-24,82.19,31.01,0.25,0.13
2017-05-25,82.19,31.01,0.46,0.11
2017-05-26,82.19,31.01,0.49,0.09
2017-05-27,83.19,31.39,0.8,
2017-05-28,83.19,31.39,0.87,
2017-05-29,84.19,31.77,0.34,
2017-05-30,84.19,31.77,0.29,
2017-05-31,84.19,31.77,0.23,
2017-06-01,85.19,32.15,0.46,0.05
2017-06-02,85.19,32.15,0.29,0.12
2017-06-03,85.19,32.15,0.53,0.13
2017-06-04,85.19,32.15,0.57,0.12
2017-06-05,86.19,32.52,0.25,0.02
2017-06-06,86.19,32.52,0.2,0.03
2017-06-07,86.19,32.52,0.17,0.11
2017-06-08,86.19,32.52,0.36,0.13
2017-06-09,87.19,32.9,0.48,0.13
2017-06-10,87.19,32.9,0.36,0.13
2017-06-11,87.19,32.9,0.34,0.06
2017-06-12,88.19,33.28,0.25,0.02
2017-06-13,88.19,33.28,0.2,0.09
2017-06-14,88.19,33.28,0.2,0.15
2017-06-15,88.19,33.28,0.19,0.15
2017-06-16,88.19,33.28,0.18,0.22
2017-06-17,88.19,33.28,0.16,0.25
2017-06-18,88.19,33.28,0.16,0.25
2017-06-19,88.19,33.28,0.28,0.22
2017-06-20,88.19,33.28,0.3,0.24
2017-06-21,88.19,33.28,0.26,0.23
2017-06-22,88.19,33.28,0.2,0.22
2017-06-23,88.19,33.28,0.18,0.24
2017-06-25,88.19,33.28,0.32,0.24
2017-06-26,88.19,33.28,0.65,0.27
2017-06-27,88.19,33.28,0.36,0.29
2017-06-28,88.19,33.28,0.25,0.29
2017-06-29,88.19,33.28,0.46,0.27
2017-06-30,89.19,33.65,0.8,0.27
2017-07-01,89.19,33.65,0.88,0.27
2017-07-02,89.19,33.65,0.92,0.27
2017-07-03,90.19,34.03,0.59,0.28
2017-07-04,90.19,34.03,0.44,0.28
2017-07-05,90.19,34.03,0.34,0.27
2017-07-06,90.19,34.03,0.39,0.31
2017-07-07,90.19,34.03,0.32,0.32
2017-07-08,90.19,34.03,0.28,0.24
2017-07-09,90.19,34.03,0.28,0.31
2017-07-10,90.19,34.03,0.32,0.28
2017-07-11,90.19,34.03,0.31,0.29
2017-07-12,90.19,34.03,0.27,0.31
2017-07-13,90.19,34.03,0.37,0.29
2017-07-14,91.19,34.41,0.83,0.29
2017-07-15,92.19,34.79,0.91,0.3
2017-07-16,92.19,34.79,1.07,0.3
2017-07-17,93.19,35.16,1.09,0.32
2017-07-18,93.19,35.16,1.1,0.29
2017-07-19,102.19,38.56,7.34,0.2
2017-07-20,106.19,40.07,3.66,0.2
2017-07-21,109.19,41.2,3.04,0.21
2017-07-22,111.19,41.96,2.57,0.2
2017-07-23,113.19,42.71,2.42,0.2
2017-07-24,115.19,43.47,2.27,0.2
2017-07-25,117.19,44.22,2.14,0.23
2017-07-26,119.19,44.98,2.45,0.22
2017-07-27,122.19,46.11,2.75,0.22
2017-07-28,124.19,46.86,2.33,0.25
2017-07-29,125.19,47.24,1.34,0.27
2017-07-30,126.19,47.62,0.88,0.26
2017-07-31,126.19,47.62,0.8,0.29
2017-08-01,126.78,47.84,0.59,0.29
2017-08-02,127.18,47.99,0.65,0.25
2017-08-03,127.58,48.14,0.65,0.25
2017-08-04,127.88,48.26,0.57,0.27
2017-08-05,128.18,48.37,0.42,0.12
2017-08-06,128.38,48.44,0.45,0.25
2017-08-07,128.68,48.56,0.55,0.25
2017-08-08,129.68,48.94,1.25,0.25
2017-08-09,130.18,49.13,1.18,0.67
2017-08-10,131.48,49.62,1.55,0.25
2017-08-11,132.49,49.99,1.17,0.16
2017-08-12,133.19,50.26,0.95,0.25
2017-08-13,133.69,50.45,0.75,0.25
2017-08-14,134.02,50.57,0.69,0.29
2017-08-15,134.39,50.71,0.58,0.28
2017-08-16,134.69,50.83,0.55,0.25
2017-08-17,135.29,51.05,0.82,0.22
2017-08-18,135.99,51.32,0.94,0.24
2017-08-19,136.99,51.7,1.22,0.22
2017-08-20,138.1,52.11,1.32,0.22
2017-08-21,139.5,52.64,1.63,0.22
2017-08-22,140.9,53.17,1.63,0.22
2017-08-23,142.3,53.7,1.66,0.26
2017-08-24,143.1,54,1.07,0.27
2017-08-25,144.01,54.34,1.15,0.25
2017-08-26,145.01,54.72,1.25,0.25
2017-08-27,146.01,55.1,1.23,0.22
2017-08-28,147.31,55.59,1.53,0.23
2017-08-29,148.15,55.91,1.47,0.27
2017-08-30,149.72,56.5,1.43,0.23
2017-09-01,154.73,58.39,2.46,0.25
2017-09-02,156.53,59.07,2.07,0.26
2017-09-03,158.03,59.63,1.73,0.23
2017-09-04,159.53,60.2,1.77,0.27
2017-09-05,160.54,60.58,1.27,0.27
2017-09-06,161.24,60.84,0.99,0.29
2017-09-07,162.74,61.41,1.73,0.23
2017-09-08,165.34,62.39,2.85,0.25
2017-09-09,167.45,63.19,2.335,0.23
2017-09-10,168.95,63.76,1.71,0.21
2017-09-11,169.95,64.13,1.24,0.24
2017-09-12,170.56,64.36,860,0.26
2017-09-13,171.06,64.55,0.76,0.26
2017-09-14,171.46,64.7,0.66,0.26
2017-09-15,171.76,64.81,0.56,0.26
2017-09-16,172.06,64.93,0.56,0.26
2017-09-17,173.66,65.53,1.81,0.21
2017-09-18,175.86,66.36,2.2,
2017-09-19,178.14,67.22,2.52,0.25
2017-09-20,179.66,67.8,1.73,0.21
2017-09-21,180.42,68.08,1.03,0.26
2017-09-22,181.31,68.42,1.152,0.265
2017-09-23,182.2,68.75,1.144,0.256
2017-09-24,182.96,69.04,1,0.239
2017-09-25,183.59,69.28,0.881,0.248
2017-09-26,184.1,69.47,0.716,0.208
2017-09-27,185.24,69.9,1.344,0.203
2017-09-28,187.52,70.76,2.492,0.209
2017-09-29,188.79,71.24,1.535,0.268
2017-09-30,191.58,72.29,3,0.21
2017-10-01,193.99,73.2,2.651,0.243
2017-10-02,195.38,73.73,1.678,0.283
2017-10-03,196.4,74.11,1.226,0.212
2017-10-04,198.04,74.73,1.86,0.212
2017-10-05,200.45,75.64,2.621,0.212
2017-10-06,204,76.98,3.763,0.213
2017-10-07,206.28,77.84,2.538,0.256
2017-10-08,208.19,78.56,2.149,0.247
2017-10-09,210.34,79.37,2.369,0.214
2017-10-10,212.24,80.09,2.109,0.207
2017-10-11,213.76,80.67,1.729,0.208
2017-10-12,217.82,82.2,4.265,0.208
2017-10-13,223.65,84.4,5.832,
2017-10-14,228.22,86.12,4.757,0.193
2017-10-15,231.26,87.27,3.303,0.26
2017-10-16,233.8,88.22,2.739,0.203
2017-10-17,235.95,89.04,2.418,0.262
2017-10-18,237.47,89.61,1.778,0.257
2017-10-19,238.61,90.04,1.402,0.261
2017-10-20,239.5,90.38,1.14,0.253
2017-10-21,240.25,90.66,1.028,0.275
2017-10-22,241.09,90.98,1.106,0.275
2017-10-23,241.75,91.23,0.94,0.275
2017-10-24,242.58,91.54,1.107,0.275
2017-10-25,244.08,92.1,1.713,0.217
2017-10-26,245.91,92.8,1.955,0.126
2017-10-27,247.57,93.42,1.808,0.145
2017-10-28,248.57,93.8,1.229,0.232
2017-10-29,250.06,94.36,1.68,0.183
2017-10-30,251.06,94.74,1.241,0.244
2017-10-31,251.73,94.99,0.906,0.241
2017-11-01,252.22,95.18,0.737,0.238
2017-11-02,252.72,95.37,0.726,0.227
2017-11-03,253.22,95.56,0.76,0.261
2017-11-04,253.72,95.74,0.778,0.279
2017-11-05,254.22,95.93,0.759,0.261
2017-11-06,254.55,96.06,0.592,0.259
2017-11-07,254.89,96.18,0.592,
2017-11-08,255.38,96.37,0.526,0.028
2017-11-09,255.72,96.5,0.464,0.131
2017-11-10,256.05,96.62,0.502,0.169
2017-11-11,256.38,96.75,0.551,0.218
2017-11-12,256.71,96.87,0.551,0.218
2017-11-13,257.05,97,0.551,0.219
2017-11-14,257.38,97.12,0.552,0.219
2017-11-15,257.71,97.25,0.551,0.219
2017-11-16,258.05,97.38,0.552,0.219
2017-11-17,258.38,97.5,0.551,0.219
2017-11-18,258.71,97.63,0.552,0.219
2017-11-19,259.04,97.75,0.551,0.219
2017-11-20,259.38,97.88,0.552,0.219
2017-11-21,259.54,97.94,0.344,0.178
2017-11-22,259.71,98,0.344,0.178
2017-11-23,260.04,98.13,0.499,0.167
2017-11-24,259.54,97.94,0.464,0.963
2017-11-25,259.87,98.07,0.488,0.155
2017-11-26,260.54,98.32,0.78,0.115
2017-11-27,261.04,98.5,0.585,0.086
2017-11-28,261.54,98.69,0.527,0.029
2017-11-29,261.87,98.82,0.385,0.052
2017-11-30,262.04,98.88,0.301,0.135
2017-12-01,262.2,98.94,0.373,0.207
2017-12-02,262.29,98.98,0.315,0.231
2017-12-03,262.37,99.01,0.31,0.228
2017-12-04,261.84,98.81,0.286,0.818
2017-12-05,261.92,98.84,0.271,0.188
2017-12-06,262.12,98.91,0.251,0.052
2017-12-07,262.2,98.94,0.222,0.139
2017-12-08,262.12,98.91,0.191,0.274
2017-12-09,262.04,98.88,0.186,0.269
2017-12-10,261.95,98.85,0.186,0.269
2017-12-11,261.95,98.85,0.167,0.167
2017-12-12,262.2,98.94,0.301,0.052
2017-12-13,262.37,99.01,0.219,0.052
2017-12-14,262.45,99.04,0.203,0.12
2017-12-15,262.32,98.99,0.189,0.322
2017-12-16,262.2,98.94,0.164,0.281
2017-12-17,262.08,98.9,0.164,0.281
2017-12-18,262.05,98.89,0.149,0.182
2017-12-19,261.82,98.8,0.138,0.37
2017-12-20,261.9,98.83,0.135,0.052
2017-12-22,261.69,98.75,114207,0.297
2017-12-23,261.49,98.67,0.111,0.311
2017-12-24,261.27,98.59,0.11,0.326
2017-12-25,261.17,98.56,0.11,0.209
2017-12-26,261.22,98.57,0.102,0.052
2017-12-27,261.37,98.63,0.149,
2017-12-28,261.7,98.76,0.466,0.133
2017-12-29,261.95,98.85,0.527,0.278
2017-12-30,262.2,98.94,0.545,0.296
2017-12-31,262.37,99.01,0.471,0.233
2018-01-01,262.53,99.07,0.42,0.254
2018-01-02,262.7,99.13,0.343,0.177
2018-01-03,262.78,99.16,0.261,0.177
2018-01-04,262.78,99.16,215602,0.179
2018-01-05,262.78,99.16,0.258,0.258
2018-01-06,262.87,99.2,0.312,0.229
2018-01-07,262.9,99.21,0.274,0.241
2018-01-08,262.95,99.23,0.269,0.219
2018-01-09,263.03,99.26,0.26,0.177
2018-01-10,263.1,99.28,0.249,0.183
2018-01-11,263.1,99.28,0.247,0.247
2018-01-12,263.02,99.25,0.24,0.323
2018-01-13,262.93,99.22,0.217,0.299
2018-01-14,262.83,99.18,0.201,0.299
2018-01-15,262.7,99.13,0.188,0.355
2018-01-16,262.6,99.09,0.175,0.275
2018-01-17,262.48,99.05,0.165,0.281
2018-01-18,262.37,99.01,0.165,0.281
2018-01-19,262.2,98.94,0.156,0.323
2018-01-20,261.99,98.86,0.139,0.355
2018-01-21,261.04,98.5,0.129,1.076
2018-01-22,259.74,98.02,0.125,1.423
2018-01-23,259.27,97.84,0.111,0.576
2018-01-24,259.02,97.75,0.109,0.359
2018-01-25,258.78,97.65,0.104,0.353
2018-01-26,258.29,97.47,0.097,0.579
2018-01-27,257.8,97.28,0.084,0.583
2018-01-28,257.3,97.09,0.08,0.219
2018-01-29,256.8,96.9,0.079,0.578
2018-01-30,256.3,96.72,0.079,0.578
2018-01-31,255.8,96.53,0.079,0.578
2018-02-01,255.5,96.42,0.073,0.372
2018-02-02,254.85,96.17,0.073,0.721
2018-02-03,254.2,95.93,0.072,0.722
2018-02-04,253.47,95.65,0.072,0.803
2018-02-05,252.46,95.27,0.069,1.082
2018-02-06,252.26,95.19,0.067,0.267
2018-02-07,251.93,95.07,0.066,0.398
2018-02-08,251.41,94.87,0.065,0.579
2018-02-09,250.73,94.61,0.064,0.746
2018-02-10,250.05,94.36,0.061,0.743
2018-02-11,249.32,94.08,0.06,0.791
2018-02-12,248.19,93.65,0.058,1.189
2018-02-13,247.7,93.47,0.054,0.535
2018-02-14,247.34,93.33,0.043,0.409
2018-02-15,246.77,93.12,0.033,0.598
2018-02-16,246.01,92.83,0.029,0.793
2018-02-17,245.24,92.54,0.026,0.791
2018-02-18,244.43,92.24,0.022,0.836
2018-02-19,243.18,91.77,0.011,1.259
2018-02-20,242.51,91.52,0.011,0.675
2018-02-21,242.07,91.35,0.007,0.156
2018-02-22,241.52,91.14,0.005,0.553
2018-02-23,240.79,90.86,0.002,0.734
2018-02-24,239.65,90.44,0.01,1.143
2018-02-25,238.12,89.86,0.008,1.541
2018-02-26,236.76,89.34,0.004,1.361
2018-02-27,235.6,88.9,0.002,1.169
2018-02-28,234.62,88.54,,0.97
2018-03-01,234.03,88.31,,0.594
2018-03-02,233.26,88.02,,0.758
2018-03-03,232.16,87.61,,1.16
2018-03-04,231.04,87.19,,1.113
2018-03-05,230.02,86.8,,1.024
2018-03-06,228.9,86.38,,1.11
2018-03-07,227.71,85.93,,1.189
2018-03-08,226.99,85.66,,0.719
2018-03-09,226.03,85.29,,0.959
2018-03-10,224.55,84.74,,1.468
2018-03-11,223.12,84.2,,1.429
2018-03-12,221.85,83.72,0.028,1.296
2018-03-13,220.61,83.25,0.023,1.266
2018-03-14,219.41,82.8,0.018,1.222
2018-03-15,218.78,82.56,0.012,0.634
2018-03-16,217.91,82.23,0.007,0.881
2018-03-17,216.31,81.63,0.004,1.602
2018-03-18,214.91,81.1,0.054,1.461
2018-03-19,213.6,80.6,0.04,1.346
2018-03-20,212.36,80.14,0.025,1.267
2018-03-21,211.06,79.65,0.012,1.305
2018-03-22,210.28,79.35,0.005,0.79
2018-03-23,209.33,78.99,,0.95
2018-03-24,207.77,78.4,,1.559
2018-03-25,206.28,77.84,,1.481
2018-03-26,204.95,77.34,,1.33
2018-03-27,203.69,76.86,,1.267
2018-03-28,202.5,76.41,,1.188
2018-03-29,201.33,75.97,,1.165
2018-03-30,199.91,75.44,,1.416
2018-03-31,198.43,74.88,0.048,1.831
2018-04-01,196.9,74.3,0.039,1.562
2018-04-02,195.42,73.74,0.019,1.502
2018-04-03,194.08,73.24,0.011,1.354
2018-04-04,192.68,72.71,0.003,1.397
2018-04-05,191.27,72.18,0.012,1.42
2018-04-06,189.74,71.6,0.008,1.541
2018-04-07,188.19,71.02,0.002,7.275
2018-04-08,186.67,70.44,,1.521
2018-04-09,185.14,69.86,,1.53
2018-04-10,183.58,69.27,,1.554
2018-04-11,182.08,68.71,,1.482
2018-04-12,180.49,68.11,,1.57
2018-04-13,178.69,67.43,,1.757
2018-04-14,176.83,66.73,,1.786
2018-04-15,174.94,66.02,,1.803
2018-04-16,173.06,65.31,,1.775
2018-04-17,171.56,64.74,0.098,1.601
2018-04-18,170.35,64.28,0.156,1.358
2018-04-19,169.25,63.87,0.147,1.249
2018-04-20,168.15,63.45,1.114,1.216
2018-04-21,167.05,63.04,0.101,1.203
2018-04-22,165.9,62.6,0.063,1.215
2018-04-23,164.71,62.16,0.032,1.214
2018-04-24,163.62,61.74,0.012,1.104
2018-04-25,162.54,61.34,0.001,1.083
2018-04-26,161.54,60.96,0.092,1.094
2018-04-27,160.41,60.53,0.074,1.206
2018-04-28,159.33,60.13,0.092,1.164
2018-04-29,158.29,59.73,0.071,1.112
2018-04-30,157.25,59.34,0.044,1.086
2018-05-01,156.21,58.95,0.027,1.069
2018-05-02,155.43,58.65,0.211,993
2018-05-03,155.73,58.77,0.424,0.123
2018-05-04,155.93,58.84,0.299,0.988
2018-05-05,155.93,58.84,0.253,0.253
2018-05-06,156.43,59.03,0.753,0.252
2018-05-07,156.73,59.14,0.425,0.124
2018-05-08,156.93,59.22,0.322,0.122
2018-05-09,157.03,59.26,0.222,0.122
2018-05-10,157.13,59.29,0.221,0.121
2018-05-11,157.03,59.26,0.286,0.386
2018-05-12,156.73,59.14,0.34,0.64
2018-05-13,156.53,59.07,0.402,0.603
2018-05-14,156.43,59.03,0.53,0.63
2018-05-15,156.09,58.9,0.461,0.561
2018-05-16,156.23,58.95,0.378,0.477
2018-05-17,156.23,58.95,0.478,0.478
2018-05-18,156.23,58.95,0.69,0.69
2018-05-19,155.83,58.8,0.571,0.972
2018-05-20,155.03,58.5,0.328,1.129
2018-05-21,154.28,58.22,0.291,1.033
2018-05-22,153.93,58.08,0.506,0.866
2018-05-23,154.03,58.12,0.969,0.869
2018-05-24,154.32,58.24,1.169,0.869
2018-05-25,154.53,58.31,1.07,0.869
2018-05-26,153.93,58.08,612048,1.213
2018-05-27,153.52,57.93,0.613,1.014
2018-05-28,152.62,57.59,0.419,1.321
2018-05-29,151.62,57.22,0.346,1.348
2018-05-30,150.72,56.88,0.443,1.345
2018-05-31,149.62,56.46,0.265,1.367
2018-06-01,148.92,56.19,0.644,1.345
2018-06-02,148.21,55.93,0.656,1.358
2018-06-03,147.51,55.67,0.516,1.217
2018-06-04,146.81,55.4,0.383,1.084
2018-06-05,146.01,55.1,0.265,1.067
2018-06-06,145.21,54.8,0.24,1.041
2018-06-07,144.21,54.42,0.148,1.15
2018-06-08,143.21,54.04,0.077,1.079
2018-06-09,142.3,53.7,0.158,1.059
2018-06-10,141.5,53.4,0.225,1.027
2018-06-11,140.8,53.13,0.32,1.021
2018-06-12,140,52.83,0.228,1.029
2018-06-13,139.2,52.53,0.23,1.032
2018-06-14,138.4,52.23,0.233,1.034
2018-06-15,137.59,51.92,0.272,1.074
2018-06-16,136.69,51.58,0.208,1.109
2018-06-17,135.79,51.24,0.225,1.127
2018-06-18,134.84,50.88,0.189,1.141
2018-06-19,133.84,50.51,0.138,1.144
2018-06-20,132.82,50.12,0.114,1.236
2018-06-21,131.78,49.73,0.099,1.131
2018-06-22,130.88,49.39,0.103,1.005
2018-06-23,130.08,49.09,0.271,1.072
2018-06-24,129.18,48.75,0.179,1.081
2018-06-25,128.38,48.44,0.266,1.067
2018-06-26,127.48,48.1,0.169,1.07
2018-06-27,126.68,47.8,0.269,1.07
2018-06-28,125.97,47.54,0.364,1.071
2018-06-29,125.43,47.33,0.534,1.071
2018-06-30,124.89,47.13,0.562,1.099
2018-07-01,124.36,46.93,0.561,1.098
2018-07-02,123.97,46.78,0.684,1.068
2018-07-03,122.9,46.38,0.422,1.496
2018-07-04,121.59,45.88,0.307,1.612
2018-07-05,121.21,45.74,0.272,0.655
2018-07-06,121.17,45.73,0.255,0.293
2018-07-07,121.06,45.68,0.252,0.368
2018-07-08,120.9,45.62,0.251,0.404
2018-07-09,120.9,45.62,0.375,0.375
2018-07-10,120.83,45.6,0.32,0.397
2018-07-11,120.67,45.54,0.249,0.404
2018-07-12,120.52,45.48,0.251,0.403
2018-07-13,120.44,45.45,0.298,0.375
2018-07-14,120.29,45.39,0.25,0.403
2018-07-15,120.14,45.33,0.249,0.403
2018-07-16,119.98,45.28,0.244,0.397
2018-07-17,119.87,45.23,0.238,0.353
2018-07-18,120.06,45.31,0.535,0.343
2018-07-19,120.21,45.36,0.506,0.353
2018-07-20,120.52,45.48,0.66,0.353
2018-07-21,120.83,45.6,0.651,0.344
2018-07-22,121.44,45.83,0.958,0.344
2018-07-23,122.06,46.06,0.986,0.372
2018-07-24,122.9,46.38,1.229,0.386
2018-07-25,123.74,46.7,1.22,0.376
2018-07-26,124.66,47.04,1.262,0.341
2018-07-27,125.51,47.36,1.169,0.325
2018-07-28,125.97,47.54,0.786,0.326
2018-07-29,126.47,47.73,0.821,0.314
2018-07-30,126.98,47.92,0.808,0.307
2018-07-31,127.38,48.07,0.719,0.308
2018-08-01,127.88,48.26,0.809,0.308
2018-08-02,127.38,48.07,0.752,1.253
2018-08-03,124.05,46.81,0.746,4.073
2018-08-04,120.75,45.57,0.745,4.045
2018-08-05,117.37,44.29,0.719,4.095
2018-08-06,114,43.02,0.687,4.063
2018-08-07,112,42.26,0.724,2.72
2018-08-08,112.77,42.55,0.795,0.027
2018-08-09,113.46,42.82,0.711,0.021
2018-08-10,113.84,42.96,0.752,0.368
2018-08-11,114.3,43.13,0.835,0.378
2018-08-12,115.07,43.42,1.149,0.381
2018-08-13,115.46,43.57,0.763,0.379
2018-08-14,115.76,43.68,0.66,0.354
2018-08-15,115.92,43.74,0.506,0.352
2018-08-16,115.99,43.77,0.392,0.315
2018-08-17,116.15,43.83,0.459,0.306
2018-08-18,117.22,44.23,1.38,0.306
2018-08-19,126.98,47.92,9.756,
2018-08-20,133.29,50.3,6.343,0.031
2018-08-21,135.39,51.09,2.237,0.134
2018-08-22,136.69,51.58,1.552,0.249
2018-08-23,137.7,51.96,1.288,0.286
2018-08-24,138.4,52.23,0.97,0.269
2018-08-25,139.3,52.57,1.045,0.144
2018-08-26,140.3,52.94,1.08,0.078
2018-08-27,141.1,53.25,1.04,0.238
2018-08-28,143,53.96,2.166,0.264
2018-08-29,144.81,54.64,2.068,0.265
2018-08-30,145.81,55.02,1.299,0.297
2018-08-31,146.71,55.36,1.174,0.272
2018-09-01,147.71,55.74,1.176,0.174
2018-09-02,148.62,56.08,1.137,0.236
2018-09-03,149.22,56.31,0.893,0.292
2018-09-04,149.82,56.53,0.874,0.273
2018-09-05,150.42,56.76,0.874,0.273
2018-09-06,150.92,56.95,0.794,0.293
2018-09-07,151.32,57.1,0.687,0.287
2018-09-08,151.82,57.29,0.746,0.246
2018-09-09,153.22,57.82,1.623,0.221
2018-09-10,155.83,58.8,2.826,0.221
2018-09-11,160.84,60.69,5.266,0.257
2018-09-12,162.34,61.26,1.762,0.259
2018-09-13,163.44,61.68,1.361,0.259
2018-09-14,165.85,62.58,2.628,0.224
2018-09-15,168.55,63.6,2.929,0.224
2018-09-16,169.95,64.13,1.664,0.262
2018-09-17,170.05,64.17,1.089,0.988
2018-09-18,171.06,64.55,1.227,0.226
2018-09-19,173.16,65.34,2.33,0.226
2018-09-20,175.36,66.17,2.43,0.226
2018-09-21,178.27,67.27,3.169,0.268
2018-09-22,180.42,68.08,2.429,0.275
2018-09-23,182.2,68.75,2.046,0.271
2018-09-24,183.21,69.14,1.29,0.276
2018-09-25,183.97,69.42,1.059,0.299
2018-09-26,184.48,69.61,0.822,0.315
2018-09-27,184.86,69.76,0.686,0.306
2018-09-28,185.24,69.9,0.696,0.315
2018-09-29,185.49,70,0.568,0.315
2018-09-30,186.51,70.38,1.281,0.267
2018-10-01,187.27,70.67,1.068,0.307
2018-10-02,189.68,71.58,2.677,0.268
2018-10-03,196.14,74.02,6.466,
2018-10-04,201.47,76.03,5.324,
2018-10-05,204.89,77.32,3.456,0.033
2018-10-06,206.79,78.03,1.943,0.043
2018-10-07,208.06,78.51,1.526,0.258
2018-10-08,208.95,78.85,1.205,0.319
2018-10-09,209.71,79.14,1.062,0.332
2018-10-10,210.22,79.33,0.851,0.344
2018-10-11,211.36,79.76,1.432,0.292
2018-10-12,212.24,80.09,1.18,0.292
2018-10-13,213.38,80.52,1.433,0.292
2018-10-14,214.53,80.95,1.468,0.326
2018-10-15,215.41,81.29,1.15,0.263
2018-10-16,216.05,81.53,0.845,0.211
2018-10-17,216.55,81.72,0.717,0.211
2018-10-18,216.94,81.86,0.662,0.281
2018-10-19,217.19,81.96,0.619,0.366
2018-10-20,217.31,82.01,0.498,0.371
2018-10-21,217.44,82.05,0.488,0.361
2018-10-22,218.2,82.34,0.99,0.23
2018-10-23,219.34,82.77,1.298,0.157
2018-10-24,223.78,84.45,4.438,
2018-10-25,229.87,86.74,6.085,
2018-10-26,235.7,88.94,5.879,0.047
2018-10-27,238.23,89.9,2.703,0.167
2018-10-28,239.75,90.47,1.719,0.199
2018-10-29,241.25,91.04,1.689,0.193
2018-10-30,242.58,91.54,1.524,0.193
2018-10-31,243.58,91.92,1.19,0.193
2018-11-01,244.41,92.23,1.054,0.222
2018-11-02,245.08,92.48,0.919,0.254
2018-11-03,245.57,92.67,0.745,0.247
2018-11-04,245.91,92.8,0.58,0.247
2018-11-05,246.24,92.92,0.53,0.246
2018-11-06,246.57,93.05,0.487,0.155
2018-11-07,246.91,93.17,0.488,0.155
2018-11-08,247.24,93.3,0.508,0.176
2018-11-09,247.57,93.42,0.547,0.214
2018-11-10,247.9,93.55,0.546,0.212
2018-11-11,252.39,95.24,4.565,0.076
2018-11-12,254.05,95.87,1.662,
2018-11-13,256.05,96.62,1.995,
2018-11-14,257.55,97.19,1.562,0.065
2018-11-15,258.71,97.63,1.277,0.113
2018-11-16,259.71,98,1.111,0.114
2018-11-17,260.37,98.25,0.79,0.125
2018-11-18,261.04,98.5,0.803,0.137
2018-11-19,262.04,98.88,1.123,0.126
2018-11-20,262.87,99.2,0.969,0.137
2018-11-21,263.37,99.38,0.635,0.137
2018-11-22,263.7,99.51,0.521,0.188
2018-11-23,263.86,99.57,0.414,0.248
2018-11-24,264.03,99.63,0.456,0.289
2018-11-25,264.2,99.7,0.448,0.082
2018-11-26,264.36,99.76,0.409,0.243
2018-11-27,264.53,99.82,0.367,0.201
2018-11-28,264.69,99.88,0.355,0.189
2018-11-29,264.78,99.92,0.323,0.239
2018-11-30,264.86,99.95,0.348,0.265
2018-12-01,264.94,99.98,0.341,0.258
2018-12-02,265.03,100.01,0.341,0.258
2018-12-03,265.11,100.04,0.304,0.221
2018-12-04,265.19,100.07,0.272,0.189
2018-12-05,265.23,100.09,0.272,0.189
2018-12-06,265.18,100.07,0.227,0.227
2018-12-07,265.28,100.1,0.258,0.258
2018-12-08,265.28,100.1,0.252,0.252
2018-12-09,265.28,100.1,0.246,0.246
2018-12-10,265.28,100.1,0.215,0.215
2018-12-11,265.28,100.1,0.189,0.189
2018-12-12,265.36,100.14,0.22,0.136
2018-12-13,265.53,100.2,0.339,0.174
2018-12-14,266.19,100.45,0.682,0.017
2018-12-15,266.52,100.58,0.379,0.047
2018-12-16,266.69,100.64,0.311,0.144
2018-12-17,266.77,100.67,0.283,0.2
2018-12-18,266.86,100.7,0.259,0.176
2018-12-19,266.91,100.72,0.226,0.176
2018-12-20,266.91,100.72,0.214,0.214
2018-12-21,266.86,100.7,0.19,0.24
2018-12-22,266.77,100.67,0.169,0.252
2018-12-23,266.69,100.64,0.169,0.252
2018-12-24,266.61,100.61,0.131,0.214
2018-12-25,266.52,100.58,0.099,0.182
2018-12-26,266.41,100.53,0.083,0.198
2018-12-27,266.24,100.47,0.074,0.24
2018-12-28,266.03,100.39,0.062,0.278
2018-12-29,266.03,100.39,0.225,0.225
2018-12-30,265.98,100.37,0.205,0.254
2018-12-31,266.03,100.39,0.238,0.188
2019-01-01,266.01,100.38,0.2,0.2
2019-01-02,265.97,100.37,0.18,0.21
2019-01-03,265.89,100.34,0.16,0.24
2019-01-04,265.76,100.29,0.14,0.27
2019-01-05,265.57,100.22,0.12,0.3
2019-01-06,265.34,100.13,0.1,0.33
2019-01-07,265.09,100.03,0.09,0.34
2019-01-08,265.09,100.03,0.29,0.29
2019-01-09,267.34,100.88,2.35,0.1
2019-01-10,268.33,101.26,1.28,0.28
2019-01-11,268.67,101.38,0.61,0.28
2019-01-12,268.67,101.38,0.29,0.29
2019-01-13,268.67,101.38,0.29,0.29
2019-01-14,268.63,101.37,0.26,0.29
2019-01-15,268.55,101.34,0.22,0.31
2019-01-16,268.43,101.29,0.2,0.32
2019-01-17,268.3,101.25,0.18,0.32
2019-01-18,268.15,101.19,0.16,0.31
2019-01-19,267.98,101.12,0.15,0.31
2019-01-20,267.54,100.96,0.13,0.58
2019-01-21,266.8,100.68,0.11,0.84
2019-01-22,266.06,100.4,0.09,0.84
2019-01-23,265.29,100.11,0.07,0.84
2019-01-24,264.78,99.92,0.06,0.58
2019-01-25,264.49,99.81,0.05,0.34
2019-01-26,264.19,99.69,0.04,0.34
2019-01-27,263.63,99.48,0.04,0.6
2019-01-28,262.86,99.19,0.03,0.79
2019-01-29,262.07,98.89,0.02,0.82
2019-01-30,261.22,98.57,0.02,0.87
2019-01-31,260.64,98.35,0.01,0.6
2019-02-01,260.31,98.23,,0.34
2019-02-02,259.97,98.1,0.01,0.34
2019-02-03,259.24,97.83,,0.74
2019-02-04,258.11,97.4,,1.13
2019-02-05,256.98,96.97,,1.13
2019-02-06,255.85,96.55,,1.12
2019-02-07,254.67,96.1,,1.17
2019-02-08,253.5,95.66,,1.15
2019-02-09,252.51,95.29,,0.99
2019-02-10,251.62,94.95,,0.87
2019-02-11,250.74,94.62,,0.87
2019-02-12,249.86,94.29,,0.87
2019-02-13,249,93.96,,0.85
2019-02-14,248.12,93.63,,0.87
2019-02-15,247.23,93.29,,0.86
2019-02-16,246.39,92.98,,0.82
2019-02-17,245.37,92.59,,0.98
2019-02-18,244.17,92.14,,1.17
2019-02-19,243.01,91.7,,1.13
2019-02-20,241.85,91.26,,1.12
2019-02-21,240.68,90.82,,1.13
2019-02-22,239.52,90.38,,1.13
2019-02-23,238.58,90.03,,0.9
2019-02-24,237.72,89.71,,0.82
2019-02-25,236.86,89.38,,0.82
2019-02-26,235.97,89.05,,0.84
2019-02-27,235.08,88.71,,0.85
2019-02-28,234.2,88.38,,0.84
2019-03-01,233.31,88.04,,0.84
2019-03-02,232.42,87.71,,0.84
2019-03-03,231.36,87.31,,1.02
2019-03-04,230.13,86.84,,1.18
2019-03-05,228.9,86.38,,1.18
2019-03-06,227.69,85.92,,1.18
2019-03-07,226.8,85.58,,0.84
2019-03-08,225.69,85.17,,1.07
2019-03-09,224.62,84.76,,1.03
2019-03-10,223.65,84.4,,0.94
2019-03-11,222.6,84,,1.02
2019-03-12,221.54,83.6,,1.02
2019-03-13,220.38,83.16,,1.14
2019-03-14,219.12,82.69,,1.23
2019-03-15,217.68,82.14,,1.43
2019-03-16,216.03,81.52,,1.61
2019-03-17,214.3,80.87,,1.69
2019-03-18,212.52,80.2,,1.76
2019-03-19,210.75,79.53,,1.74
2019-03-20,208.99,78.86,,1.74
2019-03-21,207.28,78.22,,1.67
2019-03-22,205.63,77.6,,1.61
2019-03-23,204.12,77.03,,1.47
2019-03-24,202.75,76.51,,1.34
2019-03-25,201.38,75.99,,1.34
2019-03-26,200.02,75.48,,1.34
2019-03-27,198.63,74.95,,1.34
2019-03-28,197.25,74.43,,1.34
2019-03-29,195.74,73.86,,1.42
2019-03-30,194.09,73.24,,1.51
2019-03-31,192.07,72.48,,1.68
2019-04-01,189.78,71.62,,1.85
2019-04-02,187.5,70.75,,1.86
2019-04-03,185.22,69.89,,1.86
2019-04-04,182.94,69.03,,1.85
2019-04-05,180.66,68.17,,1.87
2019-04-06,178.63,67.41,,1.64
2019-04-07,176.6,66.64,,1.59
2019-04-08,174.54,65.86,,1.82
2019-04-09,172.44,65.07,,1.94
2019-04-10,170.33,64.28,,1.96
2019-04-11,168.13,63.45,,2.07
2019-04-12,165.82,62.57,,2.2
2019-04-13,163.52,61.71,,2.21
2019-04-14,161.22,60.84,,2.21
2019-04-15,158.91,59.97,,2.23
2019-04-16,156.61,59.1,,2.19
2019-04-17,154.31,58.23,,2.14
2019-04-18,152.1,57.4,,2.05
2019-04-19,150.1,56.64,,1.83
2019-04-20,148.3,55.96,,1.64
2019-04-21,146.49,55.28,,1.53
2019-04-22,144.79,54.64,,1.48
2019-04-23,143.09,54,,1.49
2019-04-24,141.38,53.35,,1.47
2019-04-25,139.58,52.67,,1.48
2019-04-26,137.88,52.03,,1.42
2019-04-27,136.27,51.42,,1.29
2019-04-28,134.57,50.78,,1.4
2019-04-29,132.57,50.03,,1.66
2019-04-30,130.46,49.23,,1.7
2019-05-01,128.36,48.44,,1.65
2019-05-02,126.18,47.62,,1.69
2019-05-03,124.26,46.89,,1.58
2019-05-04,122.73,46.31,,1.3
2019-05-05,121.27,45.76,,1.17
2019-05-06,119.81,45.21,,1.19
2019-05-07,118.43,44.69,,1.23
2019-05-08,117.12,44.2,,1.23
2019-05-09,115.82,43.71,,1.23
2019-05-10,114.59,43.24,,1.2
2019-05-11,113.36,42.78,,1.18
2019-05-12,111.91,42.23,,1.39
2019-05-13,110.45,41.68,0.19,1.65
2019-05-14,109.53,41.33,0.35,1.27
2019-05-15,109.37,41.27,0.26,0.42
2019-05-16,109.37,41.27,0.11,0.11
2019-05-17,109.41,41.29,0.08,0.04
2019-05-18,109.18,41.2,0.05,0.28
2019-05-19,108.72,41.03,0.02,0.48
2019-05-20,107.65,40.62,,1.06
2019-05-21,106.53,40.2,,1.1
2019-05-22,105.42,39.78,,1.06
2019-05-23,104.23,39.33,,1.13
2019-05-24,103.2,38.94,,0.96
2019-05-25,102.24,38.58,,0.86
2019-05-26,101.16,38.17,,1.01
2019-05-27,99.78,37.65,,1.26
2019-05-28,98.4,37.13,,1.24
2019-05-29,97.02,36.61,,1.23
2019-05-30,96.18,36.29,0.07,0.92
2019-05-31,96.48,36.41,0.46,0.15
2019-06-01,97.02,36.61,0.54,
2019-06-02,97.33,36.73,0.39,0.08
2019-06-03,97.48,36.78,0.31,0.16
2019-06-04,97.56,36.82,0.24,0.16
2019-06-05,97.56,36.82,0.16,0.16
2019-06-06,97.56,36.82,0.09,0.09
2019-06-07,97.6,36.83,0.07,0.03
2019-06-08,97.71,36.87,0.14,0.03
2019-06-09,97.71,36.87,0.12,0.12
2019-06-10,97.6,36.83,0.09,0.2
2019-06-11,97.44,36.77,0.03,0.19
2019-06-12,97.25,36.7,0.01,0.2
2019-06-13,97.17,36.67,0.02,0.1
2019-06-14,97.17,36.67,0.02,0.02
2019-06-15,97.17,36.67,0.02,0.02
2019-06-16,96.98,36.6,0.01,0.2
2019-06-17,96.67,36.48,0.01,0.32
2019-06-18,96.41,36.38,0.04,0.3
2019-06-19,96.14,36.28,0.04,0.3
2019-06-20,95.87,36.18,0.03,0.3
2019-06-21,95.56,36.06,0.02,0.33
2019-06-22,95.02,35.86,0.01,0.55
2019-06-23,94.6,35.7,,0.43
2019-06-24,93.11,35.14,,1.16
2019-06-25,91.19,34.41,,1.42
2019-06-26,89.81,33.89,,1.04
2019-06-27,88.73,33.48,,0.79
2019-06-28,88.27,33.31,,0.35
2019-06-29,87.72,33.1,,0.46
2019-06-30,87.2,32.91,,0.51
2019-07-01,86.68,32.71,,0.46
2019-07-02,86.4,32.6,0.15,0.44
2019-07-03,86.22,32.54,0.13,0.3
2019-07-04,85.94,32.43,0.06,0.34
2019-07-05,85.13,32.12,0.04,0.84
2019-07-06,83.93,31.67,0.02,1.23
2019-07-07,83.41,31.48,,0.51
2019-07-08,83.06,31.34,0.01,0.35
2019-07-09,82.61,31.17,,0.45
2019-07-10,82.43,31.11,0.27,0.44
2019-07-11,82.15,31,0.04,0.32
2019-07-12,81.46,30.74,,0.69
2019-07-13,80.14,30.24,,1.2
2019-07-14,78.82,29.74,,1.17
2019-07-15,78.13,29.48,,0.62
2019-07-16,77.78,29.35,,0.29
2019-07-17,77.38,29.2,,0.39
2019-07-18,76.92,29.03,,0.43
2019-07-19,76.52,28.88,,0.38
2019-07-20,76.23,28.77,,0.28
2019-07-21,75.83,28.62,0.03,0.43
2019-07-22,75.66,28.55,0.1,0.27
2019-07-23,75.48,28.48,0.03,0.2
2019-07-24,75.37,28.44,0.06,0.18
2019-07-25,75.43,28.46,0.18,0.13
2019-07-26,75.94,28.66,0.52,
2019-07-27,76.06,28.7,0.12,
2019-07-28,76.81,28.98,0.75,
2019-07-29,77.32,29.18,0.7,0.18
2019-07-30,77.49,29.24,0.35,0.18
2019-07-31,77.61,29.29,0.27,0.16
2019-08-01,77.72,29.33,0.22,0.1
2019-08-02,78.82,29.74,1.17,0.08
2019-08-03,79.68,30.07,1.03,0.16
2019-08-04,80.02,30.2,0.52,0.17
2019-08-05,81.23,30.65,1.23,0.03
2019-08-06,84.27,31.8,3.04,
2019-08-07,86.28,32.56,2.11,0.1
2019-08-08,86.97,32.82,0.85,0.16
2019-08-09,87.26,32.93,0.49,0.21
2019-08-10,87.66,33.08,0.59,0.09
2019-08-11,89.12,33.63,1.59,0.13
2019-08-12,89.88,33.92,0.77,
2019-08-13,90.42,34.12,0.54,
2019-08-14,91.34,34.47,1.07,0.15
2019-08-15,91.8,34.64,0.64,0.18
2019-08-16,92.72,34.99,1.1,0.18
2019-08-17,95.64,36.09,3.05,0.13
2019-08-18,98.02,36.99,2.47,0.09
2019-08-19,99.48,37.54,1.58,0.12
2019-08-20,100.09,37.77,0.77,0.15
2019-08-21,100.93,38.09,0.98,0.13
2019-08-22,102.47,38.67,1.7,0.16
2019-08-23,104.92,39.59,2.59,0.13
2019-08-24,108.22,40.84,3.3,
2019-08-25,113.21,42.72,4.99,
2019-08-26,116.28,43.88,3.15,0.08
2019-08-27,117.66,44.4,1.54,0.15
2019-08-28,118.97,44.89,1.43,0.13
2019-08-29,120.42,45.44,1.56,0.1
2019-08-30,121.19,45.73,0.91,0.14
2019-08-31,123.03,46.43,1.92,0.08
2019-09-01,127.76,48.21,4.77,0.04
2019-09-02,132.37,49.95,4.69,0.09
2019-09-03,134.67,50.82,2.42,0.09
2019-09-04,136.57,51.54,2.02,0.09
2019-09-05,138.08,52.11,1.67,0.09
2019-09-06,138.98,52.45,1.12,0.09
2019-09-07,139.48,52.63,0.66,0.04
2019-09-08,139.88,52.78,0.52,0.12
2019-09-09,140.18,52.9,0.4,0.05
2019-09-10,140.48,53.01,0.41,0.09
2019-09-11,140.68,53.09,0.3,0.09
2019-09-12,140.88,53.16,0.34,0.09
2019-09-13,140.98,53.2,0.3,0.09
2019-09-14,141.18,53.28,0.36,0.04
2019-09-15,141.48,53.39,0.39,0.09
2019-09-16,141.68,53.46,0.33,0.05
2019-09-17,141.78,53.5,0.23,0.09
2019-09-18,142.08,53.62,0.39,0.09
2019-09-19,142.28,53.69,0.32,0.09
2019-09-20,143.19,54.03,1.04,0.09
2019-09-21,143.89,54.3,0.79,0.04
2019-09-22,144.59,54.56,0.75,0.05
2019-09-23,145.19,54.79,0.71,0.05
2019-09-24,145.49,54.9,0.41,0.09
2019-09-25,145.79,55.02,0.4,0.07
2019-09-26,145.89,55.05,0.24,0.07
2019-09-27,145.99,55.09,0.24,0.07
2019-09-28,146.09,55.13,0.2,0.04
2019-09-29,146.19,55.17,0.18,0.08
2019-09-30,146.24,55.18,0.15,0.04
2019-10-01,146.29,55.2,0.15,0.08
2019-10-02,146.29,55.2,0.11,0.08
2019-10-03,146.27,55.2,0.11,0.08
2019-10-04,146.26,55.19,0.1,0.04
2019-10-05,146.39,55.24,0.21,0.05
2019-10-06,146.49,55.28,0.18,0.08
2019-10-07,146.79,55.39,0.4,0.1
2019-10-08,146.99,55.47,0.3,0.08
2019-10-09,147.29,55.58,0.38,0.08
2019-10-10,147.39,55.62,0.23,0.08
2019-10-11,147.69,55.73,0.38,0.05
2019-10-12,148.4,56,0.78,0.08
2019-10-13,148.9,56.19,0.77,0.27
2019-10-14,149.4,56.38,0.6,0.03
2019-10-15,150.4,56.75,1.08,0.08
2019-10-16,151.1,57.02,0.78,0.08
2019-10-17,151.7,57.25,0.74,0.08
2019-10-18,152.2,57.43,0.59,0.04
2019-10-19,152.7,57.62,0.58,0.08
2019-10-20,153.1,57.77,0.48,0.08
2019-10-21,153.4,57.89,0.4,0.04
2019-10-22,153.6,57.96,0.31,0.08
2019-10-23,153.7,58,0.21,0.08
2019-10-24,153.7,58,0.13,0.08
2019-10-25,153.7,58,0.12,0.08
2019-10-26,153.7,58,0.08,0.08
2019-10-27,153.7,58,0.08,0.08
2019-10-28,153.7,58,0.09,0.04
2019-10-29,153.67,57.99,0.08,0.08
2019-10-30,153.81,58.04,0.21,0.08
2019-10-31,153.91,58.08,0.22,0.08
2019-11-01,154.01,58.12,0.21,0.04
2019-11-02,154.11,58.15,0.18,
2019-11-03,154.01,58.12,0.17,
2019-11-04,154.06,58.14,0.15,0.07
2019-11-05,154.11,58.15,0.15,0.08
2019-11-06,154.11,58.15,0.11,0.08
2019-11-07,154.08,58.14,0.1,0.08
2019-11-08,154.51,58.31,0.52,0.05
2019-11-09,155.21,58.57,0.75,0.05
2019-11-10,155.71,58.76,0.57,0.05
2019-11-11,156.01,58.87,0.4,0.02
2019-11-12,156.11,58.91,0.21,0.08
2019-11-13,156.16,58.93,0.16,0.08
2019-11-14,156.21,58.95,0.15,0.08
2019-11-15,156.31,58.98,0.16,
2019-11-16,156.41,59.02,0.18,0.05
2019-11-17,156.51,59.06,0.18,
2019-11-18,156.56,59.08,0.16,
2019-11-19,156.61,59.1,0.16,0.08
2019-11-20,156.61,59.1,0.11,
2019-11-21,156.56,59.08,0.08,0.03
2019-11-22,156.51,59.06,0.07,0.04
2019-11-23,156.51,59.06,0.08,
2019-11-24,156.51,59.06,0.07,
2019-11-25,156.48,59.05,0.07,0.04
2019-11-26,156.43,59.03,0.06,0.08
2019-11-27,156.38,59.01,0.05,0.08
2019-11-28,156.3,58.98,0.05,0.08
2019-11-29,156.23,58.95,0.05,0.04
2019-11-30,156.19,58.94,0.04,
2019-12-01,156.15,58.92,0.04,
2019-12-02,156.09,58.9,0.04,0.02
2019-12-03,156.02,58.88,0.04,
2019-12-04,155.94,58.85,0.03,
2019-12-05,155.83,58.8,0.02,0.03
2019-12-06,155.73,58.77,0.02,0.05
2019-12-07,155.67,58.74,0.01,0.05
2019-12-08,155.61,58.72,0.01,
2019-12-09,155.53,58.69,0.01,0.04
2019-12-10,155.44,58.66,0.01,0.08
2019-12-11,155.34,58.62,0.01,
2019-12-12,155.22,58.57,,
2019-12-13,155.25,58.58,,
2019-12-14,155.03,58.5,,
2019-12-15,154.95,58.47,,
2019-12-16,154.85,58.43,,0.04
2019-12-17,154.74,58.39,,0.08
2019-12-18,154.63,58.35,,0.08
2019-12-19,154.49,58.3,,0.08
2019-12-20,154.36,58.25,,0.04
2019-12-21,154.2,58.19,,
2019-12-22,153.72,58.01,,0.04
2019-12-23,153.57,57.95,,0.08
2019-12-24,153.3,57.85,,0.08
2019-12-25,153.13,57.78,,0.08
2019-12-26,152.92,57.71,,0.08
2019-12-27,152.68,57.62,,0.08
2019-12-28,152.35,57.49,,0.16
2019-12-29,152.05,57.38,,0.16
2019-12-30,151.9,57.32,0.05,0.16
2019-12-31,151.78,57.28,0.05,0.16
2020-01-01,151.65,57.23,0.05,0.16
2020-01-02,151.44,57.15,0.05,0.16
2020-01-03,151.16,57.04,0.04,0.16
2020-01-04,150.87,56.93,0.03,0.16
2020-01-05,150.57,56.82,0.02,0.16
2020-01-06,150.35,56.74,0.01,0.14
2020-01-07,150.19,56.68,0.01,0.14
2020-01-08,150.02,56.61,0.01,0.14
2020-01-09,149.96,56.59,0.01,0.14
2020-01-10,149.48,56.41,0.01,0.14
2020-01-11,149.18,56.29,0.01,0.14
2020-01-12,148.62,56.08,0.01,0.14
2020-01-13,147.87,55.8,0.01,0.14
2020-01-14,147.19,55.54,,0.14
2020-01-15,146.76,55.38,,0.14
2020-01-16,146.53,55.29,,0.14
2020-01-17,146.25,55.19,,0.14
2020-01-18,145.96,55.08,,0.14
2020-01-19,145.34,54.85,,0.14
2020-01-20,144.45,54.51,,0.14
2020-01-21,143.61,54.19,,0.14
2020-01-22,143.1,54,,0.14
2020-01-23,142.86,53.91,,0.14
2020-01-24,142.56,53.8,,0.14
2020-01-25,141.88,53.54,,0.14
2020-01-26,140.8,53.13,,0.14
2020-01-27,139.78,52.75,,0.14
2020-01-28,139.21,52.53,,
2020-01-29,139.03,52.46,,
2020-01-30,138.79,52.37,,0.14
2020-01-31,138.16,52.14,,0.14
2020-02-01,137.23,51.78,,0.14
2020-02-02,136.33,51.45,,0.14
2020-02-03,135.47,51.12,,0.16
2020-02-04,134.67,50.82,,0.16
2020-02-05,134.15,50.62,,
2020-02-06,133.85,50.51,,0.16
2020-02-07,133.27,50.29,,0.16
2020-02-08,132.37,49.95,,0.16
2020-02-09,131.36,49.57,,0.16
2020-02-10,130.44,49.22,,0.15
2020-02-11,129.56,48.89,,0.14
2020-02-12,128.66,48.55,,0.14
2020-02-13,127.86,48.25,,0.14
2020-02-14,126.91,47.89,,0.16
2020-02-15,125.87,47.5,,0.12
2020-02-16,124.95,47.15,,
2020-02-17,124.03,46.8,,0.09
2020-02-18,123.11,46.46,,0.16
2020-02-19,122.19,46.11,,0.16
2020-02-20,121.27,45.76,,0.06
2020-02-21,120.19,45.35,,0.17
2020-02-22,119.04,44.92,,0.18
2020-02-23,118.04,44.54,,0.18
2020-02-24,117.12,44.2,,0.18
2020-02-25,116.28,43.88,,0.18
2020-02-26,115.44,43.56,,0.18
2020-02-27,114.52,43.22,,0.18
2020-02-28,113.21,42.72,,0.18
2020-02-29,111.83,42.2,,0.07
2020-03-01,110.83,41.82,,
2020-03-02,110.06,41.53,,0.1
2020-03-03,109.37,41.27,,0.18
2020-03-04,108.68,41.01,,0.18
2020-03-05,107.95,40.74,,0.18
2020-03-06,106.84,40.32,,0.18
2020-03-07,105.61,39.85,,0.07
2020-03-08,104.46,39.42,,
2020-03-09,103.47,39.05,,0.1
2020-03-10,102.54,38.69,,0.18
2020-03-11,101.55,38.32,,0.18
2020-03-12,100.55,37.94,,0.18
2020-03-13,98.55,37.19,,0.17
2020-03-14,95.87,36.18,,0.17
2020-03-15,93.41,35.25,,0.17
2020-03-16,91.73,34.62,,0.17
2020-03-17,90.42,34.12,,0.17
2020-03-18,89.27,33.69,,0.17
2020-03-19,88.12,33.25,,0.17
2020-03-20,86.74,32.73,,0.17
2020-03-21,85.13,32.12,,0.17
2020-03-22,83.75,31.6,,0.17
2020-03-23,82.49,31.13,,0.17
2020-03-24,81.28,30.67,,0.14
2020-03-25,80.14,30.24,,0.14
2020-03-26,78.99,29.81,,0.13
2020-03-27,77.15,29.11,,0.13
2020-03-28,74.85,28.25,,0.13
2020-03-29,72.9,27.51,,0.13
2020-03-30,71.35,26.92,,0.13
2020-03-31,70.2,26.49,,0.13
2020-04-01,69.11,26.08,,0.13
2020-04-02,67.96,25.65,,0.13
2020-04-03,66.41,25.06,,0.13
2020-04-04,64.63,24.39,,0.13
2020-04-05,63.14,23.83,,0.13
2020-04-06,61.82,23.33,,0.13
2020-04-07,60.61,22.87,,0.13
2020-04-08,59.52,22.46,,0.13
2020-04-09,58.53,22.09,,0.13
2020-04-10,57.36,21.65,,0.13
2020-04-11,56.07,21.16,,0.13
2020-04-12,54.78,20.67,,0.13
2020-04-13,53.74,20.28,,0.13
2020-04-14,52.79,19.92,,0.13
2020-04-15,51.98,19.62,,0.13
2020-04-16,51.2,19.32,,0.09
2020-04-17,49.86,18.82,,0.09
2020-04-18,48.18,18.18,,0.09
2020-04-19,47.27,17.84,,0.03
2020-04-20,46.91,17.7,,0.06
2020-04-21,46.76,17.65,,0.08
2020-04-22,46.54,17.56,,0.07
2020-04-23,46.27,17.46,,0.07
2020-04-24,45.62,17.22,,0.07
2020-04-25,44.68,16.86,,0.07
2020-04-26,44.21,16.68,0.01,0.07
2020-04-27,44.65,16.85,0.43,
2020-04-28,45.12,17.03,0.48,
2020-04-29,45.55,17.19,0.43,
2020-04-30,45.94,17.34,0.39,
2020-05-01,46.54,17.56,0.6,
2020-05-02,47.02,17.74,0.47,
2020-05-03,47.45,17.91,0.43,
2020-05-04,47.79,18.03,0.35,
2020-05-05,48.05,18.13,0.28,
2020-05-06,48.27,18.22,0.23,
2020-05-07,48.44,18.28,0.19,
2020-05-08,48.57,18.33,0.15,
2020-05-09,48.66,18.36,0.11,
2020-05-10,48.7,18.38,0.07,
2020-05-11,48.74,18.39,0.06,
2020-05-12,48.79,18.41,0.07,
2020-05-13,48.83,18.43,0.07,
2020-05-14,48.87,18.44,0.07,
2020-05-15,48.89,18.45,0.04,
2020-05-16,48.91,18.46,0.04,
2020-05-17,48.93,18.46,0.04,
2020-05-18,48.94,18.47,0.03,
2020-05-19,48.94,18.47,0.03,
2020-05-20,48.95,18.47,0.03,
2020-05-21,48.95,18.47,0.02,
2020-05-22,48.95,18.47,0.02,
2020-05-23,48.94,18.47,0.02,
2020-05-24,48.94,18.47,0.02,
2020-05-25,48.93,18.46,0.01,
2020-05-26,48.91,18.46,0.01,
2020-05-27,48.9,18.45,0.01,
2020-05-28,48.88,18.45,0.01,
2020-05-29,48.33,18.24,0.01,
2020-05-30,47.85,18.06,0.01,
2020-05-31,47.88,18.07,0.03,
2020-06-01,47.97,18.1,0.11,
2020-06-02,48.05,18.13,0.1,
2020-06-03,48.12,18.16,0.09,
2020-06-04,48.18,18.18,0.09,
2020-06-05,47.79,18.03,0.19,
2020-06-06,47.83,18.05,0.13,
2020-06-07,47.58,17.95,0.15,
2020-06-08,47.71,18,0.13,
2020-06-09,47.82,18.05,0.11,
2020-06-10,47.88,18.07,0.08,
2020-06-11,47.92,18.08,0.06,
2020-06-12,47.98,18.11,0.06,
2020-06-13,47.99,18.11,0.04,
2020-06-14,48,18.11,0.03,
2020-06-15,48.01,18.12,0.03,
2020-06-16,47.99,18.11,0.04,
2020-06-17,48.14,18.17,0.09,
2020-06-18,48.22,18.2,0.09,
2020-06-19,48.33,18.24,0.11,
2020-06-20,48.4,18.26,0.07,
2020-06-21,47.88,18.07,0.06,
2020-06-22,47.71,18,0.04,
2020-06-23,47.74,18.02,0.04,
2020-06-24,47.77,18.03,0.04,
2020-06-25,47.8,18.04,0.04,
2020-06-26,47.88,18.07,0.08,
2020-06-27,48.01,18.12,0.13,
2020-06-28,50.38,19.01,2.39,
2020-06-29,51.41,19.4,1.05,
2020-06-30,51.85,19.57,0.45,
2020-07-01,52.15,19.68,0.3,
2020-07-02,52.32,19.74,0.19,
2020-07-03,52.45,19.79,0.15,
2020-07-04,52.67,19.88,0.22,
2020-07-05,52.84,19.94,0.18,
2020-07-06,52.67,19.88,0.1,0.13
2020-07-07,52.45,19.79,0.07,0.13
2020-07-08,52.32,19.74,0.13,0.13
2020-07-09,52.23,19.71,0.19,0.13
2020-07-10,52.41,19.78,0.19,
2020-07-11,52.54,19.83,0.14,
2020-07-12,52.62,19.86,0.1,
2020-07-13,52.62,19.86,0.26,0.13
2020-07-14,52.67,19.88,0.31,0.31
2020-07-15,52.71,19.89,0.32,0.13
2020-07-16,52.73,19.9,0.3,0.13
2020-07-17,52.97,19.99,0.25,
2020-07-18,53.31,20.12,0.34,
2020-07-19,53.96,20.36,0.67,
2020-07-20,54.17,20.44,0.4,0.09
2020-07-21,54.26,20.48,0.36,0.13
2020-07-22,54.35,20.51,0.35,0.13
2020-07-23,54.39,20.52,0.31,0.13
2020-07-24,54.61,20.61,0.24,
2020-07-25,54.73,20.65,0.15,
2020-07-26,54.82,20.69,0.11,
2020-07-27,54.69,20.64,0.08,0.09
2020-07-28,55.21,20.83,0.7,0.09
2020-07-29,56.24,21.22,1.18,0.07
2020-07-30,56.8,21.43,0.72,0.07
2020-07-31,57.02,21.52,0.24,
2020-08-01,57.15,21.57,0.15,
2020-08-02,57.28,21.62,0.13,
2020-08-03,59.75,22.55,2.47,
2020-08-04,73.13,27.6,13.38,
2020-08-05,80.83,30.5,7.7,
2020-08-06,83.87,31.65,3.04,
2020-08-07,85.42,32.23,1.57,0.02
2020-08-08,86.63,32.69,1.21,
2020-08-09,90.11,34,3.51,
2020-08-10,93.03,35.11,2.92,
2020-08-11,94.41,35.63,1.59,0.2
2020-08-12,95.95,36.21,1.71,0.18
2020-08-13,97.4,36.75,1.57,0.11
2020-08-14,98.32,37.1,1.06,0.14
2020-08-15,100.4,37.89,2.19,0.12
2020-08-16,102.16,38.55,1.77,
2020-08-17,103.24,38.96,1.09,0.02
2020-08-18,104,39.25,0.97,0.2
2020-08-19,104.77,39.54,0.95,0.18
2020-08-20,105.31,39.74,0.72,0.18
2020-08-21,106.77,40.29,1.64,0.18
2020-08-22,108.3,40.87,1.65,0.03
2020-08-23,110.53,41.71,2.23,
2020-08-24,112.6,42.49,2.07,
2020-08-25,114.52,43.22,2,0.09
2020-08-26,115.9,43.74,1.46,0.08
2020-08-27,116.97,44.14,1.17,0.1
2020-08-28,117.97,44.52,1.08,0.08
2020-08-29,118.66,44.78,0.8,0.08
2020-08-30,119.5,45.09,0.84,
2020-08-31,120.12,45.33,0.65,0.03
2020-09-01,120.5,45.47,0.57,0.08
2020-09-02,120.88,45.62,0.54,0.16
2020-09-03,121.11,45.7,0.42,0.19
2020-09-04,121.27,45.76,0.35,0.2
2020-09-05,121.34,45.79,0.27,0.2
2020-09-06,121.5,45.85,0.19,
2020-09-07,121.65,45.91,0.18,
2020-09-08,121.8,45.96,0.34,0.18
2020-09-09,122.04,46.05,0.39,0.16
2020-09-10,122.19,46.11,0.34,0.19
2020-09-11,122.3,46.15,0.31,0.19
2020-09-12,122.38,46.18,0.27,0.2
2020-09-13,122.73,46.31,0.35,
2020-09-14,122.99,46.41,0.3,0.04
2020-09-15,123.07,46.44,0.27,0.2
2020-09-16,123.12,46.46,0.25,0.2
2020-09-17,123.16,46.48,0.24,0.2
2020-09-18,123.19,46.49,0.21,0.19
2020-09-19,123.2,46.49,0.2,0.19
2020-09-20,123.49,46.6,0.29,
2020-09-21,124.03,46.8,0.54,
2020-09-22,124.49,46.98,0.56,0.1
2020-09-23,124.87,47.12,0.54,0.15
2020-09-24,125.56,47.38,0.8,0.11
2020-09-25,129.26,48.78,3.73,0.03
2020-09-26,131.06,49.46,1.9,0.06
2020-09-27,132.17,49.88,1.14,0.04
2020-09-28,133.07,50.22,0.9,
2020-09-29,133.57,50.4,0.66,0.16
2020-09-30,133.87,50.52,0.49,0.19
2020-10-01,134.37,50.71,0.66,0.16
2020-10-02,135.27,51.05,1.06,0.16
2020-10-03,136.07,51.35,0.99,0.19
2020-10-04,136.87,51.65,0.83,0.03
2020-10-05,137.58,51.92,0.73,0.03
2020-10-06,138.08,52.11,0.69,0.19
2020-10-07,138.48,52.26,0.59,0.19
2020-10-08,138.78,52.37,0.5,0.2
2020-10-09,138.98,52.45,0.4,0.2
2020-10-10,139.08,52.48,0.3,0.2
2020-10-11,139.28,52.56,0.24,
2020-10-12,139.46,52.63,0.22,0.04
2020-10-13,139.47,52.63,0.21,0.2
2020-10-14,139.48,52.63,0.2,0.19
2020-10-15,139.49,52.64,0.19,0.18
2020-10-16,139.5,52.64,0.18,0.17
2020-10-17,139.58,52.67,0.22,0.14
2020-10-18,139.78,52.75,0.22,0.02
2020-10-19,139.98,52.82,0.23,0.02
2020-10-20,140.08,52.86,0.24,0.14
2020-10-21,140.18,52.9,0.24,0.14
2020-10-22,140.28,52.94,0.24,0.14
2020-10-23,140.33,52.95,0.22,0.17
2020-10-24,140.36,52.97,0.2,0.07
2020-10-25,140.51,53.02,0.18,0.03
2020-10-26,140.65,53.08,0.17,0.03
2020-10-27,140.68,53.09,0.17,0.14
2020-10-28,140.73,53.11,0.19,0.14
2020-10-29,140.74,53.11,0.19,0.18
2020-10-30,140.83,53.14,0.23,0.14
2020-10-31,141.08,53.24,0.25,
2020-11-01,141.38,53.35,0.3,
2020-11-02,141.63,53.45,0.28,0.03
2020-11-03,141.8,53.51,0.27,0.1
2020-11-04,141.95,53.57,0.25,0.1
2020-11-05,142.08,53.62,0.23,0.1
2020-11-06,142.28,53.69,0.35,0.15
2020-11-07,142.48,53.77,0.35,0.15
2020-11-08,142.79,53.88,0.33,0.03
2020-11-09,143.09,54,0.33,0.03
2020-11-10,143.29,54.07,0.31,0.11
2020-11-11,143.47,54.14,0.29,0.11
2020-11-12,143.62,54.2,0.26,0.11
2020-11-13,143.67,54.22,0.22,0.17
2020-11-14,143.77,54.25,0.19,0.03
2020-11-15,143.91,54.31,0.18,
2020-11-16,144.03,54.35,0.16,0.04
2020-11-17,144.14,54.39,0.15,0.04
2020-11-18,144.18,54.41,0.14,0.1
2020-11-19,144.21,54.42,0.13,0.07
2020-11-20,144.23,54.43,0.12,0.1
2020-11-21,144.28,54.45,0.11,0.06
2020-11-22,144.34,54.47,0.1,
2020-11-23,144.4,54.49,0.09,0.03
2020-11-24,144.45,54.51,0.09,0.04
2020-11-25,144.43,54.5,0.09,0.11
2020-11-26,144.41,54.49,0.08,0.1
2020-11-27,144.34,54.47,0.07,0.14
2020-11-28,144.32,54.46,0.07,0.09
2020-11-29,144.35,54.47,0.06,0.09
2020-11-30,144.38,54.48,0.06,0.03
2020-12-01,144.37,54.48,0.06,0.07
2020-12-02,144.33,54.46,0.06,0.1
2020-12-03,144.25,54.43,0.06,0.14
2020-12-04,144.14,54.39,0.05,0.16
2020-12-05,144.1,54.38,0.05,0.09
2020-12-06,144.1,54.38,0.03,
2020-12-07,144.02,54.35,0.03,0.11
2020-12-08,143.89,54.3,0.02,0.15
2020-12-09,143.75,54.25,0.02,0.16
2020-12-10,143.61,54.19,0.02,0.16
2020-12-11,143.47,54.14,0.01,0.15
2020-12-12,143.4,54.11,0.01,0.08
2020-12-13,143.38,54.11,0.01,
2020-12-14,143.32,54.08,0.01,0.07
2020-12-15,143.23,54.05,0.01,0.1
2020-12-16,143.14,54.02,0.01,0.1
2020-12-17,143.01,53.97,0.01,0.14
2020-12-18,142.85,53.91,,0.16
2020-12-19,142.77,53.88,,0.08
2020-12-20,142.74,53.86,,0.03
2020-12-21,142.67,53.84,,0.07
2020-12-22,142.57,53.8,,0.09
2020-12-23,142.48,53.77,,0.09
2020-12-24,142.35,53.72,,0.13
2020-12-25,142.2,53.66,,0.15
2020-12-26,142.12,53.63,,0.08
2020-12-27,142.09,53.62,,
2020-12-28,142.06,53.61,,0.03
2020-12-29,141.97,53.57,,0.09
2020-12-30,141.84,53.52,,0.13
2020-12-31,141.68,53.46,,0.16
2021-01-01,141.52,53.4,,0.16
2021-01-02,141.37,53.35,,0.15
2021-01-03,141.34,53.34,,
2021-01-04,141.31,53.32,,0.03
2021-01-05,141.15,53.26,,0.16
2021-01-06,140.88,53.16,,0.27
2021-01-07,140.59,53.05,,0.29
2021-01-08,139.74,52.73,,0.85
2021-01-09,138.98,52.45,,0.76
2021-01-10,138.95,52.43,,
2021-01-11,138.92,52.42,,0.03
2021-01-12,138.61,52.31,,0.31
2021-01-13,138.32,52.2,,0.29
2021-01-14,138.03,52.09,,0.29
2021-01-15,137.31,51.82,,0.72
2021-01-16,136.23,51.41,,1.07
2021-01-17,135.84,51.26,,0.39
2021-01-18,135.81,51.25,,0.03
2021-01-19,135.52,51.14,,0.29
2021-01-20,135.23,51.03,,0.29
2021-01-21,134.94,50.92,,0.29
2021-01-22,134.27,50.67,,0.67
2021-01-23,133.15,50.25,,0.18
2021-01-24,133.12,50.23,,0.03
2021-01-25,132.99,50.18,,0.13
2021-01-26,132.73,50.09,,0.26
2021-01-27,132.47,49.99,,0.26
2021-01-28,132.21,49.89,,0.26
2021-01-29,131.53,49.63,,0.68
2021-01-30,130.71,49.32,,0.81
2021-01-31,130.76,49.34,0.29,0.24
2021-02-01,130.81,49.36,0.17,0.12
2021-02-02,130.61,49.29,0.08,0.28
2021-02-03,130.39,49.2,0.06,0.28
2021-02-04,130.14,49.11,0.03,0.28
2021-02-05,129.16,48.74,0.01,0.99
2021-02-06,128.15,48.36,0.01,1.02
2021-02-07,128.13,48.35,0.01,0.03
2021-02-08,128.06,48.32,0.02,0.09
2021-02-09,128.56,48.51,0.61,0.1
2021-02-10,128.96,48.66,0.42,0.02
2021-02-11,129.16,48.74,0.32,0.12
2021-02-12,129.17,48.74,0.26,0.13
2021-02-13,129.2,48.75,0.2,0.17
2021-02-14,129.3,48.79,0.13,0.03
2021-02-15,129.28,48.78,0.09,0.11
2021-02-16,129.1,48.72,0.07,0.25
2021-02-17,128.89,48.64,0.04,0.25
2021-02-18,128.64,48.54,0.03,0.28
2021-02-19,127.67,48.18,0.02,0.99
2021-02-20,126.35,47.68,0.01,0.13
2021-02-21,125.95,47.53,0.01,
2021-02-22,125.83,47.48,0.01,0.13
2021-02-23,125.55,47.38,,0.28
2021-02-24,125.27,47.27,,0.29
2021-02-25,124.98,47.16,,0.29
2021-02-26,123.98,46.78,,1
2021-02-27,122.64,46.28,,1.34
2021-02-28,122.23,46.12,,0.41
2021-03-01,122.1,46.08,,0.13
2021-03-02,121.82,45.97,,0.28
2021-03-03,121.54,45.86,,0.28
2021-03-04,121.26,45.76,,0.28
2021-03-05,118.99,44.9,,2.27
2021-03-06,117.72,44.42,,1.26
2021-03-07,117.65,44.4,,0.08
2021-03-08,117.52,44.35,,0.13
2021-03-09,117.24,44.24,,0.28
2021-03-10,116.96,44.14,,0.28
2021-03-11,116.69,44.03,,0.28
2021-03-12,114.42,43.18,,2.26
2021-03-13,113.16,42.7,,1.26
2021-03-14,113.09,42.68,,0.08
2021-03-15,112.97,42.63,,0.12
2021-03-16,112.7,42.53,,0.27
2021-03-17,112.42,42.42,,0.28
2021-03-18,112.14,42.32,,0.28
2021-03-19,109.88,41.46,,2.26
2021-03-20,108.62,40.99,,1.26
2021-03-21,108.54,40.96,,0.08
2021-03-22,108.42,40.91,,0.12
2021-03-23,108.17,40.82,0.01,0.26
2021-03-24,107.92,40.72,,0.26
2021-03-25,107.66,40.63,,0.26
2021-03-26,105.41,39.78,,2.26
2021-03-27,104.15,39.3,,1.26
2021-03-28,104.07,39.27,,0.08
2021-03-29,103.95,39.23,,0.12
2021-03-30,103.7,39.13,,0.24
2021-03-31,103.46,39.04,,0.25
2021-04-01,103.21,38.95,,0.24
2021-04-02,101,38.11,,2.22
2021-04-03,98.77,37.27,,2.23
2021-04-04,98.75,37.26,0.06,0.09
2021-04-05,98.71,37.25,0.06,0.1
2021-04-06,98.75,37.26,0.25,0.21
2021-04-07,98.98,37.35,0.23,
2021-04-08,99.01,37.36,0.13,0.09
2021-04-09,96.85,36.55,0.06,2.22
2021-04-10,95.64,36.09,0.02,1.23
2021-04-11,95.68,36.11,0.11,0.07
2021-04-12,95.64,36.09,0.07,0.11
2021-04-13,95.45,36.02,0.03,0.22
2021-04-14,95.24,35.94,0.02,0.22
2021-04-15,95.02,35.86,0.01,0.23
2021-04-16,92.98,35.09,0.01,2.06
2021-04-17,92.03,34.73,0.1,1.04
2021-04-18,92.19,34.79,0.19,0.04
2021-04-19,92.34,34.85,0.25,0.1
2021-04-20,92.26,34.82,0.14,0.21
2021-04-21,92.11,34.76,0.06,0.22
2021-04-22,91.92,34.69,0.03,0.22
2021-04-23,91.73,34.62,0.02,0.22
2021-04-24,91.73,34.62,0.02,0.22
2021-04-25,92.19,34.79,0.59,0.22
2021-04-26,92.34,34.85,0.18,0.02
2021-04-27,92.34,34.85,0.2,0.2
2021-04-28,92.42,34.88,0.25,0.17
2021-04-29,92.42,34.88,0.19,0.19
2021-04-30,92.38,34.86,0.16,0.2
2021-05-01,92.34,34.85,0.09,0.12
2021-05-02,92.42,34.88,0.09,0.02
2021-05-03,92.43,34.88,0.11,0.09
2021-05-04,92.34,34.85,0.09,0.18
2021-05-05,92.22,34.8,0.08,0.19
2021-05-06,92.11,34.76,0.07,0.18
2021-05-07,91.98,34.71,0.05,0.18
2021-05-08,91.65,34.58,0.04,0.37
2021-05-09,91.96,34.7,0.31,
2021-05-10,92.19,34.79,0.32,0.09
2021-05-11,92.26,34.82,0.26,0.18
2021-05-12,92.26,34.82,0.19,0.19
2021-05-13,92.24,34.81,0.15,0.17
2021-05-14,92.26,34.82,0.18,0.16
2021-05-15,92.29,34.83,0.14,0.12
2021-05-16,92.36,34.85,0.11,0.03
2021-05-17,92.42,34.88,0.09,0.03
2021-05-18,92.45,34.89,0.06,0.03
2021-05-19,92.49,34.9,0.12,0.07
2021-05-20,92.44,34.88,0.09,0.15
2021-05-21,92.35,34.85,0.06,0.15
2021-05-22,92.3,34.83,0.03,0.08
2021-05-23,91.49,34.52,0.02,0.83
2021-05-24,91.4,34.49,0.02,0.11
2021-05-25,91.49,34.52,0.09,
2021-05-26,91.63,34.58,0.13,
2021-05-27,91.73,34.62,0.12,0.02
2021-05-28,91.56,34.55,0.12,0.29
2021-05-29,91.37,34.48,0.11,0.29
2021-05-30,91.26,34.44,0.16,0.27
2021-05-31,91.1,34.38,0.12,0.29
2021-06-01,90.9,34.3,0.1,0.29
2021-06-02,90.96,34.32,0.08,0.03
2021-06-03,91,34.34,0.07,0.03
2021-06-04,91.02,34.35,0.05,0.03
2021-06-05,90.98,34.33,0.04,0.08
2021-06-06,90.86,34.29,0.04,0.16
2021-06-07,90.96,34.32,0.15,0.05
2021-06-08,91.05,34.36,0.12,0.03
2021-06-09,91.19,34.41,0.16,0.02
2021-06-10,91.65,34.58,0.46,
2021-06-11,92.19,34.79,0.54,
2021-06-12,92.45,34.89,0.29,0.02
2021-06-13,92.61,34.95,0.18,0.02
2021-06-14,92.88,35.05,0.27,
2021-06-15,93.34,35.22,0.46,
2021-06-16,93.49,35.28,0.39,0.24
2021-06-17,93.72,35.37,0.54,0.31
2021-06-18,93.8,35.4,0.41,0.33
2021-06-19,93.87,35.42,0.3,0.23
2021-06-20,94.07,35.5,0.22,0.03
2021-06-21,94.1,35.51,0.17,0.14
2021-06-22,93.87,35.42,0.1,0.33
2021-06-23,93.62,35.33,0.08,0.33
2021-06-24,93.34,35.22,0.05,0.33
2021-06-25,93.03,35.11,0.02,0.33
2021-06-26,92.82,35.03,0.01,0.22
2021-06-27,92.91,35.06,0.09,
2021-06-28,92.86,35.04,0.08,0.13
2021-06-29,92.59,34.94,0.06,0.33
2021-06-30,92.31,34.83,0.05,0.33
2021-07-01,92.03,34.73,0.05,0.33
2021-07-02,91.26,34.44,0.05,0.81
2021-07-03,90.73,34.24,0.14,0.67
2021-07-04,90.5,34.15,0.08,0.31
2021-07-05,90.23,34.05,0.06,0.33
2021-07-06,89.95,33.94,0.05,0.33
2021-07-07,89.73,33.86,0.09,0.31
2021-07-08,89.73,33.86,0.26,0.26
2021-07-09,90.19,34.03,0.74,0.28
2021-07-10,90.96,34.32,0.83,0.06
2021-07-11,91.8,34.64,0.89,0.05
2021-07-12,92.42,34.88,0.66,0.05
2021-07-13,92.72,34.99,0.54,0.24
2021-07-14,92.84,35.03,0.43,0.31
2021-07-15,92.88,35.05,0.35,0.31
2021-07-16,92.95,35.08,0.37,0.29
2021-07-17,93.03,35.11,0.37,0.29
2021-07-18,93.03,35.11,0.32,0.32
2021-07-19,92.99,35.09,0.28,0.32
2021-07-20,92.91,35.06,0.23,0.31
2021-07-21,93.11,35.14,0.37,0.17
2021-07-22,93.26,35.19,0.37,0.21
2021-07-23,93.38,35.24,0.4,0.28
2021-07-24,93.41,35.25,0.35,0.31
2021-07-25,93.41,35.25,0.31,0.31
2021-07-26,93.43,35.26,0.32,0.31
2021-07-27,93.45,35.26,0.33,0.3
2021-07-28,93.49,35.28,0.33,0.29
2021-07-29,93.41,35.25,0.25,0.33
2021-07-30,93.34,35.22,0.23,0.31
2021-07-31,93.18,35.16,0.19,0.34
2021-08-01,92.99,35.09,0.14,0.33
2021-08-02,92.84,35.03,0.16,0.31
2021-08-03,92.68,34.97,0.16,0.31
2021-08-04,92.49,34.9,0.14,0.33
2021-08-05,92.28,34.82,0.12,0.33
2021-08-06,92.07,34.74,0.1,0.31
2021-08-07,92.03,34.73,0.1,0.14
2021-08-08,92.15,34.77,0.13,0.02
2021-08-09,92.07,34.74,0.12,0.2
2021-08-10,91.84,34.66,0.11,0.34
2021-08-11,91.59,34.56,0.09,0.34
2021-08-12,91.34,34.47,0.07,0.33
2021-08-13,91.07,34.37,0.06,0.34
2021-08-14,90.87,34.29,0.05,0.25
2021-08-15,90.96,34.32,0.16,0.07
2021-08-16,91.34,34.47,0.55,0.16
2021-08-17,91.38,34.48,0.31,0.27
2021-08-18,91.3,34.45,0.21,0.29
2021-08-19,91.19,34.41,0.17,0.29
2021-08-20,91.19,34.41,0.27,0.27
2021-08-21,91.42,34.5,0.4,0.17
2021-08-22,91.65,34.58,0.31,0.08
2021-08-23,91.73,34.62,0.26,0.18
2021-08-24,91.69,34.6,0.24,0.27
2021-08-25,91.65,34.58,0.22,0.26
2021-08-26,91.57,34.55,0.2,0.27
2021-08-27,91.46,34.51,0.16,0.28
2021-08-28,91.57,34.55,0.21,0.1
2021-08-29,91.8,34.64,0.23,
2021-08-30,91.92,34.69,0.26,0.15
2021-08-31,91.88,34.67,0.23,0.27
2021-09-01,91.8,34.64,0.2,0.27
2021-09-02,91.69,34.6,0.16,0.28
2021-09-03,91.56,34.55,0.14,0.27
2021-09-04,91.88,34.67,0.42,0.1
2021-09-05,92.19,34.79,0.34,0.03
2021-09-06,92.26,34.82,0.26,0.18
2021-09-07,92.26,34.82,0.27,0.27
2021-09-08,92.34,34.85,0.33,0.25
2021-09-09,92.49,34.9,0.4,0.25
2021-09-10,92.72,34.99,0.45,0.22
2021-09-11,93.11,35.14,0.47,0.09
2021-09-12,93.64,35.34,0.54,
2021-09-13,93.87,35.42,0.18,
2021-09-14,94.03,35.48,0.41,0.25
2021-09-15,94.26,35.57,0.48,0.25
2021-09-16,94.49,35.66,0.5,0.27
2021-09-17,94.79,35.77,0.56,0.25
2021-09-18,95.18,35.92,0.46,0.08
2021-09-19,95.49,36.03,0.34,0.03
2021-09-20,95.56,36.06,0.25,0.18
2021-09-21,95.72,36.12,0.4,0.24
2021-09-22,95.95,36.21,0.47,0.24
2021-09-23,96.1,36.26,0.4,0.24
2021-09-24,96.33,36.35,0.47,0.24
2021-09-25,96.56,36.44,0.35,0.12
2021-09-26,96.94,36.58,0.38,
2021-09-27,97.17,36.67,0.39,0.16
2021-09-28,97.71,36.87,0.61,0.07
2021-09-29,98.25,37.08,0.56,0.02
2021-09-30,98.63,37.22,0.49,0.11
2021-10-01,98.86,37.31,0.41,0.18
2021-10-02,99.4,37.51,0.62,0.08
2021-10-03,99.86,37.68,0.48,0.02
2021-10-04,100.17,37.8,0.45,0.14
2021-10-05,100.32,37.86,0.41,0.25
2021-10-06,100.4,37.89,0.34,0.26
2021-10-07,100.4,37.89,0.26,0.26
2021-10-08,100.32,37.86,0.18,0.26
2021-10-09,100.24,37.83,0.14,0.22
2021-10-10,100.32,37.86,0.11,0.04
2021-10-11,100.47,37.91,0.3,0.15
2021-10-12,100.63,37.97,0.42,0.26
2021-10-13,100.78,38.03,0.4,0.25
2021-10-14,100.86,38.06,0.33,0.26
2021-10-15,100.93,38.09,0.29,0.21
2021-10-16,101.24,38.2,0.39,0.08
2021-10-17,101.7,38.38,0.46,
2021-10-18,102.01,38.49,0.42,0.11
2021-10-19,102.16,38.55,0.32,0.17
2021-10-20,102.39,38.64,0.37,0.14
2021-10-21,102.51,38.68,0.31,0.2
2021-10-22,102.62,38.72,0.31,0.2
2021-10-23,102.93,38.84,0.36,0.05
2021-10-24,103.62,39.1,0.69,
2021-10-25,104.23,39.33,0.64,0.03
2021-10-26,104.73,39.52,0.58,0.08
2021-10-27,105.12,39.67,0.5,0.12
2021-10-28,105.42,39.78,0.43,0.12
2021-10-29,105.58,39.84,0.36,0.21
2021-10-30,105.81,39.93,0.31,0.08
2021-10-31,106.23,40.09,0.42,
2021-11-01,106.77,40.29,0.56,0.02
2021-11-02,108.61,40.98,1.87,0.03
2021-11-03,110.22,41.59,1.68,0.06
2021-11-04,111.37,42.03,1.24,0.08
2021-11-05,112.14,42.32,0.83,0.06
2021-11-06,112.75,42.55,0.64,0.03
2021-11-07,113.21,42.72,0.49,0.03
2021-11-08,113.52,42.84,0.38,0.07
2021-11-09,113.67,42.89,0.28,0.13
2021-11-10,113.75,42.92,0.21,0.13
2021-11-11,114.05,43.04,0.37,0.06
2021-11-12,114.21,43.1,0.29,0.13
2021-11-13,114.52,43.22,0.35,0.04
2021-11-14,114.82,43.33,0.33,0.02
2021-11-15,115.13,43.45,0.36,0.06
2021-11-16,115.36,43.53,0.34,0.11
2021-11-17,115.51,43.59,0.29,0.13
2021-11-18,115.63,43.63,0.25,0.13
2021-11-19,115.67,43.65,0.19,0.16
2021-11-20,115.74,43.68,0.17,0.09
2021-11-21,115.86,43.72,0.15,0.03
2021-11-22,115.95,43.75,0.13,0.03
2021-11-23,116,43.77,0.11,0.06
2021-11-24,116.05,43.79,0.16,0.12
2021-11-25,116.06,43.8,0.15,0.14
2021-11-26,116.07,43.8,0.14,0.13
2021-11-27,116.2,43.85,0.18,0.05
2021-11-28,116.36,43.91,0.17,0.02
2021-11-29,116.49,43.96,0.15,0.02
2021-11-30,116.56,43.98,0.13,0.05
2021-12-01,116.54,43.98,0.12,0.14
2021-12-02,116.51,43.97,0.11,0.14
2021-12-03,116.47,43.95,0.1,0.14
2021-12-04,116.53,43.97,0.1,0.05
2021-12-05,116.59,44,0.09,0.03
2021-12-06,116.65,44.02,0.09,0.02
2021-12-07,116.68,44.03,0.08,0.05
2021-12-08,116.6,44,0.08,0.16
2021-12-09,116.5,43.96,0.07,0.17
2021-12-10,116.39,43.92,0.07,0.18
2021-12-11,116.4,43.92,0.07,0.06
2021-12-12,116.44,43.94,0.06,0.02
2021-12-13,116.42,43.93,0.06,0.08
2021-12-14,116.33,43.9,0.06,0.14
2021-12-15,116.23,43.86,0.06,0.16
2021-12-16,116.11,43.82,0.05,0.17
2021-12-17,116,43.77,0.05,0.16
2021-12-18,115.98,43.77,0.04,0.06
2021-12-19,116,43.77,0.04,0.02
2021-12-20,115.94,43.75,0.04,0.11
2021-12-21,115.79,43.69,0.04,0.18
2021-12-22,115.62,43.63,0.03,0.2
2021-12-23,115.45,43.57,0.03,0.2
2021-12-24,115.28,43.5,0.03,0.19
2021-12-25,115.24,43.49,0.02,0.07
2021-12-26,115.24,43.49,0.02,0.02
2021-12-27,115.15,43.45,0.02,0.1
2021-12-28,114.99,43.39,0.01,0.18
2021-12-29,114.81,43.32,0.01,0.19
2021-12-30,114.62,43.25,0.01,0.19
2021-12-31,114.44,43.18,0.01,0.19
2022-01-01,114.33,43.14,0.01,0.11
2022-01-02,114.19,43.09,,0.15
2022-01-03,113.95,43,,0.24
2022-01-04,113.64,42.88,,0.31
2022-01-05,113.33,42.77,,0.31
2022-01-06,113.03,42.65,,0.31
2022-01-07,112.35,42.4,,0.68
2022-01-08,111.65,42.13,,0.71
2022-01-09,111.42,42.05,,0.22
2022-01-10,111.23,41.97,,0.19
2022-01-11,110.92,41.86,,0.31
2022-01-12,110.62,41.74,,0.31
2022-01-13,110.31,41.63,,0.31
2022-01-14,109.99,41.51,,0.32
2022-01-15,109.34,41.26,,0.65
2022-01-16,109.37,41.27,0.06,0.02
2022-01-17,109.53,41.33,0.28,0.13
2022-01-18,109.68,41.39,0.4,0.24
2022-01-19,109.76,41.42,0.32,0.25
2022-01-20,109.91,41.48,0.39,0.24
2022-01-21,110.06,41.53,0.4,0.25
2022-01-22,110.37,41.65,0.36,0.06
2022-01-23,110.68,41.77,0.33,0.02
2022-01-24,110.83,41.82,0.3,0.15
2022-01-25,110.87,41.84,0.29,0.25
2022-01-26,110.87,41.84,0.25,0.25
2022-01-27,110.83,41.82,0.21,0.25
2022-01-28,110.76,41.8,0.17,0.25
2022-01-29,110.29,41.62,0.16,0.62
2022-01-30,110.37,41.65,0.13,0.05
2022-01-31,110.32,41.63,0.1,0.16
2022-02-01,110.16,41.57,0.09,0.25
2022-02-02,109.98,41.5,0.07,0.25
2022-02-03,109.79,41.43,0.06,0.25
2022-02-04,109.58,41.35,0.05,0.25
2022-02-05,109.02,41.14,0.04,0.6
2022-02-06,109.11,41.17,0.11,0.02
2022-02-07,109.14,41.18,0.19,0.15
2022-02-08,109.07,41.16,0.17,0.02
2022-02-09,108.97,41.12,0.15,0.25
2022-02-10,108.85,41.08,0.13,0.25
2022-02-11,108.72,41.03,0.12,0.25
2022-02-12,108.05,40.77,0.11,0.78
2022-02-13,108.08,40.78,0.09,0.05
2022-02-14,108.01,40.76,0.08,0.15
2022-02-15,107.82,40.69,0.07,0.25
2022-02-16,107.63,40.62,0.01,0.25
2022-02-17,107.42,40.54,0.05,0.26
2022-02-18,107.19,40.45,0.04,0.26
2022-02-19,106.5,40.19,,0.76
2022-02-20,106.61,40.23,0.56,0.45
2022-02-21,106.92,40.35,0.46,0.16
2022-02-22,107.07,40.4,0.37,0.22
2022-02-23,107.15,40.43,0.29,0.22
2022-02-24,107.13,40.43,0.22,0.25
2022-02-25,107.03,40.39,0.16,0.25
2022-02-26,106.38,40.14,0.13,0.78
2022-02-27,106.03,40.01,0.12,0.47
2022-02-28,105.95,39.98,0.1,0.17
2022-03-01,105.78,39.92,0.08,0.25
2022-03-02,105.6,39.85,0.07,0.25
2022-03-03,105.39,39.77,0.06,0.26
2022-03-04,105.17,39.69,0.05,0.28
2022-03-05,104.26,39.34,0.05,0.96
2022-03-06,104.26,39.34,0.05,0.96
2022-03-07,103.41,39.02,0.03,0.19
2022-03-08,103.47,39.05,0.28,0.22
2022-03-09,103.43,39.03,0.21,0.25
2022-03-10,103.31,38.98,0.15,0.26
2022-03-11,103.16,38.93,0.11,0.27
2022-03-12,102.46,38.66,0.1,0.8
2022-03-13,102.07,38.52,0.09,0.48
2022-03-14,101.97,38.48,0.08,0.18
2022-03-15,101.79,38.41,0.07,0.25
2022-03-16,101.59,38.34,0.06,0.25
2022-03-17,101.39,38.26,0.05,0.26
2022-03-18,101.2,38.19,0.07,0.26
2022-03-19,100.32,37.86,0.07,0.95
2022-03-20,99.65,37.6,0.06,0.73
2022-03-21,99.52,37.55,0.05,0.18
2022-03-22,99.32,37.48,0.05,0.25
2022-03-23,99.17,37.42,0.07,0.22
2022-03-24,98.97,37.35,0.05,0.25
2022-03-25,98.75,37.26,0.05,0.26
2022-03-26,97.67,36.86,0.04,1.12
2022-03-27,96.8,36.53,0.1,0.9
2022-03-28,96.64,36.47,0.02,0.19
2022-03-29,96.41,36.38,0.02,0.25
2022-03-30,96.18,36.29,0.01,0.24
2022-03-31,95.93,36.2,0.01,0.25
2022-04-01,95.68,36.11,0.01,0.25
2022-04-02,94.56,35.68,0.22,1.34
2022-04-03,95.18,35.92,0.72,0.11
2022-04-04,95.41,36,0.25,0.02
2022-04-05,95.45,36.02,0.17,0.13
2022-04-06,95.35,35.98,0.11,0.01
2022-04-07,95.28,35.95,0.1,0.18
2022-04-08,95.23,35.94,0.09,0.14
2022-04-09,95.23,35.94,0.08,0.08
2022-04-10,95.29,35.96,0.08,0.02
2022-04-11,95.2,35.92,0.07,0.15
2022-04-12,95.02,35.86,0.06,0.25
2022-04-13,94.5,35.66,0.05,0.57
2022-04-14,93.69,35.35,0.05,0.85
2022-04-15,92.82,35.03,0.04,0.91
2022-04-16,92.44,34.88,0.04,0.42
2022-04-17,92.45,34.89,0.04,0.03
2022-04-18,92.31,34.83,0.03,0.17
2022-04-19,92.19,34.79,0.16,0.28
2022-04-20,92.03,34.73,0.15,0.3
2022-04-21,91.88,34.67,0.14,0.3
2022-04-22,91.71,34.61,0.13,0.3
2022-04-23,91.69,34.6,0.13,0.14
2022-04-24,91.78,34.63,0.11,0.03
2022-04-25,91.69,34.6,0.11,0.19
2022-04-26,91.49,34.52,0.1,0.31
2022-04-27,91.33,34.46,0.12,0.28
2022-04-28,91.13,34.39,0.11,0.3
2022-04-29,90.94,34.32,0.1,0.29
2022-04-30,90.32,34.08,0.09,0.71
2022-05-01,90.34,34.09,0.08,0.05
2022-05-02,90.46,34.14,0.24,0.13
2022-05-03,90.44,34.13,0.21,0.23
2022-05-04,90.38,34.11,0.18,0.23
2022-05-05,90.31,34.08,0.15,0.23
2022-05-06,90.21,34.04,0.13,0.23
2022-05-07,90.5,34.15,0.38,0.08
2022-05-08,90.84,34.28,0.37,0.01
2022-05-09,91.15,34.4,0.42,0.11
2022-05-10,91.26,34.44,0.31,0.19
2022-05-11,91.88,34.67,0.76,0.14
2022-05-12,92.65,34.96,0.78,0.02
2022-05-13,93.11,35.14,0.48,0.02
2022-05-14,93.38,35.24,0.32,0.06
2022-05-15,93.57,35.31,0.22,0.03
2022-05-16,93.72,35.37,0.17,0.02
2022-05-17,94.41,35.63,0.74,0.05
2022-05-18,95.72,36.12,1.34,0.04
2022-05-19,98.17,37.05,2.46,
2022-05-20,100.24,37.83,2.09,0.02
2022-05-21,102.85,38.81,2.61,
2022-05-22,108.76,41.04,5.91,
2022-05-23,114.13,43.07,5.4,0.03
2022-05-24,118.04,44.54,3.94,0.03
2022-05-25,119.96,45.27,1.95,0.03
2022-05-26,121.19,45.73,1.26,0.04
2022-05-27,121.88,45.99,0.73,0.04
2022-05-28,122.27,46.14,0.47,0.09
2022-05-29,122.42,46.2,0.28,0.13
2022-05-30,122.46,46.21,0.21,0.18
2022-05-31,122.43,46.2,0.19,0.21
2022-06-01,122.65,46.28,0.41,0.2
2022-06-02,122.76,46.32,0.32,0.21
2022-06-03,122.88,46.37,0.22,0.11
2022-06-04,123.19,46.49,0.31,
2022-06-05,123.42,46.57,0.27,0.04
2022-06-06,123.57,46.63,0.19,0.04
2022-06-07,123.69,46.68,0.15,0.04
2022-06-08,123.76,46.7,0.11,0.04
2022-06-09,123.84,46.73,0.11,0.03
2022-06-10,123.9,46.75,0.09,0.03
2022-06-11,123.95,46.77,0.09,0.03
2022-06-12,123.95,46.77,0.17,0.17
2022-06-13,123.98,46.78,0.12,0.1
2022-06-14,124.05,46.81,0.11,0.04
2022-06-15,124.11,46.83,0.23,0.18
2022-06-16,124.07,46.82,0.26,0.3
2022-06-17,123.99,46.79,0.25,0.33
2022-06-18,123.95,46.77,0.26,0.3
2022-06-19,123.88,46.75,0.25,0.32
2022-06-20,123.76,46.7,0.22,0.33
2022-06-21,123.65,46.66,0.21,0.32
2022-06-22,123.57,46.63,0.22,0.3
2022-06-23,123.46,46.59,0.21,0.33
2022-06-24,123.34,46.54,0.21,0.33
2022-06-25,123.38,46.56,0.19,0.15
2022-06-26,123.57,46.63,0.21,0.02
2022-06-27,123.57,46.63,0.2,0.2
2022-06-28,123.42,46.57,0.18,0.33
2022-06-29,123.22,46.5,0.15,0.34
2022-06-30,123.15,46.47,0.22,0.3
2022-07-01,123.49,46.6,0.65,0.3
2022-07-02,125.33,47.29,1.97,0.13
2022-07-03,127.86,48.25,2.54,0.02
2022-07-04,129.06,48.7,1.4,0.2
2022-07-05,129.56,48.89,0.8,0.3
2022-07-06,129.76,48.97,0.54,0.34
2022-07-07,129.86,49,0.4,0.3
2022-07-08,130.46,49.23,0.91,0.3
2022-07-09,132.07,49.84,1.73,0.13
2022-07-10,133.17,50.25,1.13,0.03
2022-07-11,133.77,50.48,0.8,0.2
2022-07-12,134.37,50.71,0.91,0.31
2022-07-13,135.07,50.97,1.01,0.31
2022-07-14,135.67,51.2,0.91,0.31
2022-07-15,136.67,51.57,1.31,0.31
2022-07-16,138.08,52.11,1.53,0.13
2022-07-17,139.18,52.52,1.13,0.02
2022-07-18,139.98,52.82,1.01,0.21
2022-07-19,140.48,53.01,0.84,0.34
2022-07-20,141.78,53.5,1.6,0.3
2022-07-21,142.58,53.8,1.14,0.34
2022-07-22,143.59,54.18,1.31,0.3
2022-07-23,145.29,54.83,1.83,0.13
2022-07-24,147.49,55.66,2.2,
2022-07-25,151.3,57.09,3.98,0.18
2022-07-26,155.01,58.49,4.01,0.3
2022-07-27,157.01,59.25,2.33,0.33
2022-07-28,157.81,59.55,1.15,0.35
2022-07-29,158.21,59.7,0.75,0.35
2022-07-30,158.41,59.78,0.55,0.35
2022-07-31,158.91,59.97,0.81,0.3
2022-08-01,160.12,60.42,1.64,0.44
2022-08-02,161.22,60.84,1.43,0.33
2022-08-03,162.62,61.37,1.71,0.31
2022-08-04,163.62,61.74,1.35,0.35
2022-08-05,164.12,61.93,0.85,0.34
2022-08-06,164.42,62.05,0.6,0.3
2022-08-07,165.83,62.58,1.75,0.34
2022-08-08,171.14,64.58,5.63,0.32
2022-08-09,177.87,67.12,7.05,0.32
2022-08-10,184.08,69.46,6.57,0.35
2022-08-11,189.02,71.33,5.27,0.33
2022-08-12,193.08,72.86,4.38,0.33
2022-08-13,200.81,75.78,7.93,0.2
2022-08-14,206.14,77.79,5.5,0.18
2022-08-15,209.18,78.94,3.3,0.26
2022-08-16,211.46,79.8,2.61,0.33
2022-08-17,213.37,80.52,2.22,0.32
2022-08-18,215.77,81.42,2.77,0.36
2022-08-19,217.42,82.05,2.08,0.43
2022-08-20,218.56,82.48,1.58,0.44
2022-08-21,219.45,82.81,1.32,0.43
2022-08-22,220.97,83.38,1.91,0.39
2022-08-23,227.31,85.78,6.73,0.39
2022-08-24,228.33,86.16,3.69,2.68
2022-08-25,226.68,85.54,1.75,3.39
2022-08-26,225.41,85.06,2.56,3.82
2022-08-27,223.89,84.49,2.24,3.76
2022-08-28,223.25,84.25,3.09,3.72
2022-08-29,224.52,84.72,5.4,4.13
2022-08-30,222.87,84.1,2.52,4.17
2022-08-31,220.72,83.29,2.06,4.21
2022-09-01,217.93,82.24,1.21,4
2022-09-02,216.66,81.76,1.14,2.41
2022-09-03,215.65,81.38,1.14,2.15
2022-09-04,214.51,80.95,1.03,2.17
2022-09-05,213.37,80.52,0.98,2.12
2022-09-06,213.62,80.61,2.37,2.12
2022-09-07,213.11,80.42,1.61,2.12
2022-09-08,213.37,80.52,1.54,1.29
2022-09-09,215.14,81.18,2.96,1.19
2022-09-10,218.18,82.33,4.91,1.87
2022-09-11,218.56,82.48,3.76,3.38
2022-09-12,219.83,82.95,4.52,3.25
2022-09-13,223.63,84.39,7.88,4.07
2022-09-14,228.33,86.16,8.79,4.09
2022-09-15,232.76,87.83,8.58,4.14
2022-09-16,233.78,88.22,5.22,4.2
2022-09-17,233.14,87.98,3.55,4.18
2022-09-18,232.89,87.88,3.88,4.13
2022-09-19,232.76,87.83,4.01,4.13
2022-09-20,232.13,87.6,3.55,4.18
2022-09-21,231.24,87.26,3.25,4.13
2022-09-22,230.23,86.88,3.12,4.14
2022-09-23,228.96,86.4,2.87,4.13
2022-09-24,229.21,86.49,4.39,4.13
2022-09-25,229.34,86.54,4.26,4.14
2022-09-26,229.59,86.64,4.39,4.14
2022-09-27,230.1,86.83,4.91,4.41
2022-09-28,228.83,86.35,3.35,4.62
2022-09-29,226.98,85.65,2.68,4.45
2022-09-30,224.78,84.82,1.96,4.17
2022-10-01,226.17,85.35,2.07,0.68
2022-10-02,229.59,86.64,3.82,0.4
2022-10-03,232.13,87.6,2.97,0.43
2022-10-04,235.04,88.69,3.31,0.4
2022-10-05,237.2,89.51,2.55,0.4
2022-10-06,239.23,90.28,2.43,0.4
2022-10-07,241.23,91.03,2.4,0.4
2022-10-08,243.23,91.78,2.29,0.3
2022-10-09,245.06,92.48,2.23,0.41
2022-10-10,246.72,93.1,2.06,0.4
2022-10-11,249.38,94.11,3.06,0.4
2022-10-12,251.71,94.98,2.76,0.43
2022-10-13,253.7,95.74,2.43,0.44
2022-10-14,255.03,96.24,1.79,0.46
2022-10-15,256.36,96.74,1.72,0.39
2022-10-16,257.53,97.18,1.62,0.46
2022-10-17,258.52,97.55,1.35,0.35
2022-10-18,259.36,97.87,1.2,0.37
2022-10-19,260.02,98.12,1.04,0.38
2022-10-20,260.69,98.37,1.04,0.37
2022-10-21,261.32,98.61,1.01,0.38
2022-10-22,261.85,98.81,0.9,0.37
2022-10-23,262.51,99.06,0.98,0.31
2022-10-24,263.51,99.44,1.35,0.35
2022-10-25,264.18,99.69,1.03,0.37
2022-10-26,264.99,100,1.14,0.33
2022-10-27,265.67,100.25,0.98,0.29
2022-10-28,266.17,100.44,0.87,0.37
2022-10-29,266.5,100.57,0.72,0.39
2022-10-30,267,100.75,0.87,0.37
2022-10-31,267.5,100.94,0.87,0.37
2022-11-01,268,101.13,0.75,0.25
2022-11-02,268.5,101.32,0.74,0.24
2022-11-03,268.83,101.45,0.71,0.37
2022-11-04,269.17,101.57,0.7,0.37
2022-11-05,269.66,101.76,0.69,0.19
2022-11-06,270.25,101.98,0.65,0.07
2022-11-07,270.66,102.14,0.61,0.2
2022-11-08,270.99,102.26,0.65,0.31
2022-11-09,271.16,102.32,0.66,0.49
2022-11-10,271.49,102.45,0.59,0.26
2022-11-11,271.74,102.54,0.5,0.25
2022-11-12,272.16,102.7,0.55,0.14
2022-11-13,272.66,102.89,0.55,0.05
2022-11-14,272.99,103.02,0.5,0.17
2022-11-15,273.32,103.14,0.59,0.25
2022-11-16,274.32,103.52,1.2,0.2
2022-11-17,275.15,103.83,1.02,0.19
2022-11-18,276.81,104.46,1.72,0.05
2022-11-19,278.64,105.15,1.83,
2022-11-20,279.47,105.46,1.58,0.75
2022-11-21,279.81,105.59,1.09,0.75
2022-11-22,279.31,105.4,0.86,1.35
2022-11-23,278.48,105.09,0.65,1.48
2022-11-24,277.31,104.65,0.41,1.58
2022-11-25,276.15,104.21,0.4,1.57
2022-11-26,275.15,103.83,0.45,1.45
2022-11-27,274.65,103.64,0.43,0.92
2022-11-28,273.99,103.39,0.38,1.05
2022-11-29,273.32,103.14,0.42,1.09
2022-11-30,272.99,103.02,0.37,0.71
2022-12-01,273.16,103.08,0.44,0.28
2022-12-02,273.49,103.2,0.6,0.27
2022-12-03,273.82,103.33,0.48,0.15
2022-12-04,274.15,103.45,0.39,0.05
2022-12-05,274.32,103.52,0.35,0.19
2022-12-06,274.32,103.52,0.28,0.28
2022-12-07,274.32,103.52,0.27,0.27
2022-12-08,274.32,103.52,0.28,0.28
2022-12-09,274.49,103.58,0.31,0.15
2022-12-10,274.74,103.68,0.3,0.05
2022-12-11,274.98,103.77,0.3,0.05
2022-12-12,275.07,103.8,0.27,0.19
2022-12-13,275.07,103.8,0.27,0.27
2022-12-14,275.03,103.78,0.24,0.28
2022-12-15,274.98,103.77,0.22,0.27
2022-12-16,275.07,103.8,0.22,0.14
2022-12-17,275.23,103.86,0.21,0.04
2022-12-18,275.37,103.91,0.18,0.05
2022-12-19,275.35,103.91,0.16,0.18
2022-12-20,275.23,103.86,0.15,0.27
2022-12-21,275.1,103.81,0.14,0.27
2022-12-22,274.95,103.75,0.12,0.27
2022-12-23,274.92,103.74,0.11,0.14
2022-12-24,274.98,103.77,0.11,0.04
2022-12-25,275.03,103.78,0.1,0.05
2022-12-26,274.95,103.75,0.09,0.17
2022-12-27,274.77,103.69,0.08,0.27
2022-12-28,274.57,103.61,0.08,0.28
2022-12-29,274.37,103.54,0.07,0.27
2022-12-30,274.3,103.51,0.07,0.14
2022-12-31,274.32,103.52,0.07,0.05
2023-01-01,274.34,103.52,0.06,0.04
2023-01-02,274.22,103.48,0.06,0.18
2023-01-03,273.9,103.36,0.06,0.37
2023-01-04,273.6,103.25,0.05,0.35
2023-01-05,273.29,103.13,0.05,0.36
2023-01-06,272.97,103.01,0.05,0.36
2023-01-07,271.66,102.51,0.04,1.36
2023-01-08,270.3,102,0.04,1.4
2023-01-09,269.91,101.85,0.04,0.42
2023-01-10,269.58,101.73,0.03,0.36
2023-01-11,269.25,101.6,0.03,0.36
2023-01-12,268.9,101.47,0.03,0.38
2023-01-13,268.55,101.34,0.03,0.37
2023-01-14,267.2,100.83,0.02,1.37
2023-01-15,265.81,100.31,0.02,1.42
2023-01-16,265.42,100.16,0.01,0.39
2023-01-17,265.12,100.05,0.01,0.31
2023-01-18,264.84,99.94,0.01,0.29
2023-01-19,264.53,99.82,0.01,0.32
2023-01-20,264.21,99.7,,0.32
2023-01-21,262.85,99.19,,1.36
2023-01-22,261.43,98.65,,1.41
2023-01-23,261.04,98.51,,0.4
2023-01-24,260.7,98.38,,0.33
2023-01-25,260.34,98.24,,0.37
2023-01-26,259.95,98.09,,0.38
2023-01-27,259.01,97.74,,0.94
2023-01-28,257.59,97.2,,1.41
2023-01-29,256.18,96.67,,1.41
2023-01-30,255.33,96.35,,0.85
2023-01-31,254.95,96.21,,0.37
2023-02-01,254.57,96.06,,0.37
2023-02-02,254.18,95.92,,0.37
2023-02-03,253.32,95.59,,0.86
2023-02-04,252.14,95.15,,1.17
2023-02-05,251.13,94.77,,1.01
2023-02-06,250.01,94.34,,1.11
2023-02-07,249.23,94.05,,0.77
2023-02-08,248.85,93.91,,0.37
2023-02-09,248.46,93.76,,0.37
2023-02-10,247.6,93.43,,0.86
2023-02-11,246.42,92.99,,1.18
2023-02-12,245.31,92.57,,1.11
2023-02-13,244.11,92.12,,1.19
2023-02-14,243.33,91.82,,0.77
2023-02-15,242.94,91.68,,0.37
2023-02-16,242.73,91.6,0.09,0.31
2023-02-17,244.39,92.22,2.6,0.93
2023-02-18,245.39,92.6,2.38,1.38
2023-02-19,245.22,92.54,1.2,1.36
2023-02-20,244.39,92.22,0.63,1.46
2023-02-21,243.89,92.03,0.39,0.89
2023-02-22,243.73,91.97,0.2,0.37
2023-02-23,243.48,91.88,0.12,0.37
2023-02-24,242.73,91.6,0.11,0.86
2023-02-25,241.65,91.19,0.09,1.17
2023-02-26,240.62,90.8,0.07,1.1
2023-02-27,239.48,90.37,0.05,1.19
2023-02-28,238.76,90.1,0.04,0.77
2023-03-01,238.43,89.97,0.04,0.37
2023-03-02,238.09,89.85,0.03,0.37
2023-03-03,237.11,89.48,0.02,0.99
2023-03-04,235.69,88.94,0.02,1.44
2023-03-05,234.35,88.43,0.01,1.35
2023-03-06,232.83,87.86,0.01,1.53
2023-03-07,231.17,87.23,0.01,1.67
2023-03-08,230.2,86.87,,0.97
2023-03-09,229.85,86.74,,0.36
2023-03-10,228.86,86.36,,0.99
2023-03-11,227.44,85.83,,1.42
2023-03-12,226.09,85.32,,1.34
2023-03-13,224.78,84.82,0.16,1.48
2023-03-14,223.25,84.25,0.09,1.61
2023-03-15,222.37,83.91,0.05,0.94
2023-03-16,222.05,83.79,0.03,0.35
2023-03-17,221,83.4,0.02,1.08
2023-03-18,219.41,82.8,0.02,1.6
2023-03-19,217.9,82.23,0.01,1.52
2023-03-20,216.41,81.66,0.16,1.65
2023-03-21,214.89,81.09,0.3,1.82
2023-03-22,214,80.75,0.14,1.03
2023-03-23,213.75,80.66,0.1,0.36
2023-03-24,212.86,80.32,0.1,0.99
2023-03-25,211.53,79.82,0.09,1.42
2023-03-26,210.26,79.34,0.08,1.35
2023-03-27,208.78,78.78,0.07,1.56
2023-03-28,207.19,78.18,0.07,1.65
2023-03-29,206.29,77.85,0.05,0.95
2023-03-30,205.97,77.72,0.04,0.36
2023-03-31,205.73,77.63,0.04,0.28
2023-04-01,204.98,77.35,0.03,0.78
2023-04-02,203.89,76.94,0.03,1.12
2023-04-03,202.39,76.37,0.03,1.53
2023-04-04,200.83,75.78,0.02,1.58
2023-04-05,199.27,75.2,0.02,1.58
2023-04-06,198.27,74.82,0.01,1.02
2023-04-07,197.99,74.71,0.01,0.29
2023-04-08,199.27,75.2,0.02,1.58
2023-04-09,195.54,73.79,0.01,1.53
2023-04-10,193.88,73.16,0.01,1.67
2023-04-11,192.13,72.5,0.01,1.76
2023-04-12,190.38,71.84,,1.75
2023-04-13,188.63,71.18,,1.75
2023-04-14,186.88,70.52,,1.75
2023-04-15,184.92,69.78,,1.97
2023-04-16,182.91,69.02,,2
2023-04-17,181.05,68.32,,1.87
2023-04-18,179.91,67.89,,1.14
2023-04-19,179.55,67.75,,0.36
2023-04-20,179.2,67.62,,0.36
2023-04-21,178.92,67.52,,0.28
2023-04-22,178.1,67.21,,0.83
2023-04-23,176.75,66.7,,1.35
2023-04-24,175.22,66.12,,1.53
2023-04-25,173.57,65.5,,1.65
2023-04-26,172.62,65.14,,0.95
2023-04-27,172.27,65.01,,0.35
2023-04-28,171.29,64.64,,0.98
2023-04-29,169.86,64.1,0.07,1.42
2023-04-30,168.51,63.59,,1.35
2023-05-01,167.68,63.28,,0.83
2023-05-02,167.33,63.14,,0.35
2023-05-03,167.01,63.02,0.01,0.33
2023-05-04,166.1,62.68,,0.92
2023-05-05,164.7,62.15,,1.4
2023-05-06,163.65,61.75,,1.05
2023-05-07,162.65,61.38,,1
2023-05-08,161.98,61.12,,0.67
2023-05-09,161.72,61.03,0.05,0.31
2023-05-10,161.4,60.91,0.03,0.35
2023-05-11,161.06,60.78,0.02,0.36
2023-05-12,160.71,60.65,0.01,0.36
2023-05-13,161.12,60.8,0.47,0.05
2023-05-14,162.52,61.33,1.4,
2023-05-15,164.52,62.08,2,
2023-05-16,165.43,62.43,0.9,
2023-05-17,165.93,62.62,0.54,0.04
2023-05-18,166.33,62.77,0.45,0.05
2023-05-19,166.58,62.86,0.3,0.05
2023-05-20,166.73,62.92,0.2,0.05
2023-05-21,166.83,62.95,0.15,0.05
2023-05-22,166.83,62.95,0.13,0.13
2023-05-23,166.75,62.92,0.11,0.19
2023-05-24,166.65,62.89,0.08,0.18
2023-05-25,166.73,62.92,0.21,0.13
2023-05-26,166.78,62.94,0.14,0.09
2023-05-27,166.83,62.95,0.14,0.09
2023-05-28,166.93,62.99,0.15,0.05
2023-05-29,167.01,63.02,0.13,0.05
2023-05-30,167.13,63.07,0.2,0.08
2023-05-31,167.18,63.09,0.18,0.13
2023-06-01,167.15,63.08,0.15,0.19
2023-06-02,167.1,63.06,0.14,0.19
2023-06-03,167.03,63.03,0.12,0.19
2023-06-04,167.01,63.02,0.09,0.11
2023-06-05,167.03,63.03,0.07,0.05
2023-06-06,167.04,63.03,0.06,0.05
2023-06-07,167.13,63.07,0.09,
2023-06-08,167.23,63.11,0.1,
2023-06-09,167.33,63.14,0.13,0.03
2023-06-10,167.43,63.18,0.15,0.05
2023-06-11,167.43,63.18,0.15,0.05
2023-06-12,167.68,63.28,0.18,0.02
2023-06-13,167.78,63.31,0.15,0.05
2023-06-14,168.03,63.41,0.25,
2023-06-15,168.23,63.48,0.22,0.02
2023-06-16,168.38,63.54,0.19,0.04
2023-06-17,168.48,63.58,0.15,0.05
2023-06-18,168.53,63.6,0.1,0.05
2023-06-19,168.2,63.47,0.09,0.42
2023-06-20,167.57,63.23,0.08,0.71
2023-06-21,166.93,62.99,0.07,0.71
2023-06-22,166.31,62.76,0.06,0.68
2023-06-23,165.67,62.52,0.06,0.7
2023-06-24,165.03,62.28,0.05,0.69
2023-06-25,164.42,62.05,0.06,0.66
2023-06-26,164.22,61.97,0.41,0.61
2023-06-27,164.52,62.08,0.61,0.31
2023-06-28,165.03,62.28,0.81,0.31
2023-06-29,166.33,62.77,1.61,0.31
2023-06-30,168.23,63.48,2.25,0.35
2023-07-01,169.63,64.01,1.74,0.34
2023-07-02,170.03,64.16,0.73,0.33
2023-07-03,171.64,64.77,1.93,0.32
2023-07-04,173.04,65.3,1.73,0.32
2023-07-05,173.44,65.45,0.72,0.32
2023-07-06,173.54,65.49,0.43,0.33
2023-07-07,173.44,65.45,0.22,0.32
2023-07-08,173.34,65.41,0.23,0.33
2023-07-09,173.24,65.37,0.23,0.33
2023-07-10,173.04,65.3,0.12,0.32
2023-07-11,173.04,65.3,0.31,0.31
2023-07-12,172.84,65.22,0.11,0.31
2023-07-13,172.84,65.22,0.31,0.31
2023-07-14,172.54,65.11,0.02,0.32
2023-07-15,172.44,65.07,0.22,0.32
2023-07-16,172.34,65.03,0.22,0.32
2023-07-17,172.24,65,0.22,0.32
2023-07-18,172.04,64.92,0.11,0.31
2023-07-19,172.04,64.92,0.31,0.31
2023-07-20,172.64,65.15,0.92,0.31
2023-07-21,173.34,65.41,1.02,0.31
2023-07-22,173.84,65.6,0.64,0.31
2023-07-23,174.34,65.79,0.52,0.02
2023-07-24,174.44,65.83,0.3,0.2
2023-07-25,174.24,65.75,0.11,0.31
2023-07-26,174.14,65.71,0.21,0.31
2023-07-27,173.94,65.64,0.11,0.31
2023-07-28,173.74,65.56,0.12,0.32
2023-07-29,173.74,65.56,0.14,0.14
2023-07-30,174.14,65.71,0.41,0.01
2023-07-31,174.24,65.75,0.29,0.19
2023-08-01,174.24,65.75,0.31,0.31
2023-08-02,174.64,65.9,0.56,0.16
2023-08-03,175.34,66.17,1.02,0.31
2023-08-04,175.84,66.35,0.82,0.32
2023-08-05,177.49,66.98,1.78,0.14
2023-08-06,178.88,67.5,1.41,0.01
2023-08-07,179.52,67.74,0.82,0.19
2023-08-08,180.28,68.03,1.08,0.32
2023-08-09,181.29,68.41,1.33,0.32
2023-08-10,182.56,68.89,1.58,0.32
2023-08-11,183.19,69.13,0.96,0.32
2023-08-12,183.7,69.32,0.65,0.15
2023-08-13,184.21,69.51,0.53,0.02
2023-08-14,184.33,69.56,0.32,0.19
2023-08-15,184.21,69.51,0.19,0.32
2023-08-16,185.73,70.09,1.84,0.32
2023-08-17,188.26,71.04,2.85,0.32
2023-08-18,189.66,71.57,1.71,0.32
2023-08-19,190.16,71.76,0.66,0.15
2023-08-20,190.8,72,0.66,0.02
2023-08-21,190.93,72.05,0.33,0.2
2023-08-22,191.05,72.09,0.44,0.32
2023-08-23,192.07,72.48,1.33,0.32
2023-08-24,192.57,72.67,0.82,0.32
2023-08-25,192.83,72.77,0.58,0.32
2023-08-26,193.08,72.86,0.39,0.14
2023-08-27,193.59,73.05,0.53,0.02
2023-08-28,193.84,73.15,0.45,0.2
2023-08-29,193.84,73.15,0.32,0.32
2023-08-30,193.84,73.15,0.32,0.32
2023-08-31,193.97,73.2,0.44,0.32
2023-09-01,194.09,73.24,0.44,0.32
2023-09-02,194.6,73.43,0.65,0.14
2023-09-03,197.9,74.68,3.31,0.01
2023-09-04,199.29,75.2,1.58,0.19
2023-09-05,201.07,75.88,2.09,0.32
2023-09-06,201.96,76.21,0.96,0.08
2023-09-07,204.24,77.07,2.3,0.01
2023-09-08,207.15,78.17,2.93,0.01
2023-09-09,209.56,79.08,2.42,0.01
2023-09-10,212.1,80.04,2.55,0.01
2023-09-11,213.62,80.61,1.69,0.17
2023-09-12,216.79,81.81,3.41,0.24
2023-09-13,221.99,83.77,5.43,0.23
2023-09-14,225.16,84.97,3.4,0.23
2023-09-15,228.71,86.31,3.78,0.23
2023-09-16,231.37,87.31,2.77,0.11
2023-09-17,235.81,88.98,4.45,0.02
2023-09-18,239.74,90.47,4.07,0.14
2023-09-19,243.23,91.78,3.53,0.03
2023-09-20,246.89,93.17,3.67,0.02
2023-09-21,249.55,94.17,2.68,0.02
2023-09-22,251.21,94.8,1.68,0.02
2023-09-23,252.54,95.3,1.35,0.02
2023-09-24,253.7,95.74,1.18,0.02
2023-09-25,254.7,96.11,1.19,0.19
2023-09-26,255.03,96.24,0.65,0.32
2023-09-27,256.36,96.74,1.65,0.32
2023-09-28,256.7,96.87,0.65,0.32
2023-09-29,258.36,97.49,1.98,0.32
2023-09-30,261.18,98.56,3.15,0.32
2023-10-01,263.35,99.38,2.48,0.32
2023-10-02,265.01,100,1.98,0.32
2023-10-03,265.67,100.25,0.99,0.32
2023-10-04,266.17,100.44,0.82,0.32
2023-10-05,266.67,100.63,0.82,0.32
2023-10-06,267,100.75,0.65,0.32
2023-10-07,268.33,101.26,1.65,0.32
2023-10-08,270,101.89,1.98,0.32
2023-10-09,271.33,102.39,1.65,0.32
2023-10-10,277.15,104.58,6.14,0.32
2023-10-11,277.31,104.65,3.66,3.5
2023-10-12,275.82,104.08,2.71,4.21
2023-10-13,275.15,103.83,3.54,4.21
2023-10-14,274.65,103.64,3.71,4.21
2023-10-15,273.82,103.33,3.38,4.21
2023-10-16,272.49,102.83,2.88,4.21
2023-10-17,270.33,102.01,2.05,4.21
2023-10-18,270,101.89,1.73,2.07
2023-10-19,271.33,102.39,1.63,0.3
2023-10-20,272.32,102.76,1.28,0.28
2023-10-21,274.15,103.45,1.96,0.13
2023-10-22,275.98,104.14,1.85,0.02
2023-10-23,277.31,104.65,1.49,0.16
2023-10-24,279.47,105.46,2.42,0.26
2023-10-25,279.64,105.52,1.42,1.25
2023-10-26,279.64,105.52,1.3,1.3
2023-10-27,279.97,105.65,1.63,1.3
2023-10-28,280.31,105.78,1.89,1.56
2023-10-29,280.14,105.71,1.74,1.9
2023-10-30,280.64,105.9,2.31,1.82
2023-10-31,281.14,106.09,2.49,1.99
2023-11-01,283.63,107.03,5.11,2.62
2023-11-02,282.63,106.65,3.15,4.15
2023-11-03,280.31,105.78,1.82,4.15
2023-11-04,279.64,105.52,1.32,1.99
2023-11-05,280.47,105.84,1.09,0.26
2023-11-06,281.14,106.09,0.93,0.26
2023-11-07,282.3,106.53,1.42,0.26
2023-11-08,282.97,106.78,0.93,0.26
2023-11-09,284.13,107.22,1.42,0.26
2023-11-10,283.63,107.03,0.97,1.47
2023-11-11,282.97,106.78,0.81,1.47
2023-11-12,282.3,106.53,0.81,1.47
2023-11-13,281.3,106.15,0.47,1.47
2023-11-14,281.47,106.22,0.86,0.69
2023-11-15,281.47,106.22,0.69,0.69
2023-11-16,281.97,106.4,0.73,0.23
2023-11-17,282.3,106.53,0.57,0.23
2023-11-18,282.97,106.78,0.79,0.13
2023-11-19,283.46,106.97,0.63,0.13
2023-11-20,283.8,107.09,0.57,0.23
2023-11-21,284.3,107.28,0.73,0.23
2023-11-22,284.63,107.41,0.57,0.23
2023-11-23,284.63,107.41,0.23,0.23
2023-11-24,284.96,107.53,0.57,0.23
2023-11-25,285.13,107.6,0.4,0.23
2023-11-26,285.29,107.66,0.44,0.23
2023-11-27,285.46,107.72,0.4,0.23
2023-11-28,285.46,107.72,0.39,0.39
2023-11-29,285.46,107.72,0.23,0.23
2023-11-30,285.46,107.72,0.23,0.23
2023-12-01,285.63,107.78,0.4,0.23
2023-12-02,285.79,107.85,0.28,0.11
2023-12-03,286.12,107.97,0.35,0.02
2023-12-04,286.46,108.1,0.45,0.12
2023-12-05,286.46,108.1,0.19,0.19
2023-12-06,286.62,108.16,0.36,0.19
2023-12-07,286.79,108.22,0.36,0.19
2023-12-08,286.96,108.29,0.4,0.23
2023-12-09,286.96,108.29,0.3,0.3
2023-12-10,287.29,108.41,0.65,0.32
2023-12-11,287.45,108.47,0.49,0.32
2023-12-12,287.62,108.54,0.49,0.32
2023-12-13,287.62,108.54,0.32,0.32
2023-12-14,287.62,108.54,0.3,0.3
2023-12-15,287.45,108.47,0.11,0.28
2023-12-16,287.45,108.47,0.13,0.13
2023-12-17,287.62,108.54,0.19,0.02
2023-12-18,287.79,108.6,0.26,0.09
2023-12-19,287.79,108.6,0.27,0.27
2023-12-20,287.62,108.54,0.16,0.32
2023-12-21,287.45,108.47,0.15,0.32
2023-12-22,287.29,108.41,0.16,0.32
2023-12-23,287.12,108.35,0.16,0.32
2023-12-24,286.96,108.29,0.16,0.32
2023-12-25,286.96,108.29,0.32,0.32
2023-12-26,286.79,108.22,0.15,0.32
2023-12-27,286.62,108.16,0.16,0.32
2023-12-28,286.46,108.1,0.16,0.32
2023-12-29,286.29,108.03,0.16,0.32
2023-12-30,286.12,107.97,0.15,0.32
2023-12-31,285.96,107.91,0.16,0.32
2024-01-01,285.73,107.82,0.072,0.321
2024-01-02,285.45,107.72,0.038,0.321
2024-01-03,285.15,107.6,0.022,0.321
2024-01-04,284.85,107.49,0.02,0.321
2024-01-05,284.65,107.41,0.122,0.321
2024-01-06,284.48,107.35,0.155,0.321
2024-01-07,284.3,107.28,0.138,0.321
2024-01-08,284.1,107.21,0.121,0.321
2024-01-09,283.88,107.13,0.105,0.321
2024-01-10,283.67,107.04,0.105,0.321
2024-01-11,283.45,106.96,0.104,0.321
2024-01-12,282.76,106.7,0.103,0.321
2024-01-13,281.82,106.35,0.242,1.185
2024-01-14,281.24,106.13,0.135,0.717
2024-01-15,281.02,106.05,0.105,0.321
2024-01-16,280.77,105.95,0.071,0.321
2024-01-17,280.57,105.88,0.122,0.321
2024-01-18,280.49,105.85,0.238,0.321
2024-01-19,280.43,105.82,0.255,0.321
2024-01-20,280.14,105.71,0.244,0.525
2024-01-21,279.64,105.53,0.21,0.709
2024-01-22,278.91,105.25,0.052,0.785
2024-01-23,278.37,105.05,0.021,0.558
2024-01-24,278.06,104.93,0.01,0.32
2024-01-25,277.75,104.81,0.006,0.321
2024-01-26,277.43,104.69,0.003,0.321
2024-01-27,277.02,104.54,0.201,0.612
2024-01-28,276.72,104.42,0.09,0.393
2024-01-29,276.18,104.22,0.036,0.569
2024-01-30,275.6,104,0.054,0.637
2024-01-31,275.29,103.88,0.011,0.321
2024-02-01,274.98,103.77,0.011,0.321
2024-02-02,274.67,103.65,0.009,0.321
2024-02-03,274.53,103.6,0.004,0.144
2024-02-04,274.51,103.59,0.002,0.018
2024-02-05,274.32,103.52,0.002,0.195
2024-02-06,274,103.4,0.002,0.321
2024-02-07,274,103.4,,0.32
2024-02-08,273,103.02,,0.32
2024-02-09,273,103.02,,0.65
2024-02-10,272,102.64,,0.75
2024-02-11,271,102.26,,0.62
2024-02-12,271,102.26,,0.8
2024-02-13,270,101.89,,0.6
2024-02-14,270,101.89,,0.32
2024-02-15,269,101.51,,0.32
2024-02-16,269,101.51,,0.65
2024-02-17,268,101.13,,0.75
2024-02-18,267,100.75,,0.62
2024-02-19,266,100.38,,0.8
2024-02-20,266,100.38,,0.6
2024-02-21,266,100.38,,0.32
2024-02-22,265,100,,0.32
2024-02-23,264,99.62,,0.88
2024-02-24,263,99.25,,1.18
2024-02-25,262,98.87,,0.96
2024-02-26,261,98.49,,1.06
2024-02-27,260,98.11,,0.72
2024-02-28,260.14,98.17,,0.32
2024-02-29,259.22,97.82,,0.92
2024-03-01,257.86,97.31,,1.37
2024-03-02,256.67,96.86,,1.19
2024-03-03,255.71,96.49,,0.96
2024-03-04,254.61,96.08,,1.09
2024-03-05,253.82,95.78,,0.69
2024-03-06,253.41,95.63,,0.33
2024-03-07,252.21,95.17,,1.12
2024-03-08,250.32,94.46,,1.75
2024-03-09,248.93,93.94,,1.25
2024-03-10,247.68,93.46,,1.09
2024-03-11,246.17,92.89,,1.32
2024-03-12,244.58,92.29,,1.39
2024-03-13,243.58,91.92,,0.83
2024-03-14,242.23,91.41,,1.23
2024-03-15,240.14,90.62,,1.91
2024-03-16,238.4,89.96,,1.58
2024-03-17,236.56,89.27,,1.64
2024-03-18,234.8,88.6,,1.56
2024-03-19,233.09,87.96,,1.46
2024-03-20,232.01,87.55,0.11,0.86
2024-03-21,230.62,87.03,0.05,1.22
2024-03-22,228.17,86.1,0.02,1.9
2024-03-23,226.02,85.29,0.01,1.9
2024-03-24,224.16,84.59,,1.68
2024-03-25,222.32,83.89,,1.74
2024-03-26,220.3,83.13,,1.9
2024-03-27,219.19,82.71,,1.1
2024-03-28,217.96,82.25,,1.23
2024-03-29,216.06,81.53,,1.9
2024-03-30,214.16,80.82,,1.9
2024-03-31,212.49,80.18,,1.67
2024-04-01,210.75,79.53,,1.74
2024-04-02,208.87,78.82,,1.9
2024-04-03,207.74,78.39,,1.1
2024-04-04,206.52,77.93,,1.23
2024-04-05,204.62,77.22,,1.9
2024-04-06,202.46,76.4,,1.9
2024-04-07,200,75.47,,1.67
2024-04-08,199,75.09,,1.7
2024-04-09,196.91,74.31,,1.83
2024-04-10,195.08,73.62,,1.83
2024-04-11,193.26,72.93,,1.82
2024-04-12,191.43,72.24,,1.83
2024-04-13,189.57,71.54,,1.86
2024-04-14,188,70.94,,1.88
2024-04-15,184,69.43,,1.88
2024-04-16,182,68.68,,1.88
2024-04-17,179.64,67.79,,1.87
2024-04-18,177.76,67.08,,1.88
2024-04-19,175.89,66.37,,1.88
2024-04-20,174.03,65.67,,1.877
2024-04-21,172,64.91,,1.88
2024-04-22,170.27,64.25,,1.877
2024-04-23,168.38,63.54,,1.88
2024-04-24,166.53,62.84,,1.88
2024-04-25,165.45,62.43,,1.08
2024-04-26,164.25,61.98,,1.2
2024-04-27,162.72,61.4,,1.53
2024-04-28,161.19,60.83,,1.53
2024-04-29,159.66,60.25,,1.53
2024-04-30,158.58,59.84,,1.08
2024-05-01,158.18,59.69,,0.41
2024-05-02,157.77,59.54,,0.41
2024-05-03,157.71,59.51,,1.06
2024-05-04,156.16,58.93,,1.55
2024-05-05,154.91,58.46,,1.24
2024-05-06,153.61,57.97,,1.3
2024-05-07,152.85,57.68,,0.77
2024-05-08,152.49,57.54,,0.36
2024-05-09,152.08,57.39,,0.41
2024-05-10,151.02,56.99,,1.06
2024-05-11,149.72,56.5,,1.3
2024-05-12,148.65,56.09,,1.07
2024-05-13,147.92,55.82,,0.73
2024-05-14,147.52,55.67,,0.4
2024-05-15,147.13,55.52,,0.39
2024-05-16,146.96,55.46,,0.17
2024-05-17,146.94,55.45,,0.15
2024-05-18,146.92,55.44,,0.02
2024-05-19,146.9,55.43,,0.02
2024-05-20,147,55.47,0.19,0.15
2024-05-21,147.29,55.58,0.45,0.15
2024-05-22,147.89,55.81,0.67,0.07
2024-05-23,148.8,56.15,0.92,0.02
2024-05-24,149.9,56.57,1.11,0.01
2024-05-25,150.6,56.83,0.71,0.01
2024-05-26,150.3,56.72,0.14,0.44
2024-05-27,150.1,56.64,0.24,0.44
2024-05-28,150.3,56.72,0.21,0.01
2024-05-29,150.5,56.79,0.29,0.09
2024-05-30,150.6,56.83,0.24,0.14
2024-05-31,150.5,56.79,0.04,0.14
2024-06-01,150.4,56.75,0.04,0.14
2024-06-02,150.3,56.72,0.04,0.14
2024-06-03,150.9,56.94,0.67,0.07
2024-06-04,151.6,57.21,0.71,0.01
2024-06-05,151.9,57.32,0.31,0.01
2024-06-06,152.6,57.58,0.71,0.01
2024-06-07,153,57.74,0.41,0.01
2024-06-08,153.2,57.81,0.21,0.01
2024-06-09,153.81,58.04,0.61,0.01
2024-06-10,154.11,58.15,0.31,0.11
2024-06-11,154.21,58.19,0.11,0.01
2024-06-12,154.91,58.46,0.71,0.01
2024-06-13,155.71,58.76,0.18,0.01
2024-06-14,155.91,58.83,0.47,0.27
2024-06-15,156.11,58.91,0.35,0.15
2024-06-16,156.21,58.95,0.17,0.07
2024-06-17,156.41,59.02,0.21,0.01
2024-06-18,156.56,59.08,0.11,0.01
2024-06-19,156.71,59.14,0.21,0.01
2024-06-20,156.91,59.21,0.21,0.01
2024-06-21,157.01,59.25,0.33,0.23
2024-06-22,157.01,59.25,0.4,0.4
2024-06-23,156.91,59.21,0.3,0.4
2024-06-24,156.31,58.98,0.2,0.4
2024-06-25,156.11,58.91,0.2,0.4
2024-06-26,155.91,58.83,0.2,0.4
2024-06-27,155.81,58.8,0.3,0.4
2024-06-28,155.91,58.83,0.5,0.4
2024-06-29,156,58.87,0.5,0.4
2024-06-30,156.11,58.91,0.5,0.4
2024-07-01,156.21,58.95,0.5,0.4
2024-07-02,156.11,58.91,0.3,0.4
2024-07-03,156.01,58.87,0.3,0.4
2024-07-04,155.81,58.8,0.2,0.4
2024-07-05,155.71,58.76,0.3,0.4
2024-07-06,155.81,58.8,0.5,0.4
2024-07-07,155.61,58.72,0.2,0.4
2024-07-08,155.51,58.68,0.3,0.4
2024-07-09,155.31,58.61,0.2,0.4
2024-07-10,155.11,58.53,0.2,0.4
2024-07-11,154.91,58.46,0.2,0.4
2024-07-12,154.81,58.42,0.3,0.4
2024-07-13,154.61,58.34,0.2,0.4
2024-07-14,154.71,58.38,0.5,0.4
2024-07-15,154.61,58.34,0.3,0.4
2024-07-16,154.21,58.19,,0.4
2024-07-17,154.11,58.15,0.3,0.4
2024-07-18,154.31,58.23,0.6,0.4
2024-07-19,154.61,58.34,0.7,0.4
2024-07-20,155.21,58.57,0.9,0.3
2024-07-21,155.91,58.83,0.93,0.23
2024-07-22,156.13,58.92,0.504,0.303
2024-07-23,156.71,59.14,0.96,0.36
2024-07-24,156.51,59.06,0.16,0.36
2024-07-25,156.91,59.21,0.76,0.36
2024-07-26,157.3,59.36,0.75,0.36
2024-07-27,157.41,59.4,0.27,0.16
2024-07-28,157.71,59.51,0.31,0.01
2024-07-29,157.71,59.51,0.19,0.19
2024-07-30,156.61,59.1,0.21,0.31
2024-07-31,158.11,59.66,0.77,0.27
2024-08-01,159.72,60.27,1.87,0.27
2024-08-02,163.52,61.71,4.08,0.27
2024-08-03,168.63,63.63,5.23,0.12
2024-08-04,170.74,64.43,2.12,0.01
2024-08-05,171.84,64.85,1.22,0.11
2024-08-06,172.64,65.15,1.06,0.26
2024-08-07,173.84,65.6,1.52,0.31
2024-08-08,175.24,66.13,1.72,0.31
2024-08-09,176.04,66.43,1.12,0.32
2024-08-10,176.6,66.64,0.71,0.15
2024-08-11,176.98,66.78,0.39,0.01
2024-08-12,177.36,66.93,0.57,0.19
2024-08-13,177.49,66.98,0.44,0.32
2024-08-14,178.12,67.22,0.95,0.32
2024-08-15,179.13,67.6,1.29,0.27
2024-08-16,179.64,67.79,0.78,0.27
2024-08-17,183.57,69.27,4.05,0.12
2024-08-18,186.74,70.47,3.4,0.23
2024-08-19,192.57,72.67,6.01,0.18
2024-08-20,194.98,73.58,2.8,0.4
2024-08-21,198.79,75.02,4.21,0.4
2024-08-22,204.24,77.07,5.85,0.4
2024-08-23,209.69,79.13,7.04,1.59
2024-08-24,211.72,79.89,3.67,1.64
2024-08-25,212.24,80.09,2.768,2.261
2024-08-26,212.88,80.33,2.895,2.261
2024-08-27,212.48,80.18,1.88,2.26
2024-08-28,215.67,81.38,5.431,2.261
2024-08-29,219.96,83,6.57,2.26
2024-08-30,223.89,84.49,6.08,2.15
2024-08-31,225.16,84.97,3.36,2.09
2024-09-01,226.17,85.35,2.39,1.38
2024-09-02,231.88,87.5,5.97,0.26
2024-09-03,230.73,87.07,2.16,3.3
2024-09-04,228.33,86.16,1.54,3.95
2024-09-05,225.54,85.11,1.18,3.97
2024-09-06,222.62,84.01,1.07,3.99
2024-09-07,219.83,82.95,1.25,4.04
2024-09-08,216.66,81.76,0.87,4.04
2024-09-09,213.62,80.61,1,4.04
2024-09-10,211.08,79.65,1.29,2.89
2024-09-11,213.95,80.74,2.29,0.36
2024-09-12,217.44,82.05,3.837,0.36
2024-09-13,219.7,82.91,2.65,0.37
2024-09-14,221.1,83.43,1.56,0.17
2024-09-15,222.37,83.91,1.29,0.02
2024-09-16,223.63,84.39,1.29,0.02
2024-09-17,224.52,84.72,0.9,0.02
2024-09-18,225.79,85.2,1.28,0.02
2024-09-19,226.57,85.5,0.786,0.025
2024-09-20,227.94,86.02,1.41,0.02
2024-09-21,230.23,86.88,2.3,0.02
2024-09-22,232.89,87.88,2.68,0.02
2024-09-23,235.93,89.03,3.24,0.19
2024-09-24,254.87,96.18,19.06,0.13
2024-09-25,277.17,104.59,22.298,0.018
2024-09-26,296.62,111.93,19.564,0.092
2024-09-27,300.92,113.55,11.23,6.91
2024-09-28,300.26,113.31,8.17,8.84
2024-09-29,298.28,112.56,5.798,5.027
2024-09-30,285.96,107.91,1.32,13.63
2024-10-01,281.74,106.32,1.97,6.45
2024-10-02,283.46,106.97,5.72,3.72
2024-10-03,289.64,109.3,8.164,2.012
2024-10-04,295.77,111.61,6.66,0.51
2024-10-05,298.45,112.62,5.379,2.719
2024-10-06,298.76,112.74,4.36,4.03
2024-10-07,298.49,112.64,3.579,3.912
2024-10-08,296.6,111.92,2.72,4.55
2024-10-09,295.62,111.56,2.255,3.252
2024-10-10,294.77,111.23,2.01,2.84
2024-10-11,294.13,110.99,1.789,2.454
2024-10-12,293.63,110.8,1.826,2.325
2024-10-13,291.78,110.11,1.79,3.62
2024-10-14,289.64,109.3,1.455,3.617
2024-10-15,287.14,108.36,1.123,3.617
2024-10-16,285.31,107.67,1.738,3.567
2024-10-17,283.46,106.97,1.66,3.49
2024-10-18,282.97,106.78,3.01,3.51
2024-10-19,282.13,106.46,1.77,2.6
2024-10-20,282.97,106.78,2.75,1.92
2024-10-21,283.8,107.09,2.93,2.1
2024-10-22,283.63,107.03,3.06,3.23
2024-10-23,281.8,106.34,2.09,3.92
2024-10-24,280.8,105.96,1.87,2.87
2024-10-25,280.31,105.78,1.65,2.15
2024-10-26,279.64,105.52,1.36,2.02
2024-10-27,278.81,105.21,1.1,1.93
2024-10-28,278.31,105.02,1.42,1.91
2024-10-29,278.14,104.96,0.83,1
2024-10-30,278.81,105.21,0.87,0.2
2024-10-31,279.64,105.52,1.04,0.2
2024-11-01,280.31,105.78,0.87,0.2
2024-11-02,280.97,106.03,0.77,0.1
2024-11-03,282.13,106.46,1.18,0.02
2024-11-04,282.8,106.72,0.8,0.13
2024-11-05,283.3,106.91,0.7,0.2
2024-11-06,284.13,107.22,1.02,0.19
2024-11-07,284.13,107.22,1.01,1.01
2024-11-08,284.13,107.22,1.39,1.39
2024-11-09,283.96,107.15,1.69,1.85
2024-11-10,283.13,106.84,1.09,1.92
2024-11-11,282.13,106.46,1.04,2.03
2024-11-12,280.8,105.96,0.77,2.1
2024-11-13,280.47,105.84,0.99,1.33
2024-11-14,280.14,105.71,1,1.33
2024-11-15,279.47,105.46,0.66,1.33
2024-11-16,278.98,105.28,0.83,1.33
2024-11-17,278.81,105.21,0.9,1.07
2024-11-18,278.31,105.02,0.52,1.02
2024-11-19,277.81,104.83,0.47,0.97
2024-11-20,277.31,104.65,0.48,0.98
2024-11-21,277.31,104.65,0.58,0.58
2024-11-22,277.48,104.71,0.46,0.29
2024-11-23,277.98,104.9,0.64,0.14
2024-11-24,278.48,105.09,0.53,0.03
2024-11-25,278.81,105.21,0.51,0.18
2024-11-26,278.81,105.21,0.29,0.29
2024-11-27,278.81,105.21,0.26,
2024-11-28,279.31,105.4,0.62,0.29
2024-11-29,279.31,105.4,0.29,0.29
2024-11-30,279.47,105.46,0.31,0.14
2024-12-01,279.97,105.65,0.53,0.03
2024-12-02,280.47,105.84,0.53,0.03
2024-12-03,280.64,105.9,0.2,0.03
2024-12-04,280.8,105.96,0.2,0.03
2024-12-05,281.14,106.09,0.36,0.03
2024-12-06,281.3,106.15,0.37,0.21
2024-12-07,281.3,106.15,0.33,0.33
2024-12-08,281.3,106.15,0.33,0.33
2024-12-09,281.47,106.22,0.32,0.16
2024-12-10,281.64,106.28,0.2,0.03
2024-12-11,281.97,106.4,0.36,0.03
2024-12-12,282.13,106.46,0.2,0.03
2024-12-13,282.13,106.46,0.21,0.21
2024-12-14,282.13,106.46,0.37,0.37
2024-12-15,282.47,106.59,0.7,0.36
2024-12-16,282.8,106.72,0.5,0.16
2024-12-17,283.13,106.84,0.35,0.02
2024-12-18,283.46,106.97,0.36,0.03
2024-12-19,283.8,107.09,0.36,0.03
2024-12-20,283.96,107.15,0.42,0.26
2024-12-21,283.96,107.15,0.42,0.42
2024-12-22,283.96,107.15,0.42,0.42
2024-12-23,284.13,107.22,0.36,0.19
2024-12-24,284.3,107.28,0.2,0.03
2024-12-25,284.47,107.35,0.2,0.03
2024-12-26,284.63,107.41,0.2,0.03
2024-12-27,284.8,107.47,0.43,0.26
2024-12-28,284.8,107.47,0.42,0.42
2024-12-29,284.63,107.41,0.24,0.42
2024-12-30,284.63,107.41,0.42,0.42
2024-12-31,284.46,107.34,0.25,0.42
2025-01-01,284.3,107.28,0.25,0.42
2025-01-02,284.13,107.22,0.25,0.42
2025-01-03,283.96,107.15,0.25,0.42
2025-01-04,283.8,107.09,0.25,0.42
2025-01-05,283.63,107.03,0.25,0.42
2025-01-06,283.3,106.91,0.09,0.42
2025-01-07,283.13,106.84,0.25,0.42
2025-01-08,282.97,106.78,0.25,0.42
2025-01-09,282.8,106.72,0.25,0.42
2025-01-10,282.63,106.65,0.25,0.42
2025-01-11,282.47,106.59,0.25,0.42
2025-01-12,282.3,106.53,0.25,0.42
2025-01-13,282.13,106.46,0.25,0.42
2025-01-14,281.97,106.4,0.25,0.42
2025-01-15,281.8,106.34,0.25,0.42
2025-01-16,281.64,106.28,0.25,0.42
2025-01-17,281.14,106.09,0.29,0.79
2025-01-18,280.31,105.78,0.2,1.04
2025-01-19,279.81,105.59,0.23,0.73
2025-01-20,279.47,105.46,0.09,0.42
2025-01-21,279.14,105.34,0.09,0.42
2025-01-22,278.98,105.28,0.25,0.42
2025-01-23,278.81,105.21,0.25,0.42
2025-01-24,278.14,104.96,0.18,0.85
2025-01-25,276.98,104.52,0.08,1.24
2025-01-26,275.98,104.14,0.15,1.15
2025-01-27,275.32,103.89,0.03,0.69
2025-01-28,274.98,103.77,0.07,0.4
2025-01-29,274.65,103.64,0.09,0.42
2025-01-30,274.32,103.52,0.09,0.42
2025-01-31,273.49,103.2,0.06,0.89
2025-02-01,272.32,102.76,0.12,1.28
2025-02-02,271.16,102.32,0.12,1.28
2025-02-03,270.52,102.08,0.15,0.81
2025-02-04,270.18,101.95,0.09,0.42
2025-02-05,269.85,101.83,0.06,0.39
2025-02-06,269.52,101.71,0.04,0.38
2025-02-07,268.85,101.45,0.18,0.84
2025-02-08,267.86,101.08,0.19,1.19
2025-02-09,266.86,100.7,0.19,1.19
2025-02-10,265.86,100.32,0.11,1.11
2025-02-11,265.36,100.14,0.11,0.61
2025-02-12,265.36,100.14,0.2,0.61
2025-02-13,265.36,100.14,0.2,0.2
2025-02-14,264.86,99.95,0.17,0.67
2025-02-15,264.28,99.73,0.12,0.7
2025-02-16,263.7,99.51,0.14,0.72
2025-02-17,262.87,99.2,0.12,0.95
2025-02-18,262.04,98.88,0.08,0.91
2025-02-19,261.7,98.75,0.09,0.42
2025-02-20,261.37,98.63,0.08,0.42
2025-02-21,260.46,98.29,0.06,0.98
2025-02-22,259.21,97.82,0.11,1.35
2025-02-23,258.05,97.38,0.12,1.28
2025-02-24,256.88,96.94,0.12,1.29
2025-02-25,255.72,96.5,0.12,1.28
2025-02-26,254.97,96.22,0.06,0.81
2025-02-27,254.64,96.09,0.08,0.42
2025-02-28,253.72,95.74,0.06,0.98
2025-03-01,252.56,95.31,0.11,1.28
2025-03-02,251.56,94.93,0.07,1.06
2025-03-03,250.4,94.49,0.08,1.24
2025-03-04,249.15,94.02,0.12,1.37
2025-03-05,247.9,93.55,0.12,1.37
2025-03-06,246.24,92.92,0.1,1.76
2025-03-07,244.83,92.39,0.13,1.55
2025-03-08,243.68,91.95,0.08,1.23
2025-03-09,242.7,91.58,0.08,1.06
2025-03-10,241.48,91.12,0.08,1.29
2025-03-11,240.09,90.6,0.06,1.45
2025-03-12,238.69,90.07,0.05,1.45
2025-03-13,237.3,89.55,0.06,1.45
2025-03-14,235.8,88.98,0.05,1.55
2025-03-15,234.46,88.48,0.05,1.4
2025-03-16,233.26,88.02,0.04,1.24
2025-03-17,231.85,87.49,0.04,1.46
2025-03-18,230.27,86.89,0.05,1.62
2025-03-19,228.7,86.3,0.05,1.62
2025-03-20,227.13,85.71,0.05,1.62
2025-03-21,225.51,85.1,0.05,1.67
2025-03-22,224.07,84.55,0.05,1.48
2025-03-23,222.8,84.08,0.05,1.32
2025-03-24,221.31,83.51,0.05,1.55
2025-03-25,219.65,82.89,0.05,1.71
2025-03-26,217.99,82.26,0.05,1.71
2025-03-27,216.33,81.63,0.05,1.71
2025-03-28,214.67,81.01,0.05,1.71
2025-03-29,213.23,80.46,0.05,1.48
2025-03-30,211.97,79.99,0.05,1.32
2025-03-31,210.47,79.42,0.05,1.55
2025-04-01,208.21,78.57,0.05,1.71
2025-04-02,207.15,78.17,0.05,1.71
2025-04-03,205.49,77.54,0.05,1.71
2025-04-04,203.77,76.89,0.05,1.75
2025-04-05,202.25,76.32,0.05,1.57
2025-04-06,200.85,75.79,0.05,1.46
2025-04-07,199.2,75.17,0.04,1.69
2025-04-08,197.42,74.5,0.06,1.84
2025-04-09,195.61,73.82,0.04,1.85
2025-04-10,193.51,73.02,0.05,2.16
2025-04-11,191.64,72.32,0.04,1.91
2025-04-12,189.78,71.62,0.04,1.91
2025-04-13,187.92,70.91,0.04,1.91
2025-04-14,186.05,70.21,0.04,1.91
2025-04-15,184.39,69.58,0.04,1.71
2025-04-16,182.79,68.98,0.05,1.65
2025-04-17,181.2,68.38,0.05,1.65
2025-04-18,179.55,67.75,0.04,1.69
2025-04-19,178.1,67.21,0.04,1.49
2025-04-20,176.83,66.73,0.05,1.32
2025-04-21,175.34,66.17,0.04,1.53
2025-04-22,173.7,65.55,0.05,1.69
2025-04-23,172.06,64.93,0.05,1.69
2025-04-24,170.41,64.31,0.05,1.69
2025-04-25,168.86,63.72,0.04,1.59
2025-04-26,167.61,63.25,0.05,1.3
2025-04-27,166.51,62.83,0.04,1.14
2025-04-28,165.2,62.34,0.05,1.36
2025-04-29,163.72,61.78,0.04,1.51
2025-04-30,162.29,61.24,0.04,1.47
2025-05-01,161.01,60.76,0.04,1.33
2025-05-02,159.85,60.32,0.05,1.21
2025-05-03,158.95,59.98,0.04,0.93
2025-05-04,158.13,59.67,0.06,0.88
2025-05-05,157.15,59.3,0.08,1.06
2025-05-06,156.07,58.89,0.08,1.16
2025-05-07,155.03,58.5,0.14,1.14
2025-05-08,154.03,58.12,0.14,1.14
2025-05-09,153.02,57.74,0.14,1.14
2025-05-10,152.12,57.4,0.09,0.99
2025-05-11,151.32,57.1,0.08,0.88
2025-05-12,150.37,56.74,0.08,1.03
2025-05-13,149.32,56.35,0.09,1.14
2025-05-14,148.25,55.94,0.08,1.14
2025-05-15,147.31,55.59,0.11,1.05
2025-05-16,146.71,55.36,0.22,0.82
2025-05-17,146.51,55.29,0.51,0.71
2025-05-18,147.81,55.78,2.01,0.71
2025-05-19,149.12,56.27,2.01,0.71
2025-05-20,149.72,56.5,1.31,0.71
2025-05-21,149.92,56.57,0.91,0.71
2025-05-22,149.72,56.5,0.51,0.71
2025-05-23,151.12,57.03,1.97,0.57
2025-05-24,153.32,57.86,2.65,0.45
2025-05-25,151.12,57.03,1.97,0.44
2025-05-26,159.54,60.2,4.06,0.45
2025-05-27,162.44,61.3,3.36,0.45
2025-05-28,163.64,61.75,1.65,0.45
2025-05-29,164.54,62.09,1.48,0.58
2025-05-30,164.84,62.2,0.97,0.67
2025-05-31,164.84,62.2,0.67,0.67
2025-06-01,164.74,62.17,0.57,0.67
2025-06-02,164.54,62.09,0.47,0.67
2025-06-03,164.54,62.09,0.54,0.54
2025-06-04,163.94,61.86,0.26,0.87
2025-06-05,163.24,61.6,0.18,0.88
2025-06-06,162.64,61.37,0.28,0.88
2025-06-07,161.94,61.11,0.18,0.88
2025-06-08,161.24,60.85,0.18,0.88
2025-06-09,160.54,60.58,0.18,0.88
2025-06-10,159.84,60.32,0.18,0.88
2025-06-11,159.74,60.28,0.18,0.28
2025-06-12,160.34,60.51,1.01,0.4
2025-06-13,160.84,60.69,1,0.45
2025-06-14,161.84,61.07,1.38,0.38
2025-06-15,162.34,61.26,0.78,0.28
2025-06-16,162.44,61.3,0.75,0.65
2025-06-17,162.54,61.34,0.77,0.67
2025-06-18,163.84,61.83,1.97,0.67
2025-06-19,165.95,62.62,2.77,0.67
2025-06-20,167.35,63.15,2.07,0.67
2025-06-21,167.95,63.38,1.27,0.67
2025-06-22,168.15,63.45,0.87,0.67
2025-06-23,168.65,63.64,1.17,0.67
2025-06-24,171.26,64.63,3.27,0.67
2025-06-25,172.66,65.15,2.07,0.69
2025-06-26,173.36,65.42,1.37,0.69
2025-06-27,173.36,65.42,0.69,0.69
2025-06-29,173.06,65.31,0.7,1.1
2025-06-30,172.66,65.15,0.7,1.1
2025-07-01,172.16,64.97,0.6,1.1
2025-07-02,171.86,64.85,0.93,1.23
2025-07-03,171.16,64.59,0.56,1.26
2025-07-04,170.45,64.32,0.55,1.26
2025-07-05,169.75,64.06,0.55,1.26
2025-07-06,168.95,63.75,0.45,1.26
2025-07-07,168.65,63.64,0.95,1.26
2025-07-08,168.25,63.49,0.85,1.26
2025-07-10,167.25,63.11,0.65,1.26
2025-07-11,166.45,62.81,0.45,1.26
2025-07-13,167.55,63.23,2.36,1.26
2025-07-14,167.85,63.34,1.56,1.26
2025-07-15,167.25,63.11,0.65,1.26
2025-07-16,169.05,63.79,3.06,1.26
2025-07-17,174.16,65.72,5.47,0.37
2025-07-18,177,66.79,3.08,0.25
2025-07-19,175.86,66.36,1.65,2.79
2025-07-20,173.16,65.34,0.98,3.69
2025-07-21,170.25,64.25,0.92,3.82
2025-07-22,166.85,62.96,0.42,3.82
2025-07-23,164.14,61.94,1.12,3.82
2025-07-24,185.11,69.85,21.03,0.06
2025-07-25,200.58,75.69,15.49,0.02
2025-07-26,203.5,76.79,4.92,2.01
2025-07-27,202.61,76.46,2.94,3.82
2025-07-28,201.59,76.07,2.81,3.82
2025-07-29,204.89,77.32,6.65,3.36
2025-07-30,209.96,79.23,8.72,3.65
2025-07-31,213.51,80.57,6.67,3.12
2025-08-01,213.51,80.57,3.82,3.82
2025-08-02,211.74,79.9,2.02,3.79
2025-08-03,209.33,78.99,1.38,3.79
2025-08-04,206.67,77.99,1.22,3.88
2025-08-05,203.5,76.79,0.72,3.89
2025-08-06,200.45,75.64,0.71,3.75
2025-08-07,197.79,74.64,9.89,3.65
2025-08-08,195.64,73.83,1.64,3.79
2025-08-09,193.99,73.2,2.24,3.89
2025-08-11,187.14,70.62,0.34,3.89
2025-08-12,183.85,69.38,0.6,3.89
2025-08-13,182.7,68.94,2.75,3.89
2025-08-14,181.44,68.47,2.62,3.89
2025-08-15,178.9,67.51,1.36,3.89
2025-08-16,177.63,67.03,1.04,2.31
2025-08-17,178.01,67.17,1.75,1.37
2025-08-18,179.15,67.6,2.35,1.2
2025-08-19,180.3,68.04,2.31,1.17
2025-08-20,180.8,68.23,1.51,1
2025-08-21,180.99,68.3,1.07,0.89
2025-08-22,181.44,68.47,1.57,1.13
2025-08-23,182.58,68.9,2.95,1.81
2025-08-24,182.07,68.71,2.95,3.46
2025-08-25,180.8,68.23,2.62,3.89
2025-08-26,178.9,67.51,1.99,3.89
2025-08-27,179.54,67.75,4.25,3.62
2025-08-28,186.38,70.33,8.06,1.21
2025-08-29,194.24,73.3,8.75,0.89
2025-08-30,197.54,74.54,4.33,1.03
2025-08-31,198.55,74.92,2.92,1.9
2025-09-01,198.68,74.97,2.07,1.94
2025-09-02,200.2,75.55,2.75,1.23
2025-09-03,201.59,76.07,1.98,0.59
2025-09-04,202.74,76.51,1.6,0.46
2025-09-05,203.88,76.94,1.81,0.67
2025-09-06,204.64,77.22,1.59,0.83
2025-09-07,205.65,77.6,1.84,0.83
2025-09-08,207.43,78.28,2.6,0.83
2025-09-09,208.44,78.66,1.7,0.68
2025-09-10,209.58,79.09,1.58,0.44
2025-09-11,211.86,79.95,2.57,0.28
2025-09-12,214.53,80.95,3.16,0.5
2025-09-13,216.94,81.86,3.06,0.65
2025-09-14,218.33,82.39,2.04,0.65
2025-09-15,219.6,82.87,1.92,0.66
2025-09-16,220.61,83.25,1.67,0.66
2025-09-17,221.5,83.58,1.33,0.44
2025-09-18,222.51,83.97,1.3,0.28
2025-09-19,223.15,84.21,1.15,0.52
2025-09-20,223.65,84.4,1.19,0.68
2025-09-21,225.81,85.21,2.84,0.68
2025-09-22,227.46,85.83,2.33,0.68
2025-09-23,229.36,86.55,2.96,1.06
2025-09-24,230.75,87.08,2.55,1.15
2025-09-25,234.18,88.37,4.57,1.15
2025-09-26,239.63,90.43,7.18,1.72
2025-09-27,241.75,91.23,4.66,2.54
2025-09-29,246.07,92.86,2.69,2.36
2025-09-30,245.91,92.8,1.62,1.79
2025-10-01,248.24,93.68,2.92,0.59
2025-10-02,251.39,94.86,3.62,0.25
2025-10-03,255.22,96.31,4.49,0.67
2025-10-04,259.21,97.82,4.81,0.81
2025-10-05,260.87,98.44,2.86,1.19
2025-10-06,261.87,98.82,2.25,1.25
2025-10-07,262.87,99.2,1.83,0.83
2025-10-08,264.03,99.63,1.98,0.82
2025-10-09,265.19,100.07,1.64,0.48
2025-10-10,266.36,100.51,1.83,0.66
2025-10-11,267.02,100.76,1.47,0.81
2025-10-12,267.52,100.95,1.31,0.81
2025-10-13,268.52,101.33,1.81,0.81
2025-10-14,269.02,101.52,1.31,0.81
2025-10-15,270.18,101.95,1.77,0.61
2025-10-16,273.18,103.09,3.46,0.46
2025-10-17,275.17,103.84,2.66,0.66
2025-10-18,276.83,104.46,2.47,0.81
2025-10-19,277.83,104.84,1.81,0.81
2025-10-20,278.5,105.09,1.47,0.81
2025-10-21,279.16,105.34,1.47,0.81
2025-10-22,279.33,105.41,1.11,0.95
2025-10-23,279.49,105.47,1.06,0.89
2025-10-24,279.16,105.34,0.76,1.1
2025-10-25,279.33,105.41,1.05,0.88
2025-10-26,279.49,105.47,0.98,0.88
2025-10-27,279.83,105.6,0.94,0.61
2025-10-28,279.83,105.6,0.82,0.82
2025-10-29,279.33,105.41,0.76,1.25
2025-10-30,278.66,105.15,0.66,1.33
2025-10-31,277.83,104.84,0.5,1.33
2025-11-01,278,104.91,1.43,1.26
2025-11-02,278.83,105.22,2.28,1.45
2025-11-03,278.83,105.22,1.43,1.43
2025-11-04,278.33,105.03,1.8,2.3
2025-11-05,276.83,104.46,1.18,2.68
2025-11-06,275.5,103.96,1.18,2.56
2025-11-07,273.67,103.27,0.85,2.68
2025-11-08,272.18,102.71,1.13,2.62
2025-11-09,273.67,103.27,1.73,1.68
2025-11-10,271.51,102.46,2.19,1.36
2025-11-11,273.01,103.02,2.01,0.52
2025-11-12,273.84,103.34,1.29,0.46
2025-11-13,274.34,103.52,0.96,0.46
2025-11-14,274.84,103.71,0.96,0.46
2025-11-15,275.17,103.84,0.98,0.65
2025-11-16,275.5,103.96,1.06,0.73
2025-11-17,275.5,103.96,0.57,0.57
2025-11-18,276.17,104.22,1.13,0.46
2025-11-19,277,104.53,1.29,0.46
2025-11-20,277.5,104.72,0.96,0.46
2025-11-21,278,104.91,0.96,0.46
2025-11-22,278.16,104.97,0.78,0.61
2025-11-23,278.16,104.97,0.72,0.72
2025-11-24,278.33,105.03,0.69,0.52
2025-11-25,278.5,105.09,0.63,0.46
2025-11-26,278.5,105.09,0.46,0.46
2025-11-27,278.83,105.22,0.69,0.35
2025-11-28,279.16,105.34,0.62,0.29
2025-11-29,279.16,105.34,0.57,0.57
2025-11-30,279,105.28,0.57,0.73
2025-12-01,279.16,105.34,0.74,0.58
2025-12-02,279.33,105.41,0.7,0.54
2025-12-03,279.33,105.41,0.55,0.55
2025-12-04,279.33,105.41,0.55,0.55
2025-12-05,279.16,105.34,0.38,0.55
2025-12-06,279.16,105.34,0.51,0.51
2025-12-07,279,105.28,0.36,0.52
2025-12-08,278.83,105.22,0.37,0.54
2025-12-09,278.83,105.22,0.38,0.38
2025-12-10,278.83,105.22,0.38,0.38
2025-12-11,278.83,105.22,0.38,0.38
2025-12-12,278.83,105.22,0.38,0.38
2025-12-13,278.66,105.15,0.25,0.42
2025-12-14,278.66,105.15,0.38,0.38
2025-12-15,278.66,105.15,0.38,0.38
2025-12-16,278.66,105.15,0.38,0.38
2025-12-17,278.66,105.15,0.38,0.38
2025-12-18,278.66,105.15,0.38,0.38
2025-12-19,278.66,105.15,0.38,0.38
2025-12-20,278.5,105.09,0.24,0.4
2025-12-21,278.33,105.03,0.25,0.42
2025-12-22,278.16,104.97,0.23,0.39
2025-12-23,278.16,104.97,0.38,0.38
2025-12-24,278.16,104.97,0.38,0.38
2025-12-25,278.16,104.97,0.38,0.38
2025-12-26,278.16,104.97,0.38,0.38
2025-12-27,278,104.91,0.24,0.4
2025-12-28,277.91,104.87,0.34,0.42
2025-12-29,277.83,104.84,0.31,0.39
2025-12-30,277.75,104.81,0.29,0.38
2025-12-31,277.75,104.81,0.38,0.38
2026-01-01,277.75,104.81,0.38,0.38
2026-01-02,277.58,104.75,0.36,0.53
2026-01-03,277.33,104.65,0.37,0.62
2026-01-04,277.08,104.56,0.38,0.63
2026-01-05,276.83,104.46,0.38,0.63
2026-01-06,276.5,104.34,0.32,0.66
2026-01-07,276.17,104.22,0.33,0.66
2026-01-08,275.84,104.09,0.33,0.66
2026-01-09,275.5,103.96,0.33,0.66
2026-01-10,275.17,103.84,0.33,0.66
2026-01-11,274.76,103.68,0.25,0.61
2026-01-12,274.34,103.52,0.25,0.66
2026-01-13,273.92,103.37,0.25,0.66
2026-01-14,273.43,103.18,0.16,0.66
2026-01-15,273.01,103.02,0.24,0.66
2026-01-16,272.51,102.83,0.23,0.73
2026-01-17,271.93,102.62,0.21,0.79
2026-01-18,271.35,102.4,0.21,0.79
2026-01-19,270.85,102.21,0.26,0.76
2026-01-20,270.35,102.02,0.25,0.75
2026-01-21,269.85,101.83,0.25,0.75
2026-01-22,269.35,101.64,0.27,0.77
2026-01-23,268.85,101.45,0.29,0.79
2026-01-24,268.35,101.26,0.29,0.79
2026-01-25,267.86,101.08,0.29,0.79
2026-01-26,267.36,100.89,0.27,0.76
2026-01-27,266.77,100.67,0.16,0.76
2026-01-28,266.19,100.45,0.16,0.76
2026-01-29,265.61,100.23,0.19,0.77
2026-01-30,264.86,99.95,0.14,0.88
2026-01-31,264.11,99.66,0.21,0.96
2026-02-01,263.37,99.38,0.21,0.96
2026-02-02,262.62,99.1,0.19,0.94
2026-02-03,261.87,98.82,0.17,0.92
2026-02-04,261.12,98.54,0.17,0.92
2026-02-05,260.31,98.23,0.1,0.92
2026-02-06,259.46,97.91,0.11,0.96
2026-02-07,258.59,97.58,0.1,0.96
2026-02-08,257.75,97.26,0.11,0.96
2026-02-09,256.88,96.94,0.1,0.96
2026-02-10,256.01,96.61,0.09,0.96
2026-02-11,255.15,96.28,0.1,0.96
2026-02-12,254.29,95.96,0.09,0.96
2026-02-13,253.32,95.59,0.09,1.05
2026-02-14,252.28,95.2,0.09,1.13
2026-02-15,251.23,94.8,0.09,1.13
2026-02-16,250.15,94.4,0.05,1.13
2026-02-18,248.24,93.68,0.05,0.89
2026-02-19,247.57,93.42,0.05,0.72
2026-02-20,246.59,93.05,0.05,1.03
2026-02-21,245.51,92.65,0.05,1.13
2026-02-22,244.43,92.24,0.05,1.13
2026-02-23,243.35,91.83,0.05,1.13
2026-02-24,242.27,91.42,0.05,1.13
2026-02-25,241.44,91.11,0.06,0.89
2026-02-27,239.84,90.51,0.05,0.98
2026-02-28,238.77,90.1,0.06,1.13
2026-03-01,237.7,89.7,0.07,1.13
2026-03-02,236.65,89.3,0.08,1.13
2026-03-03,235.6,88.91,0.08,1.13
2026-03-04,234.81,88.61,0.11,0.89
2026-03-05,234.2,88.38,0.11,0.72
2026-03-06,233.35,88.06,0.11,0.96
2026-03-07,232.4,87.7,0.18,1.13
2026-03-08,231.51,87.36,0.24,1.13
2026-03-09,230.63,87.03,0.24,1.13
2026-03-10,229.74,86.69,0.24,1.13
2026-03-11,229.11,86.46,0.26,0.89
2026-03-12,228.73,86.31,0.34,0.72
2026-03-13,228.35,86.17,0.55,0.93
2026-03-14,227.71,85.93,0.45,1.09
2026-03-15,227.08,85.69,0.45,1.09
2026-03-16,226.44,85.45,0.45,1.09
2026-03-17,225.68,85.16,0.33,1.09
2026-03-18,225.05,84.92,0.24,0.87
2026-03-19,224.48,84.71,0.15,0.72
2026-03-20,223.59,84.37,0.12,1.01
2026-03-21,222.45,83.94,0.09,1.23
2026-03-22,221.27,83.5,0.05,1.23
2026-03-23,220.09,83.05,0.06,1.23
2026-03-24,218.91,82.61,0.06,1.23
2026-03-25,217.93,82.24,0.05,1.03
2026-03-26,217.1,81.92,0.06,0.89
2026-03-27,216.05,81.53,0.05,1.1
2026-03-28,214.84,81.07,0.06,1.26
2026-03-29,213.64,80.62,0.05,1.26
2026-03-30,212.43,80.16,0.06,1.26
2026-03-31,211.23,79.71,0.06,1.26
2026-04-01,210.24,79.34,0.05,1.04
2026-04-02,209.4,79.02,0.05,0.89
2026-04-03,208.34,78.62,0.05,1.11
2026-04-04,207,78.11,0.05,1.39
2026-04-05,205.59,77.58,0.05,1.46
2026-04-06,204.18,77.05,0.05,1.46
2026-04-07,202.77,76.52,0.05,1.46
2026-04-08,201.57,76.06,0.05,1.25
2026-04-09,200.52,75.67,0.05,1.1
2026-04-10,199.27,75.2,0.05,1.29
2026-04-11,197.89,74.68,0.05,1.43
2026-04-12,196.49,74.15,0.05,1.46
2026-04-13,195.04,73.6,0.04,1.49
2026-04-14,193.58,73.05,0.05,1.51
2026-04-15,192.12,72.5,0.05,1.51
2026-04-16,190.67,71.95,0.05,1.51
2026-04-17,189.26,71.42,0.05,1.46
2026-04-18,187.85,70.89,0.05,1.46
2026-04-19,186.44,70.35,0.05,1.46
2026-04-20,185.04,69.83,0.05,1.46
2026-04-21,183.63,69.29,0.05,1.46
2026-04-22,182.3,68.79,0.05,1.38
2026-04-23,181.03,68.31,0.05,1.32
2026-04-24,179.73,67.82,0.05,1.36
2026-04-25,178.38,67.31,0.04,1.39
2026-04-26,176.97,66.78,0.04,1.45
2026-04-27,175.56,66.25,0.05,1.46
2026-04-28,174.15,65.72,0.04,1.46
2026-04-29,173.01,65.29,0.05,1.19
2026-04-30,172.09,64.94,0.05,0.97
2026-05-01,171.17,64.59,0.05,0.97
2026-05-02,170.24,64.24,0.05,0.97
2026-05-03,169.32,63.89,0.05,0.97
2026-05-04,168.4,63.55,0.05,0.97
2026-05-05,167.5,63.21,0.07,0.97
2026-05-06,166.75,62.92,0.07,0.82
2026-05-07,166.1,62.68,0.06,0.71
2026-05-08,165.3,62.38,0.06,0.86
2026-05-09,164.39,62.03,0.07,0.97
2026-05-10,163.54,61.71,0.12,0.97
2026-05-11,163.04,61.52,0.28,0.78
2026-05-12,162.79,61.43,0.16,0.41
2026-05-13,162.69,61.39,0.22,0.32
2026-05-14,162.54,61.34,0.13,0.28
2026-05-15,162.59,61.35,0.38,0.28
2026-05-16,163.34,61.64,1.03,0.28
2026-05-17,164.04,61.9,0.98,0.28
2026-05-18,164.94,62.24,1.18,0.28
2026-05-19,166.75,62.92,2.08,0.28
2026-05-20,167.05,63.04,0.73,0.43
2026-05-21,166.85,62.96,0.34,0.54
2026-05-22,166.65,62.89,0.29,0.49
2026-05-23,166.95,63,0.65,0.35
2026-05-24,167.35,63.15,0.68,0.28
2026-05-25,167.65,63.26,0.58,0.28
2026-05-26,168.05,63.42,0.68,0.28
2026-05-27,168.05,63.42,0.43,0.43
2026-05-28,168.15,63.45,0.49,0.39
2026-05-29,169.45,63.94,1.73,0.42
2026-05-30,170.86,64.48,1.85,0.45
2026-05-31,171.26,64.63,0.85,0.45
2026-06-01,171.36,64.66,0.55,0.45
2026-06-02,171.56,64.74,0.653,0.453
2026-06-03,171.56,64.74,0.35,0.35
2026-06-04,171.46,64.7,0.23,0.33
2026-06-05,171.16,64.59,0.15,0.45
2026-06-06,172.06,64.93,1.05,0.15
2026-06-07,173.06,65.31,1.02,0.02
2026-06-08,173.86,65.61,0.82,0.02
2026-06-09,174.66,65.91,0.82,0.02
2026-06-10,176.17,66.48,1.62,0.12
2026-06-11,177.63,67.03,1.67,0.2
2026-06-12,178.39,67.32,0.9,0.14
2026-06-13,178.9,67.51,0.62,0.11
2026-06-14,179.92,67.89,1.12,0.11
2026-06-15,180.55,68.13,0.74,0.11
2026-06-16,181.18,68.37,0.78,0.15
2026-06-17,181.82,68.61,0.79,0.15
2026-06-18,182.45,68.85,0.98,0.35
2026-06-19,182.96,69.04,1.05,0.54
2026-06-20,183.34,69.18,0.92,0.54
2026-06-21,183.59,69.28,0.65,0.39
2026-06-22,183.72,69.33,0.52,0.39
2026-06-23,183.85,69.38,0.52,0.39
2026-06-24,183.97,69.42,0.52,0.39
2026-06-25,183.85,69.38,0.27,0.39
2026-06-26,183.72,69.33,0.28,0.41
2026-06-27,183.59,69.28,0.29,0.42
2026-06-28,183.47,69.23,0.29,0.42
2026-06-29,183.34,69.18,0.29,0.42
2026-06-30,183.08,69.09,0.17,0.42
2026-07-01,182.96,69.04,0.29,0.42
2026-07-02,183.08,69.09,0.55,0.42
2026-07-03,183.47,69.23,0.8,0.42
2026-07-04,185.37,69.95,2.27,0.37
2026-07-05,186.89,70.52,1.87,0.35
2026-07-06,187.4,70.72,0.86,0.35
2026-07-07,187.78,70.86,0.77,0.39
2026-07-08,187.9,70.91,0.52,0.39
2026-07-09,188.66,71.19,1.09,0.33
2026-07-10,189.42,71.48,1.08,0.32
2026-07-11,193.48,73.01,4.68,0.63
2026-07-12,196.14,74.02,3.59,0.93
2026-07-13,196.52,74.16,1.48,1.1
2026-07-14,197.16,74.4,1.75,1.11
2026-07-15,196.9,74.3,1.2,1.46
2026-07-16,196.02,73.97,0.76,1.65
2026-07-17,194.75,73.49,0.45,1.72
2026-07-18,193.48,73.01,0.45,1.72
2026-07-19,192.34,72.58,0.57,1.72
2026-07-20,191.33,72.2,0.66,1.67
2026-07-21,190.44,71.86,0.76,1.65
2026-07-22,189.8,71.62,1.01,1.65
2026-07-23,189.17,71.38,0.95,1.58
2026-07-24,188.66,71.19,1.17,1.68
2026-07-25,189.8,71.62,2.51,1.37
2026-07-26,190.69,71.96,2.19,1.3
2026-07-27,192.85,72.77,3.46,1.3
2026-07-28,194.24,73.3,2.92,1.52
2026-07-29,193.99,73.2,1.3,1.56
2026-07-30,193.48,73.01,0.98,1.49
2026-07-31,195.38,73.73,3.53,1.63
2026-08-01,200.33,75.6,7.06,2.11
2026-08-02,204.13,77.03,5.97,2.17
2026-08-03,206.41,77.89,4.45,2.17
2026-08-04,209.71,79.14,5.46,2.17
2026-08-05,209.58,79.09,2.8,2.92
2026-08-06,208.44,78.66,1.78,2.92
2026-08-07,206.67,77.99,1.26,3.03
2026-08-08,205.4,77.51,1.76,3.03
2026-08-09,210.22,79.33,7.85,3.03
2026-08-10,215.41,81.29,8.23,3.03
2026-08-11,219.85,82.96,7.429,2.991
2026-08-12,222.13,83.82,5.65,3.37
2026-08-13,222.01,83.78,3.44,3.57
2026-08-14,220.48,83.2,2.05,3.57
2026-08-15,218.46,82.44,1.54,3.57
2026-08-16,216.05,81.53,1.16,3.57
2026-08-17,213.64,80.62,1.22,3.63
2026-08-18,210.85,79.57,0.85,3.64
2026-08-19,207.93,78.46,0.72,3.64
2026-08-20,208.06,78.51,2.95,2.83
2026-08-21,208.95,78.85,3.19,2.3
2026-08-22,209.33,78.99,2.32,1.94
2026-08-23,208.95,78.85,1.28,1.67
2026-08-24,208.69,78.75,1.06,1.31
2026-08-25,208.69,78.75,1.07,1.07
2026-08-26,208.82,78.8,0.76,0.63
2026-08-27,209.33,78.99,0.96,0.46
2026-08-28,210.09,79.28,1.46,0.7
2026-08-29,209.71,79.14,0.83,1.21
2026-08-30,209.07,78.89,0.67,1.3
2026-08-31,208.95,78.85,1.18,1.3
2026-09-01,208.82,78.8,1.03,1.15
2026-09-02,209.2,78.94,0.97,0.59
2026-09-03,210.22,79.33,1.38,0.37
2026-09-04,211.86,79.95,2.26,0.61
2026-09-05,215.41,81.29,4.02,0.47
2026-09-06,218.84,82.58,3.86,0.44
2026-09-07,220.61,83.25,2.21,0.44
2026-09-08,221.63,83.63,1.45,0.44
2026-09-09,222.39,83.92,1.19,0.43
2026-09-10,223.65,84.4,1.64,0.37
2026-09-11,225.68,85.16,2.39,0.37
2026-09-12,227.71,85.93,2.36,0.33
2026-09-13,229.11,86.46,1.72,0.33
2026-09-14,229.87,86.74,1.15,0.39
2026-09-15,230.5,86.98,1.03,0.4
2026-09-16,230.88,87.12,0.78,0.4
2026-09-17,231.64,87.41,1.13,0.37
2026-09-18,232.28,87.65,1.02,0.39
2026-09-19,233.8,88.23,1.89,0.37
2026-09-20,234.94,88.66,1.46,0.32
2026-09-21,237.09,89.47,2.44,0.29
2026-09-22,239.25,90.28,2.44,0.29
2026-09-23,241.09,90.98,2.19,0.35
2026-09-24,241.92,91.29,1.2,0.37
2026-09-25,242.58,91.54,1.08,0.42
2026-09-26,243.41,91.85,1.26,0.42
2026-09-27,244.58,92.29,1.59,0.42
2026-09-28,245.24,92.54,1.09,0.42
2026-09-29,245.57,92.67,0.84,0.51
2026-09-30,246.24,92.92,1.07,0.41
2026-10-01,246.74,93.11,0.87,0.37
2026-10-02,247.07,93.23,0.75,0.42
2026-10-03,247.4,93.36,0.76,0.42
2026-10-04,247.74,93.49,0.76,0.42
2026-10-05,248.07,93.61,0.76,0.42
2026-10-06,249.57,94.18,1.81,0.31
2026-10-07,250.4,94.49,1.16,0.33
2026-10-08,251.23,94.8,1.21,0.37
2026-10-09,251.56,94.93,0.75,0.42
2026-10-10,251.89,95.05,0.76,0.43
