date,rain_mm,et0_mm,tmax_c,tmin_c
2000-01-01,0.0,3.01,26.98,14.62
2000-01-02,0.0,2.92,27.32,15.8
2000-01-03,0.07,3.02,27.02,16.65
2000-01-04,0.15,2.98,27.75,15.38
2000-01-05,0.0,3.49,28.62,16.18
2000-01-06,0.0,3.58,29.18,15.95
2000-01-07,0.0,3.46,28.62,16.05
2000-01-08,0.0,3.63,28.38,15.98
2000-01-09,0.0,3.66,28.55,15.68
2000-01-10,0.0,3.83,29.02,15.45
2000-01-11,0.0,3.78,29.1,14.7
2000-01-12,0.0,3.79,29.12,14.0
2000-01-13,0.0,3.92,28.98,13.75
2000-01-14,0.0,4.08,29.12,13.62
2000-01-15,0.0,3.86,28.6,13.15
2000-01-16,0.0,3.75,28.43,13.1
2000-01-17,0.0,3.97,28.68,14.05
2000-01-18,0.0,4.12,28.55,14.43
2000-01-19,0.7,3.77,26.62,15.07
2000-01-20,3.48,2.39,23.45,17.45
2000-01-21,0.25,2.55,24.6,15.47
2000-01-22,0.28,3.0,25.35,17.18
2000-01-23,0.05,3.09,25.65,16.27
2000-01-24,0.0,3.49,26.68,13.03
2000-01-25,0.0,3.49,27.23,14.22
2000-01-26,0.0,3.08,26.35,15.97
2000-01-27,0.05,1.84,23.15,16.4
2000-01-28,0.0,2.96,24.12,16.2
2000-01-29,0.0,3.13,24.3,16.1
2000-01-30,0.03,2.53,22.35,14.35
2000-01-31,0.3,2.83,23.55,13.35
2000-02-01,0.0,2.96,23.35,12.72
2000-02-02,0.0,3.63,24.7,12.82
2000-02-03,0.0,3.83,26.2,13.8
2000-02-04,0.0,4.12,27.38,14.58
2000-02-05,0.0,4.06,28.23,15.38
2000-02-06,0.0,4.32,28.43,15.6
2000-02-07,0.0,4.46,28.8,16.6
2000-02-08,0.0,4.35,28.23,15.75
2000-02-09,0.0,4.39,28.1,17.05
2000-02-10,0.0,4.5,28.35,14.35
2000-02-11,0.0,4.53,28.98,14.12
2000-02-12,0.0,4.63,30.43,14.6
2000-02-13,0.0,4.64,31.43,14.95
2000-02-14,0.0,4.62,32.23,16.57
2000-02-15,0.0,4.9,31.98,17.25
2000-02-16,0.43,3.91,29.23,20.7
2000-02-17,0.35,3.48,28.77,19.57
2000-02-18,1.05,3.31,28.55,19.25
2000-02-19,0.1,3.04,27.35,18.85
2000-02-20,0.0,3.58,29.12,19.3
2000-02-21,0.0,3.66,31.0,19.48
2000-02-22,0.0,3.96,31.65,17.9
2000-02-23,0.0,5.21,33.62,18.38
2000-02-24,0.0,5.34,34.1,17.85
2000-02-25,0.0,5.19,32.93,19.2
2000-02-26,18.2,2.75,26.23,19.18
2000-02-27,22.73,1.17,20.93,17.47
2000-02-28,5.6,2.12,24.57,18.02
2000-02-29,6.78,2.22,24.5,18.23
2000-03-01,8.35,1.26,19.57,15.78
2000-03-02,2.9,2.83,25.1,16.65
2000-03-03,0.0,4.27,27.93,17.48
2000-03-04,0.0,5.03,29.95,17.85
2000-03-05,0.0,5.15,30.12,16.03
2000-03-06,0.0,5.09,30.32,16.3
2000-03-07,0.0,5.2,31.1,16.0
2000-03-08,0.0,5.33,31.02,16.6
2000-03-09,0.0,5.61,29.68,17.68
2000-03-10,0.0,5.37,29.55,17.23
2000-03-11,0.0,5.21,30.43,16.12
2000-03-12,0.0,5.37,30.57,16.8
2000-03-13,0.0,5.25,30.93,17.05
2000-03-14,0.0,5.41,31.88,17.57
2000-03-15,0.0,5.55,32.33,18.12
2000-03-16,0.0,5.66,32.45,17.65
2000-03-17,0.0,5.78,32.27,17.68
2000-03-18,0.0,5.81,32.65,17.7
2000-03-19,0.0,5.86,33.47,17.52
2000-03-20,0.0,5.72,33.8,18.0
2000-03-21,0.0,5.92,35.1,18.05
2000-03-22,0.0,5.89,35.45,18.65
2000-03-23,0.0,5.72,35.73,20.65
2000-03-24,8.47,3.42,28.32,20.2
2000-03-25,2.45,3.97,29.8,19.3
2000-03-26,9.78,3.46,27.75,18.6
2000-03-27,0.65,3.67,26.98,18.2
2000-03-28,1.77,4.63,29.88,19.2
2000-03-29,12.65,2.54,26.65,20.2
2000-03-30,5.07,3.56,27.48,19.15
2000-03-31,0.3,4.36,30.57,20.9
2000-04-01,0.0,5.47,32.15,19.43
2000-04-02,0.0,5.9,32.73,19.82
2000-04-03,0.0,6.03,33.5,19.68
2000-04-04,0.0,6.1,33.8,20.35
2000-04-05,0.0,5.96,33.75,20.75
2000-04-06,0.0,5.65,33.0,22.52
2000-04-07,0.0,5.4,32.8,22.98
2000-04-08,0.0,5.64,34.77,23.15
2000-04-09,0.0,5.59,33.95,23.4
2000-04-10,2.17,5.08,33.38,24.1
2000-04-11,8.4,2.48,26.62,21.25
2000-04-12,7.67,2.86,26.25,20.07
2000-04-13,2.38,3.84,28.45,19.65
2000-04-14,1.27,4.22,30.07,20.38
2000-04-15,1.77,4.08,29.23,21.4
2000-04-16,22.12,1.71,25.05,20.88
2000-04-17,10.7,2.34,26.52,20.6
2000-04-18,1.8,2.88,27.98,20.7
2000-04-19,0.85,4.21,30.1,22.32
2000-04-20,0.97,4.47,31.62,21.05
2000-04-21,1.25,4.06,30.52,21.6
2000-04-22,4.8,3.45,28.5,21.75
2000-04-23,0.8,4.08,30.25,21.8
2000-04-24,1.48,4.78,32.12,21.6
2000-04-25,0.55,5.22,32.58,22.12
2000-04-26,2.8,4.33,31.65,22.38
2000-04-27,13.68,2.34,26.82,21.52
2000-04-28,11.85,2.46,28.82,21.35
2000-04-29,4.78,2.97,26.98,20.8
2000-04-30,0.25,3.79,29.48,21.0
2000-05-01,2.1,4.26,30.32,20.85
2000-05-02,0.47,4.86,31.62,21.3
2000-05-03,3.0,4.0,29.48,22.65
2000-05-04,4.55,3.0,27.08,20.23
2000-05-05,7.88,2.67,27.02,20.85
2000-05-06,8.48,3.46,28.82,20.68
2000-05-07,5.0,3.84,29.55,21.38
2000-05-08,1.27,4.16,30.15,22.1
2000-05-09,0.95,4.91,32.67,22.2
2000-05-10,6.88,4.88,33.45,22.75
2000-05-11,9.55,3.72,28.9,22.38
2000-05-12,12.65,3.67,29.93,21.15
2000-05-13,46.6,1.07,24.23,21.27
2000-05-14,6.25,2.43,27.75,20.4
2000-05-15,7.48,1.46,25.27,21.35
2000-05-16,11.68,1.73,24.85,21.32
2000-05-17,27.85,2.21,27.05,21.77
2000-05-18,7.1,3.2,28.55,21.0
2000-05-19,23.15,1.36,24.4,19.02
2000-05-20,29.35,0.77,19.62,18.15
2000-05-21,0.57,2.79,24.48,18.48
2000-05-22,2.83,1.48,23.05,19.25
2000-05-23,2.77,3.44,27.77,19.65
2000-05-24,3.8,3.9,29.07,21.2
2000-05-25,3.58,3.69,28.35,21.23
2000-05-26,8.53,3.17,28.32,21.25
2000-05-27,0.15,2.77,27.48,21.05
2000-05-28,1.88,4.42,30.95,20.8
2000-05-29,3.9,3.8,30.25,22.4
2000-05-30,5.85,3.22,28.75,22.6
2000-05-31,5.05,3.58,28.65,21.95
2000-06-01,5.28,3.02,28.4,22.0
2000-06-02,8.3,3.09,28.12,22.2
2000-06-03,12.5,1.78,26.1,21.12
2000-06-04,19.9,2.51,26.38,20.93
2000-06-05,7.18,2.97,27.1,21.15
2000-06-06,6.2,3.86,28.1,20.57
2000-06-07,1.05,4.63,30.62,21.07
2000-06-08,2.1,3.97,30.3,21.4
2000-06-09,0.82,3.98,30.27,22.1
2000-06-10,11.4,3.41,29.68,22.32
2000-06-11,17.95,1.58,24.98,21.6
2000-06-12,11.28,2.83,28.02,21.48
2000-06-13,0.47,2.13,26.0,21.05
2000-06-14,19.35,2.58,27.07,22.02
2000-06-15,11.65,1.75,25.48,21.45
2000-06-16,10.45,2.35,26.27,21.15
2000-06-17,8.35,2.68,27.1,21.3
2000-06-18,12.05,2.48,26.62,21.73
2000-06-19,2.4,3.86,28.68,21.38
2000-06-20,18.23,2.08,25.35,21.57
2000-06-21,9.28,3.2,28.8,21.32
2000-06-22,0.55,3.63,28.98,21.7
2000-06-23,0.9,3.96,29.2,21.4
2000-06-24,0.08,3.24,27.77,21.73
2000-06-25,7.43,2.76,27.43,22.0
2000-06-26,13.88,2.51,26.57,21.85
2000-06-27,23.32,1.65,24.45,20.68
2000-06-28,13.55,3.47,27.07,20.48
2000-06-29,2.62,3.96,28.95,21.48
2000-06-30,5.58,2.89,26.65,21.23
2000-07-01,3.23,4.4,29.25,21.55
2000-07-02,0.0,5.01,30.52,20.73
2000-07-03,1.57,4.58,31.02,23.45
2000-07-04,0.93,4.51,30.42,22.28
2000-07-05,11.05,2.5,27.07,22.68
2000-07-06,19.7,2.62,26.27,21.57
2000-07-07,8.95,3.26,28.4,21.38
2000-07-08,3.9,2.73,27.15,21.95
2000-07-09,10.05,1.7,24.98,21.43
2000-07-10,11.25,3.04,27.27,21.45
2000-07-11,16.5,1.92,25.5,21.73
2000-07-12,18.4,1.96,25.18,21.35
2000-07-13,17.18,2.26,27.32,21.07
2000-07-14,1.12,4.12,30.43,21.23
2000-07-15,2.73,3.66,29.25,21.75
2000-07-16,10.53,2.86,27.2,21.93
2000-07-17,18.15,1.95,26.43,21.75
2000-07-18,7.25,1.95,25.55,21.25
2000-07-19,5.42,2.75,26.88,21.23
2000-07-20,3.17,1.93,26.08,21.23
2000-07-21,6.65,3.02,27.9,20.55
2000-07-22,18.1,1.88,25.48,21.45
2000-07-23,4.55,2.4,26.0,21.4
2000-07-24,2.7,3.62,28.73,21.3
2000-07-25,11.05,2.59,27.48,21.18
2000-07-26,5.93,2.02,26.38,20.88
2000-07-27,0.0,4.65,29.82,20.32
2000-07-28,4.88,4.33,30.0,21.2
2000-07-29,12.18,2.77,26.18,22.12
2000-07-30,4.17,3.85,29.55,21.5
2000-07-31,5.58,3.75,30.0,21.7
2000-08-01,0.0,4.75,30.4,21.8
2000-08-02,0.15,4.9,30.65,21.4
2000-08-03,2.25,4.0,30.12,22.23
2000-08-04,7.17,1.71,26.12,21.7
2000-08-05,19.8,2.01,25.85,21.62
2000-08-06,15.0,2.03,25.9,20.57
2000-08-07,18.5,2.79,27.23,20.32
2000-08-08,23.45,1.55,23.92,20.82
2000-08-09,42.83,1.57,25.1,20.68
2000-08-10,5.03,2.46,25.82,20.35
2000-08-11,0.12,4.53,30.48,21.0
2000-08-12,0.75,4.38,30.45,21.27
2000-08-13,0.05,4.43,29.68,21.5
2000-08-14,0.0,3.79,29.02,21.75
2000-08-15,2.3,3.75,29.43,20.95
2000-08-16,0.05,3.85,29.0,21.08
2000-08-17,8.72,2.47,27.45,21.5
2000-08-18,7.0,2.71,27.23,20.68
2000-08-19,7.57,2.57,26.85,21.52
2000-08-20,0.75,3.99,29.27,21.38
2000-08-21,2.45,4.44,30.48,21.68
2000-08-22,3.9,4.02,31.02,21.52
2000-08-23,1.35,2.38,27.95,21.82
2000-08-24,1.5,4.35,31.02,21.18
2000-08-25,4.58,3.39,29.05,22.95
2000-08-26,13.07,2.66,27.45,22.0
2000-08-27,6.5,2.97,28.93,22.5
2000-08-28,21.1,2.21,26.23,22.15
2000-08-29,25.4,2.08,25.75,21.18
2000-08-30,0.68,2.71,27.5,21.38
2000-08-31,2.92,2.56,26.95,21.85
2000-09-01,14.95,2.08,25.82,21.27
2000-09-02,11.8,1.58,25.32,21.5
2000-09-03,21.95,1.75,25.82,21.18
2000-09-04,32.85,1.15,23.92,20.98
2000-09-05,12.72,2.38,25.48,20.82
2000-09-06,6.1,2.76,26.95,20.73
2000-09-07,4.05,2.66,27.18,20.52
2000-09-08,10.73,3.04,27.43,21.25
2000-09-09,14.95,2.72,27.07,20.57
2000-09-10,14.72,3.04,28.02,21.35
2000-09-11,21.05,3.0,27.8,20.9
2000-09-12,42.02,0.73,23.57,21.52
2000-09-13,14.75,2.07,25.45,21.38
2000-09-14,20.57,2.24,26.35,20.12
2000-09-15,10.07,3.46,28.73,19.6
2000-09-16,1.17,3.04,26.8,20.5
2000-09-17,0.5,3.73,27.45,18.8
2000-09-18,0.12,3.68,28.5,21.38
2000-09-19,0.2,3.35,27.85,20.35
2000-09-20,7.92,3.2,27.75,20.7
2000-09-21,8.82,2.73,27.38,20.27
2000-09-22,3.57,3.11,27.85,20.38
2000-09-23,2.25,3.68,28.52,20.32
2000-09-24,3.53,3.45,28.3,20.85
2000-09-25,3.38,3.05,27.88,20.75
2000-09-26,0.5,3.93,28.98,20.95
2000-09-27,5.32,3.58,29.33,21.4
2000-09-28,11.8,2.21,25.8,20.77
2000-09-29,9.6,1.21,24.2,20.15
2000-09-30,9.45,1.53,24.65,20.12
2000-10-01,3.4,2.9,27.07,19.67
2000-10-02,3.02,3.5,28.07,19.85
2000-10-03,1.65,3.5,28.82,20.73
2000-10-04,1.35,3.5,29.0,21.05
2000-10-05,6.17,2.09,25.95,20.1
2000-10-06,5.62,3.05,27.4,20.2
2000-10-07,5.45,2.37,25.27,20.0
2000-10-08,1.85,3.53,28.02,20.25
2000-10-09,1.2,3.06,27.3,20.12
2000-10-10,4.03,3.2,27.93,19.9
2000-10-11,2.6,3.26,28.38,19.88
2000-10-12,0.25,3.74,29.23,20.25
2000-10-13,0.85,3.64,29.27,20.62
2000-10-14,1.85,3.67,28.62,21.1
2000-10-15,0.0,3.51,27.52,19.93
2000-10-16,0.0,2.16,24.48,19.0
2000-10-17,0.25,2.85,26.23,18.88
2000-10-18,1.25,3.29,27.07,20.48
2000-10-19,1.55,3.09,28.02,20.8
2000-10-20,1.62,3.0,28.7,20.95
2000-10-21,4.45,2.6,27.05,21.05
2000-10-22,6.08,2.41,26.07,20.12
2000-10-23,8.78,2.19,25.3,20.32
2000-10-24,17.62,0.58,21.77,20.12
2000-10-25,7.53,2.09,25.05,20.15
2000-10-26,1.0,3.21,27.45,18.9
2000-10-27,1.45,3.34,27.32,18.5
2000-10-28,0.45,3.37,27.93,18.73
2000-10-29,4.67,2.84,27.15,20.35
2000-10-30,10.1,1.5,21.98,19.5
2000-10-31,0.53,2.63,24.98,19.18
2000-11-01,0.0,3.98,25.15,15.53
2000-11-02,0.0,3.98,24.4,14.03
2000-11-03,0.0,3.89,24.75,12.75
2000-11-04,0.0,3.85,25.35,10.7
2000-11-05,0.0,3.9,26.2,10.97
2000-11-06,0.0,3.92,27.15,14.67
2000-11-07,0.0,3.77,27.5,14.53
2000-11-08,0.0,3.57,27.73,15.07
2000-11-09,0.0,3.21,27.05,16.2
2000-11-10,0.0,3.15,26.9,17.18
2000-11-11,0.03,3.23,26.9,18.07
2000-11-12,0.0,3.46,26.85,14.85
2000-11-13,0.03,3.12,26.35,15.55
2000-11-14,0.0,3.08,26.73,16.4
2000-11-15,0.03,2.93,27.0,16.95
2000-11-16,0.0,3.41,27.45,16.15
2000-11-17,0.0,3.34,26.43,15.7
2000-11-18,0.1,2.37,26.0,18.5
2000-11-19,0.23,2.66,26.48,18.1
2000-11-20,0.78,2.85,26.7,17.68
2000-11-21,2.98,1.97,23.23,17.55
2000-11-22,0.0,2.97,25.88,16.32
2000-11-23,0.0,3.29,26.73,15.4
2000-11-24,0.0,3.53,27.27,15.35
2000-11-25,0.0,3.5,27.3,15.55
2000-11-26,0.0,2.75,27.32,16.82
2000-11-27,4.08,2.37,27.23,18.95
2000-11-28,1.68,2.56,26.4,17.98
2000-11-29,0.23,2.77,26.92,17.93
2000-11-30,0.15,2.74,26.95,17.93
2000-12-01,1.2,2.77,27.43,18.05
2000-12-02,0.35,2.89,27.7,19.6
2000-12-03,2.33,2.56,26.48,18.6
2000-12-04,5.65,1.6,23.85,19.5
2000-12-05,1.77,2.13,24.95,19.45
2000-12-06,0.08,2.45,25.23,17.05
2000-12-07,0.07,2.6,25.65,15.47
2000-12-08,0.0,2.92,25.82,15.62
2000-12-09,0.0,2.79,26.38,15.9
2000-12-10,0.0,2.99,27.27,16.82
2000-12-11,0.07,2.56,26.05,18.4
2000-12-12,0.53,2.59,26.02,18.48
2000-12-13,0.93,2.63,25.48,16.6
2000-12-14,0.4,2.41,24.88,16.8
2000-12-15,2.45,2.38,24.8,16.57
2000-12-16,0.15,2.76,25.9,16.75
2000-12-17,0.0,2.85,26.1,15.93
2000-12-18,0.0,3.47,27.38,16.05
2000-12-19,0.0,3.49,26.95,15.2
2000-12-20,0.0,3.36,26.85,14.7
2000-12-21,0.0,3.4,27.2,15.07
2000-12-22,0.0,3.32,27.35,15.3
2000-12-23,0.0,3.16,26.6,14.65
2000-12-24,0.0,3.41,25.77,13.88
2000-12-25,0.0,3.22,24.8,13.32
2000-12-26,0.0,3.28,23.98,12.43
2000-12-27,0.0,3.26,24.45,11.9
2000-12-28,0.0,3.31,24.62,12.1
2000-12-29,0.0,3.38,25.5,12.4
2000-12-30,0.0,3.23,26.43,13.18
2000-12-31,0.0,2.71,26.27,15.08
2001-01-01,0.0,3.15,26.27,15.15
2001-01-02,0.0,3.57,26.9,14.7
2001-01-03,0.0,3.43,26.68,13.73
2001-01-04,0.0,3.07,26.02,14.97
2001-01-05,0.03,2.98,25.85,16.55
2001-01-06,0.0,3.42,27.15,16.27
2001-01-07,0.0,3.77,27.62,15.18
2001-01-08,0.0,3.53,27.77,14.32
2001-01-09,0.0,3.68,27.7,14.88
2001-01-10,0.0,3.76,27.3,14.78
2001-01-11,0.0,3.83,27.02,13.5
2001-01-12,0.0,3.84,27.2,13.28
2001-01-13,0.0,3.87,27.68,13.3
2001-01-14,0.5,3.36,27.68,16.18
2001-01-15,4.0,1.9,24.02,18.52
2001-01-16,3.62,1.54,22.0,18.38
2001-01-17,0.45,2.57,24.45,18.1
2001-01-18,0.0,2.98,26.32,16.35
2001-01-19,0.03,3.04,26.57,17.02
2001-01-20,0.0,3.05,27.27,17.32
2001-01-21,0.03,3.3,28.35,18.65
2001-01-22,0.0,4.08,30.02,18.38
2001-01-23,0.0,3.79,29.47,17.5
2001-01-24,0.15,3.65,29.18,18.75
2001-01-25,0.0,4.39,30.4,18.5
2001-01-26,0.0,4.42,29.25,14.32
2001-01-27,0.0,4.5,29.38,13.53
2001-01-28,0.0,4.48,29.08,13.5
2001-01-29,0.0,3.87,27.85,13.4
2001-01-30,0.0,3.77,28.18,16.88
2001-01-31,0.0,4.46,30.0,15.3
2001-02-01,0.0,4.57,30.68,15.25
2001-02-02,0.0,4.58,30.6,14.85
2001-02-03,0.0,4.58,30.77,16.27
2001-02-04,0.0,4.59,30.12,16.32
2001-02-05,0.0,4.53,30.6,16.3
2001-02-06,0.0,4.56,30.9,16.43
2001-02-07,0.0,4.53,30.57,15.12
2001-02-08,0.0,4.72,31.2,16.32
2001-02-09,0.72,4.02,29.3,19.4
2001-02-10,0.9,3.73,28.4,18.95
2001-02-11,0.05,4.23,28.27,17.57
2001-02-12,0.0,4.75,30.23,16.95
2001-02-13,0.0,4.7,31.15,16.48
2001-02-14,0.0,3.54,28.73,17.85
2001-02-15,0.0,3.83,29.08,19.85
2001-02-16,0.0,3.8,28.73,19.98
2001-02-17,0.0,3.68,27.8,19.4
2001-02-18,0.0,4.03,29.9,18.93
2001-02-19,0.0,4.71,31.18,18.88
2001-02-20,0.0,5.21,31.65,18.2
2001-02-21,0.0,5.13,31.52,16.35
2001-02-22,0.0,5.25,31.55,16.77
2001-02-23,0.0,5.12,31.4,16.48
2001-02-24,0.05,4.8,30.02,17.1
2001-02-25,0.0,4.92,31.02,16.5
2001-02-26,0.0,5.32,32.08,16.75
2001-02-27,0.0,5.55,33.0,20.65
2001-02-28,0.0,5.04,33.8,18.1
2001-03-01,0.0,5.27,34.12,18.3
2001-03-02,0.0,5.6,34.33,21.07
2001-03-03,0.0,5.11,34.9,20.25
2001-03-04,1.55,4.21,30.02,21.43
2001-03-05,0.0,5.08,32.55,20.4
2001-03-06,0.0,5.7,33.8,21.32
2001-03-07,0.0,5.63,34.38,18.38
2001-03-08,1.02,5.14,32.88,19.62
2001-03-09,15.32,1.5,23.15,19.68
2001-03-10,4.2,1.46,22.4,19.05
2001-03-11,2.2,2.1,23.48,18.43
2001-03-12,4.75,1.46,22.77,18.02
2001-03-13,7.88,1.18,21.27,18.27
2001-03-14,1.07,2.57,25.3,18.43
2001-03-15,3.4,1.54,23.07,19.7
2001-03-16,0.5,3.7,27.82,18.32
2001-03-17,0.0,4.59,30.52,19.02
2001-03-18,0.05,4.68,31.35,20.75
2001-03-19,2.02,3.71,29.5,21.68
2001-03-20,1.48,3.76,29.57,21.48
2001-03-21,0.33,4.25,30.82,19.12
2001-03-22,0.97,3.69,29.62,19.95
2001-03-23,0.6,4.2,30.8,20.2
2001-03-24,1.23,4.7,31.77,21.05
2001-03-25,0.0,5.02,31.75,20.77
2001-03-26,0.0,5.54,33.35,21.02
2001-03-27,0.0,5.18,32.15,20.1
2001-03-28,0.0,5.29,32.85,19.82
2001-03-29,0.0,4.94,32.4,22.55
2001-03-30,0.0,4.88,32.05,22.95
2001-03-31,0.0,4.78,32.4,22.25
2001-04-01,0.0,5.28,32.75,23.6
2001-04-02,0.0,6.06,35.42,23.25
2001-04-03,0.0,6.45,36.55,22.07
2001-04-04,0.0,6.57,37.55,22.43
2001-04-05,0.0,6.67,37.35,24.6
2001-04-06,0.0,6.41,37.0,24.3
2001-04-07,0.0,6.58,37.5,24.15
2001-04-08,0.0,6.67,37.2,22.48
2001-04-09,0.0,6.57,36.58,22.07
2001-04-10,0.07,6.71,37.8,22.35
2001-04-11,0.0,6.36,37.7,23.73
2001-04-12,1.1,5.64,34.92,24.23
2001-04-13,0.0,5.63,34.42,22.4
2001-04-14,0.0,5.42,35.42,23.35
2001-04-15,0.0,6.01,36.0,24.7
2001-04-16,0.0,6.21,36.8,23.12
2001-04-17,0.0,6.69,37.42,23.43
2001-04-18,0.2,6.52,37.35,23.43
2001-04-19,0.0,6.59,37.7,23.95
2001-04-20,0.0,6.92,37.4,22.85
2001-04-21,0.0,6.4,37.05,22.95
2001-04-22,0.0,6.07,35.9,23.8
2001-04-23,0.0,6.28,36.65,25.02
2001-04-24,0.0,7.1,37.75,23.77
2001-04-25,0.0,6.99,37.5,23.57
2001-04-26,0.0,6.06,35.95,23.93
2001-04-27,0.0,6.66,36.98,23.65
2001-04-28,0.0,6.68,36.92,23.62
2001-04-29,0.0,6.41,36.65,24.25
2001-04-30,0.0,5.72,35.4,24.2
2001-05-01,0.12,5.05,34.42,23.8
2001-05-02,6.6,2.12,26.18,22.38
2001-05-03,14.65,2.12,25.4,20.98
2001-05-04,5.78,3.74,28.98,20.82
2001-05-05,5.0,4.18,30.88,21.7
2001-05-06,8.47,3.77,30.18,21.75
2001-05-07,5.33,2.65,27.0,21.15
2001-05-08,2.02,4.71,30.35,21.62
2001-05-09,2.75,4.42,30.52,21.38
2001-05-10,5.22,4.51,31.35,22.32
2001-05-11,14.25,3.84,28.85,21.18
2001-05-12,7.5,3.16,27.23,21.0
2001-05-13,12.92,2.66,27.22,20.95
2001-05-14,11.22,2.22,25.85,21.05
2001-05-15,3.08,3.83,28.77,21.12
2001-05-16,5.72,2.69,27.7,21.73
2001-05-17,13.05,2.86,26.93,20.93
2001-05-18,16.02,3.05,27.07,21.18
2001-05-19,10.43,2.93,27.62,21.3
2001-05-20,9.55,2.84,27.2,21.35
2001-05-21,11.88,2.43,26.12,21.15
2001-05-22,0.65,4.67,31.45,21.68
2001-05-23,0.5,4.76,31.9,23.0
2001-05-24,0.38,4.34,30.7,22.77
2001-05-25,3.68,3.5,29.0,22.55
2001-05-26,14.6,2.3,27.43,21.48
2001-05-27,16.6,2.61,26.6,21.85
2001-05-28,6.93,2.52,26.35,21.23
2001-05-29,6.25,3.12,27.77,20.77
2001-05-30,16.45,2.72,27.15,20.48
2001-05-31,11.6,1.96,25.68,21.18
2001-06-01,2.45,2.95,27.75,21.38
2001-06-02,2.3,3.0,27.95,20.82
2001-06-03,3.88,4.2,29.98,21.25
2001-06-04,2.33,4.28,30.38,22.75
2001-06-05,0.0,4.7,30.98,22.48
2001-06-06,1.98,4.88,31.32,21.8
2001-06-07,1.52,3.88,30.27,22.48
2001-06-08,11.43,3.66,29.82,22.32
2001-06-09,2.68,3.64,28.95,21.7
2001-06-10,10.53,2.86,27.38,22.15
2001-06-11,4.93,2.2,25.98,20.8
2001-06-12,10.75,1.58,25.02,21.5
2001-06-13,0.5,2.81,27.27,21.88
2001-06-14,5.38,2.37,27.68,21.48
2001-06-15,0.25,3.29,27.93,21.25
2001-06-16,0.78,2.61,27.05,21.9
2001-06-17,0.2,3.43,28.0,21.82
2001-06-18,0.17,4.45,30.25,21.4
2001-06-19,0.28,4.56,30.57,21.45
2001-06-20,0.28,4.09,29.57,20.98
2001-06-21,0.25,3.71,29.4,21.9
2001-06-22,3.2,3.98,29.4,22.6
2001-06-23,5.72,3.33,29.12,22.48
2001-06-24,7.15,2.74,27.88,21.68
2001-06-25,6.28,2.32,27.8,20.95
2001-06-26,1.05,3.81,29.0,22.15
2001-06-27,9.55,3.36,28.73,21.77
2001-06-28,1.98,3.56,28.75,21.7
2001-06-29,11.65,2.39,26.85,21.68
2001-06-30,18.58,1.98,25.5,21.27
2001-07-01,2.88,2.36,26.4,21.4
2001-07-02,1.35,4.41,30.38,21.12
2001-07-03,1.45,4.66,31.1,22.25
2001-07-04,3.08,3.63,30.07,22.57
2001-07-05,13.25,2.87,26.73,21.85
2001-07-06,12.75,2.16,26.12,21.88
2001-07-07,14.6,2.5,28.5,21.88
2001-07-08,2.9,1.84,26.17,21.32
2001-07-09,21.02,1.58,24.48,20.9
2001-07-10,18.73,1.53,23.93,20.75
2001-07-11,5.55,3.26,27.88,20.68
2001-07-12,2.05,3.27,28.7,21.73
2001-07-13,0.05,4.75,30.75,21.0
2001-07-14,1.82,3.63,29.45,22.12
2001-07-15,18.05,2.88,27.38,22.02
2001-07-16,7.12,1.77,25.85,21.65
2001-07-17,8.85,2.13,25.85,21.5
2001-07-18,12.47,2.12,25.77,20.93
2001-07-19,3.12,2.79,26.68,21.15
2001-07-20,4.65,2.51,27.35,21.15
2001-07-21,20.98,2.52,27.25,21.07
2001-07-22,29.8,1.77,26.7,21.15
2001-07-23,25.52,1.29,24.55,20.95
2001-07-24,7.92,2.96,27.52,20.9
2001-07-25,0.93,3.93,29.73,21.93
2001-07-26,7.85,2.0,26.02,22.0
2001-07-27,2.92,2.09,26.18,21.43
2001-07-28,0.0,3.13,28.8,21.18
2001-07-29,4.7,2.56,27.85,21.45
2001-07-30,5.12,3.65,28.82,21.57
2001-07-31,1.05,2.17,26.52,22.12
2001-08-01,1.65,2.71,27.52,21.57
2001-08-02,23.35,1.49,24.82,21.02
2001-08-03,32.1,1.76,26.12,20.55
2001-08-04,14.97,2.04,25.83,21.07
2001-08-05,8.78,3.8,30.1,20.3
2001-08-06,8.9,3.2,29.45,20.85
2001-08-07,14.17,2.77,27.35,21.1
2001-08-08,9.68,2.59,26.57,21.23
2001-08-09,10.4,3.15,27.93,21.55
2001-08-10,0.95,4.1,30.15,21.52
2001-08-11,13.32,3.13,29.2,21.98
2001-08-12,84.25,0.74,23.23,21.9
2001-08-13,19.45,1.88,25.02,20.7
2001-08-14,12.0,2.48,26.57,20.05
2001-08-15,7.62,1.4,24.8,21.05
2001-08-16,1.77,3.79,29.7,21.2
2001-08-17,1.73,3.87,29.1,21.9
2001-08-18,10.03,3.28,28.25,22.02
2001-08-19,2.02,3.6,28.55,21.6
2001-08-20,1.7,3.79,29.82,21.67
2001-08-21,11.12,3.36,28.57,22.73
2001-08-22,4.97,3.59,29.38,22.25
2001-08-23,0.17,4.38,30.4,22.18
2001-08-24,0.28,4.67,31.12,22.32
2001-08-25,1.05,4.05,30.85,22.65
2001-08-26,1.27,3.08,29.75,22.62
2001-08-27,14.22,3.38,29.82,22.43
2001-08-28,15.52,2.27,26.32,21.3
2001-08-29,8.62,2.64,27.95,20.98
2001-08-30,3.85,3.59,29.25,21.32
2001-08-31,5.38,3.34,27.73,22.2
2001-09-01,0.12,3.92,29.52,22.3
2001-09-02,0.45,3.44,29.45,22.27
2001-09-03,12.88,1.96,25.93,22.12
2001-09-04,13.8,1.9,25.65,22.0
2001-09-05,12.97,2.32,26.07,21.0
2001-09-06,19.3,2.86,26.9,21.27
2001-09-07,3.35,3.52,28.43,20.93
2001-09-08,0.57,4.27,30.62,21.52
2001-09-09,14.53,2.08,26.2,21.98
2001-09-10,18.43,2.27,25.7,21.08
2001-09-11,4.28,2.89,26.38,20.52
2001-09-12,4.22,3.43,28.65,21.05
2001-09-13,11.32,2.85,28.12,21.43
2001-09-14,6.08,2.73,26.43,20.82
2001-09-15,5.95,3.06,27.62,20.95
2001-09-16,0.23,3.41,28.82,20.98
2001-09-17,0.1,4.15,29.62,20.4
2001-09-18,0.75,4.18,29.88,21.65
2001-09-19,1.22,4.04,29.88,22.15
2001-09-20,5.8,2.44,27.07,21.65
2001-09-21,9.35,2.58,27.52,20.35
2001-09-22,7.62,3.21,28.12,20.02
2001-09-23,1.12,3.48,27.98,19.75
2001-09-24,3.43,2.98,27.38,20.88
2001-09-25,6.2,2.86,27.38,21.1
2001-09-26,2.02,3.92,28.57,20.27
2001-09-27,4.45,3.26,27.52,20.1
2001-09-28,7.72,2.65,26.8,20.48
2001-09-29,0.9,3.64,28.18,19.05
2001-09-30,0.53,3.73,28.45,20.43
2001-10-01,1.07,3.7,28.57,20.95
2001-10-02,0.75,3.78,28.27,20.68
2001-10-03,1.62,3.04,28.05,21.27
2001-10-04,10.05,2.81,27.3,19.9
2001-10-05,1.45,2.94,26.75,20.32
2001-10-06,1.43,3.69,28.45,20.4
2001-10-07,1.5,3.96,29.6,20.95
2001-10-08,4.38,3.28,27.9,21.28
2001-10-09,7.42,2.26,26.32,21.02
2001-10-10,8.4,1.77,24.93,20.12
2001-10-11,2.83,2.65,26.12,20.0
2001-10-12,1.15,3.54,28.32,19.95
2001-10-13,0.67,3.91,29.0,20.48
2001-10-14,0.48,3.64,29.4,20.58
2001-10-15,1.38,3.82,30.27,21.0
2001-10-16,4.28,3.37,28.55,20.4
2001-10-17,8.38,2.89,27.45,20.2
2001-10-18,3.85,3.53,27.98,20.18
2001-10-19,1.27,3.36,27.8,19.6
2001-10-20,0.33,3.43,27.75,19.2
2001-10-21,0.0,4.06,28.55,18.55
2001-10-22,0.0,4.08,28.52,18.5
2001-10-23,1.52,2.31,25.88,19.55
2001-10-24,4.97,1.12,23.12,19.07
2001-10-25,15.85,0.76,22.93,20.32
2001-10-26,13.83,1.09,23.68,19.62
2001-10-27,10.82,2.4,26.2,19.15
2001-10-28,9.1,2.48,26.43,19.4
2001-10-29,7.88,0.8,21.55,19.62
2001-10-30,2.12,2.11,25.15,19.35
2001-10-31,0.93,3.15,26.98,19.02
2001-11-01,5.3,2.91,27.73,19.85
2001-11-02,4.7,2.11,25.3,20.05
2001-11-03,0.68,3.15,27.8,19.93
2001-11-04,3.07,3.07,28.15,20.35
2001-11-05,5.88,2.73,28.18,19.88
2001-11-06,2.12,2.88,26.43,19.05
2001-11-07,0.82,2.96,26.35,19.3
2001-11-08,2.27,2.94,26.62,18.5
2001-11-09,0.85,2.98,26.5,18.9
2001-11-10,0.17,2.75,25.62,18.4
2001-11-11,0.7,2.21,25.27,18.45
2001-11-12,0.0,3.42,26.88,17.12
2001-11-13,0.0,3.64,27.23,17.5
2001-11-14,0.0,2.27,22.02,17.55
2001-11-15,0.0,3.51,22.18,15.1
2001-11-16,0.0,3.43,22.82,12.6
2001-11-17,0.0,3.46,23.75,12.48
2001-11-18,0.0,3.43,24.23,13.03
2001-11-19,0.0,3.51,22.82,12.43
2001-11-20,0.0,3.59,21.88,10.77
2001-11-21,0.0,3.53,22.35,10.47
2001-11-22,0.0,3.39,22.65,10.8
2001-11-23,0.0,3.34,22.95,11.1
2001-11-24,0.0,3.38,23.75,9.45
2001-11-25,0.0,3.43,24.43,11.82
2001-11-26,0.0,3.22,23.88,12.43
2001-11-27,0.0,2.88,23.05,12.2
2001-11-28,0.0,3.23,22.88,11.55
2001-11-29,0.0,3.26,23.82,9.78
2001-11-30,0.0,3.29,25.07,10.0
2001-12-01,0.0,3.16,26.2,12.65
2001-12-02,0.0,2.82,25.98,14.8
2001-12-03,0.0,2.98,26.9,14.35
2001-12-04,0.0,3.2,27.15,17.25
2001-12-05,0.0,3.29,27.27,17.4
2001-12-06,0.0,2.89,26.95,15.85
2001-12-07,0.42,2.67,26.02,17.8
2001-12-08,0.7,2.58,25.45,17.2
2001-12-09,0.55,2.43,25.73,16.55
2001-12-10,0.0,3.31,26.43,15.0
2001-12-11,0.0,3.43,26.6,14.22
2001-12-12,0.0,3.26,27.23,11.82
2001-12-13,0.25,2.51,26.27,17.18
2001-12-14,2.22,1.81,23.85,17.9
2001-12-15,1.02,2.0,24.12,17.35
2001-12-16,0.0,2.6,26.52,15.93
2001-12-17,0.03,2.7,26.52,18.0
2001-12-18,0.03,2.75,27.05,17.15
2001-12-19,0.1,2.72,26.7,17.5
2001-12-20,0.05,2.67,26.45,17.9
2001-12-21,3.38,2.08,24.4,18.27
2001-12-22,1.5,1.63,19.15,15.2
2001-12-23,0.0,2.44,20.9,13.85
2001-12-24,0.0,3.11,22.73,11.62
2001-12-25,0.0,2.97,23.1,13.18
2001-12-26,0.0,2.85,22.38,14.43
2001-12-27,0.0,2.99,24.27,13.3
2001-12-28,0.0,3.19,24.77,13.1
2001-12-29,0.0,2.61,24.0,14.3
2001-12-30,0.0,2.86,24.48,13.8
2001-12-31,0.0,2.22,23.4,13.68
2002-01-01,0.0,2.86,25.12,15.43
2002-01-02,0.0,2.17,23.57,16.23
2002-01-03,0.0,2.54,22.57,15.03
2002-01-04,0.0,3.31,23.68,12.45
2002-01-05,0.0,3.24,24.1,11.95
2002-01-06,0.0,3.3,25.2,12.75
2002-01-07,0.0,3.05,24.5,12.75
2002-01-08,0.0,3.37,24.55,12.9
2002-01-09,0.0,3.38,24.75,14.08
2002-01-10,0.53,2.8,24.95,14.97
2002-01-11,1.15,2.53,24.25,14.57
2002-01-12,0.9,2.48,23.27,13.35
2002-01-13,0.57,2.77,23.5,12.88
2002-01-14,0.33,2.73,23.7,12.52
2002-01-15,0.0,3.45,26.05,13.02
2002-01-16,0.0,3.62,26.88,12.88
2002-01-17,0.0,3.7,27.45,13.0
2002-01-18,0.0,3.71,28.25,13.1
2002-01-19,0.0,3.72,28.5,13.12
2002-01-20,0.0,3.84,28.55,13.88
2002-01-21,0.0,3.98,28.75,14.97
2002-01-22,0.33,3.29,27.55,17.65
2002-01-23,0.78,2.73,25.48,17.88
2002-01-24,1.4,2.88,26.48,17.35
2002-01-25,0.2,3.45,27.48,17.07
2002-01-26,0.08,3.47,27.73,17.48
2002-01-27,0.0,4.0,28.32,16.38
2002-01-28,0.0,4.06,28.62,15.17
2002-01-29,0.0,3.46,27.2,15.88
2002-01-30,2.0,2.77,24.95,16.07
2002-01-31,0.28,3.19,25.93,15.6
2002-02-01,0.17,3.62,27.4,17.72
2002-02-02,0.05,3.95,28.35,16.4
2002-02-03,0.0,4.21,28.25,17.15
2002-02-04,0.0,4.31,28.45,16.4
2002-02-05,0.0,4.45,28.77,15.23
2002-02-06,0.0,4.57,29.35,14.7
2002-02-07,0.0,4.58,29.77,13.95
2002-02-08,0.0,4.43,30.23,14.07
2002-02-09,0.0,4.39,30.93,15.02
2002-02-10,0.0,4.33,31.7,16.15
2002-02-11,0.0,4.56,30.95,16.6
2002-02-12,0.0,4.07,31.2,19.55
2002-02-13,0.0,4.6,31.62,19.9
2002-02-14,0.0,3.85,30.5,19.5
2002-02-15,7.33,3.24,28.68,19.27
2002-02-16,6.43,2.71,25.5,17.75
2002-02-17,0.15,3.04,26.65,17.0
2002-02-18,0.45,3.62,27.38,17.77
2002-02-19,0.0,3.83,28.4,18.98
2002-02-20,1.05,3.1,26.75,19.27
2002-02-21,0.03,3.86,27.57,16.15
2002-02-22,0.0,4.73,30.07,19.27
2002-02-23,0.0,4.92,30.4,15.5
2002-02-24,0.0,4.99,30.57,15.33
2002-02-25,0.0,5.04,31.25,15.97
2002-02-26,0.0,5.22,31.73,17.75
2002-02-27,0.0,5.34,31.48,16.15
2002-02-28,0.0,5.3,31.67,16.48
2002-03-01,0.0,5.23,31.98,16.7
2002-03-02,0.0,5.33,32.02,17.7
2002-03-03,0.0,5.37,32.2,17.72
2002-03-04,0.0,5.45,32.3,18.95
2002-03-05,0.0,5.43,32.45,17.0
2002-03-06,0.15,5.61,32.52,18.0
2002-03-07,6.17,3.08,26.62,19.75
2002-03-08,10.68,1.64,22.2,17.32
2002-03-09,0.15,3.38,26.25,16.35
2002-03-10,0.0,4.33,29.02,17.18
2002-03-11,0.0,5.02,31.48,19.02
2002-03-12,0.0,5.25,31.8,19.78
2002-03-13,0.0,5.77,33.35,19.38
2002-03-14,0.0,5.88,33.58,17.7
2002-03-15,0.0,5.9,34.3,17.23
2002-03-16,0.0,5.92,34.42,18.07
2002-03-17,0.0,5.71,34.48,18.6
2002-03-18,2.3,4.47,31.52,21.0
2002-03-19,5.12,3.9,29.07,18.68
2002-03-20,0.0,5.26,32.85,20.18
2002-03-21,0.0,5.72,33.88,20.82
2002-03-22,0.0,5.93,33.92,19.35
2002-03-23,0.47,1.88,26.55,19.12
2002-03-24,0.0,5.43,31.23,16.3
2002-03-25,0.0,5.99,32.77,20.27
2002-03-26,0.0,5.94,34.1,18.57
2002-03-27,0.0,6.04,34.92,19.15
2002-03-28,0.0,6.19,35.5,19.92
2002-03-29,0.0,6.13,35.3,20.98
2002-03-30,0.03,5.83,35.27,21.32
2002-03-31,0.15,5.9,34.58,21.52
2002-04-01,0.05,5.56,33.1,21.0
2002-04-02,0.0,6.3,34.58,21.12
2002-04-03,0.0,6.37,34.65,20.43
2002-04-04,0.0,6.42,34.88,19.6
2002-04-05,0.0,6.49,35.73,19.38
2002-04-06,0.0,6.54,36.7,19.15
2002-04-07,0.0,6.6,36.85,20.0
2002-04-08,0.0,6.53,36.4,20.2
2002-04-09,0.0,6.84,35.7,20.35
2002-04-10,0.0,6.41,35.0,20.3
2002-04-11,0.12,5.44,34.38,21.6
2002-04-12,7.62,3.45,28.95,21.43
2002-04-13,15.3,3.3,27.9,19.73
2002-04-14,1.3,4.48,29.9,19.05
2002-04-15,0.0,5.53,32.42,20.57
2002-04-16,0.0,6.16,33.58,20.7
2002-04-17,0.0,6.26,34.2,21.38
2002-04-18,0.0,6.43,34.92,21.68
2002-04-19,0.0,6.76,35.1,23.23
2002-04-20,0.0,6.45,36.0,23.3
2002-04-21,0.0,6.11,36.5,23.57
2002-04-22,1.73,5.87,36.52,23.48
2002-04-23,1.23,5.49,35.25,24.15
2002-04-24,0.47,5.17,34.12,22.93
2002-04-25,0.65,5.36,34.12,22.52
2002-04-26,0.33,5.23,33.2,22.18
2002-04-27,0.65,5.37,34.27,22.43
2002-04-28,0.05,5.54,34.35,22.25
2002-04-29,0.0,5.67,35.98,23.07
2002-04-30,0.1,5.81,35.65,23.27
2002-05-01,1.7,5.24,35.2,22.93
2002-05-02,0.38,5.23,35.15,24.18
2002-05-03,1.22,5.31,35.0,24.8
2002-05-04,1.8,5.15,33.77,21.77
2002-05-05,4.2,4.71,31.9,21.23
2002-05-06,0.65,5.16,33.4,22.18
2002-05-07,1.57,5.14,33.27,23.3
2002-05-08,0.18,5.38,33.73,23.6
2002-05-09,0.07,4.89,33.38,23.32
2002-05-10,3.35,4.33,31.7,22.85
2002-05-11,19.18,2.82,29.23,21.93
2002-05-12,34.5,0.88,23.45,22.25
2002-05-13,19.52,1.14,24.4,21.98
2002-05-14,9.2,2.57,27.55,21.68
2002-05-15,21.07,1.54,25.4,21.05
2002-05-16,28.18,1.78,25.5,20.3
2002-05-17,37.73,1.25,24.43,21.2
2002-05-18,16.7,1.41,24.35,21.35
2002-05-19,30.5,0.8,22.82,21.5
2002-05-20,0.6,3.7,29.5,21.8
2002-05-21,1.08,3.93,30.43,21.77
2002-05-22,0.05,4.92,31.57,21.75
2002-05-23,0.85,5.0,31.3,21.7
2002-05-24,1.18,4.65,31.12,22.2
2002-05-25,9.9,4.07,30.45,22.55
2002-05-26,14.57,3.77,28.82,20.1
2002-05-27,2.0,3.72,28.38,20.45
2002-05-28,3.75,3.73,27.7,21.02
2002-05-29,1.38,3.09,27.27,20.75
2002-05-30,12.82,3.28,27.73,21.6
2002-05-31,0.07,4.89,30.43,21.4
2002-06-01,0.45,5.05,30.75,21.6
2002-06-02,0.3,4.94,30.88,21.45
2002-06-03,3.2,4.42,31.02,22.52
2002-06-04,9.88,2.58,26.25,22.7
2002-06-05,7.42,2.69,26.38,21.1
2002-06-06,9.65,3.19,28.15,21.48
2002-06-07,9.18,2.4,26.9,21.77
2002-06-08,5.5,3.69,30.27,22.23
2002-06-09,14.93,2.48,27.4,22.65
2002-06-10,9.25,3.48,29.33,22.07
2002-06-11,2.9,2.0,26.2,21.88
2002-06-12,5.75,3.1,27.6,21.57
2002-06-13,0.88,3.33,28.15,21.52
2002-06-14,8.82,3.56,29.43,21.88
2002-06-15,8.53,2.47,26.75,21.43
2002-06-16,0.62,3.34,28.82,21.43
2002-06-17,5.05,3.98,29.8,22.45
2002-06-18,6.12,4.04,29.73,22.48
2002-06-19,6.33,3.5,29.2,22.05
2002-06-20,3.98,2.87,27.73,22.35
2002-06-21,5.43,3.25,28.9,22.6
2002-06-22,8.3,2.71,27.8,22.2
2002-06-23,6.2,2.33,26.93,22.22
2002-06-24,5.0,2.69,26.95,21.95
2002-06-25,0.4,3.7,28.82,22.2
2002-06-26,0.72,3.94,29.38,22.35
2002-06-27,5.38,2.77,28.8,22.55
2002-06-28,3.33,3.66,29.0,22.05
2002-06-29,14.43,2.79,27.52,22.32
2002-06-30,2.12,3.47,29.48,21.9
2002-07-01,5.25,2.42,27.95,22.52
2002-07-02,2.97,3.43,28.8,22.23
2002-07-03,4.0,1.92,27.48,22.3
2002-07-04,0.48,3.19,28.43,21.9
2002-07-05,1.48,4.42,31.15,22.45
2002-07-06,8.25,1.81,25.82,22.55
2002-07-07,2.33,1.98,27.73,22.07
2002-07-08,7.9,3.01,28.93,22.23
2002-07-09,4.42,2.24,26.82,21.65
2002-07-10,13.6,3.03,28.05,21.12
2002-07-11,1.4,2.2,27.2,20.95
2002-07-12,9.25,2.87,28.52,22.43
2002-07-13,7.33,2.44,26.15,21.68
2002-07-14,18.75,2.65,27.85,21.23
2002-07-15,12.6,1.82,25.73,21.5
2002-07-16,20.25,2.11,26.68,21.5
2002-07-17,13.23,1.51,24.97,21.68
2002-07-18,5.22,2.54,26.98,21.27
2002-07-19,4.53,1.99,26.1,21.98
2002-07-20,16.68,0.99,23.02,20.95
2002-07-21,17.98,0.94,22.7,20.1
2002-07-22,1.68,1.4,24.15,20.55
2002-07-23,0.75,4.11,29.48,20.62
2002-07-24,1.18,3.46,28.32,21.9
2002-07-25,3.5,3.08,27.65,22.08
2002-07-26,10.57,3.5,28.77,21.95
2002-07-27,7.07,2.75,27.1,21.95
2002-07-28,11.53,2.33,26.7,21.4
2002-07-29,16.55,2.46,26.42,21.78
2002-07-30,11.4,2.81,27.9,21.38
2002-07-31,0.85,3.41,27.95,20.7
2002-08-01,7.32,2.17,26.77,21.77
2002-08-02,12.68,1.56,25.35,21.35
2002-08-03,6.42,3.27,28.43,21.35
2002-08-04,6.3,3.6,28.57,20.68
2002-08-05,3.1,3.28,29.75,22.2
2002-08-06,18.05,1.43,25.02,21.9
2002-08-07,11.88,2.36,25.93,20.88
2002-08-08,8.1,2.18,27.02,21.6
2002-08-09,2.25,2.65,27.12,20.95
2002-08-10,3.38,2.84,27.95,21.4
2002-08-11,15.72,1.76,24.93,21.73
2002-08-12,15.75,2.72,27.85,20.98
2002-08-13,8.1,2.27,26.27,21.25
2002-08-14,6.25,2.67,26.3,21.18
2002-08-15,2.68,2.95,27.3,21.3
2002-08-16,5.5,3.07,27.38,21.52
2002-08-17,0.25,2.47,27.0,20.88
2002-08-18,14.12,1.85,25.85,21.35
2002-08-19,7.92,1.8,27.1,21.35
2002-08-20,1.72,1.54,24.95,21.55
2002-08-21,3.12,1.9,24.98,19.9
2002-08-22,10.6,2.15,25.48,19.93
2002-08-23,36.55,1.3,25.48,20.93
2002-08-24,7.97,2.95,27.02,20.52
2002-08-25,10.53,2.68,26.33,20.65
2002-08-26,7.05,2.49,26.52,21.05
2002-08-27,12.93,2.62,27.15,20.55
2002-08-28,14.0,2.25,26.62,20.77
2002-08-29,10.62,2.27,25.65,20.93
2002-08-30,1.0,4.03,29.9,20.32
2002-08-31,1.45,4.5,30.8,20.93
2002-09-01,3.25,4.19,30.18,21.38
2002-09-02,31.75,2.33,26.93,21.55
2002-09-03,26.03,2.79,26.95,20.95
2002-09-04,24.7,2.13,25.23,21.25
2002-09-05,18.77,2.25,25.98,20.3
2002-09-06,17.75,1.29,24.43,21.12
2002-09-07,51.25,0.92,23.5,20.9
2002-09-08,24.62,1.86,26.5,20.57
2002-09-09,16.4,1.72,25.38,20.48
2002-09-10,15.88,1.8,24.5,20.4
2002-09-11,3.62,4.24,29.3,20.07
2002-09-12,2.27,3.91,29.8,20.68
2002-09-13,7.55,3.09,27.5,21.07
2002-09-14,1.93,3.82,29.38,21.45
2002-09-15,4.88,3.53,29.07,21.32
2002-09-16,2.75,3.65,29.02,20.8
2002-09-17,10.65,2.33,26.38,21.05
2002-09-18,13.62,2.94,27.43,20.45
2002-09-19,23.12,2.71,27.0,20.35
2002-09-20,10.58,2.24,26.32,20.25
2002-09-21,15.85,1.44,24.52,20.15
2002-09-22,0.97,3.46,28.15,20.02
2002-09-23,5.73,3.43,27.52,20.17
2002-09-24,4.62,3.2,27.15,18.85
2002-09-25,2.17,3.46,27.62,20.73
2002-09-26,1.2,3.59,27.9,20.88
2002-09-27,0.78,3.26,28.07,21.32
2002-09-28,1.82,3.55,28.88,21.07
2002-09-29,10.38,2.41,26.95,21.02
2002-09-30,6.77,3.01,27.05,20.38
2002-10-01,6.97,2.78,26.75,20.3
2002-10-02,9.25,2.79,26.77,20.65
2002-10-03,3.25,2.73,27.27,20.82
2002-10-04,7.53,3.17,27.77,21.05
2002-10-05,2.73,3.39,28.85,20.93
2002-10-06,4.65,1.73,24.2,20.45
2002-10-07,0.0,3.79,26.62,18.8
2002-10-08,0.0,4.6,26.55,16.6
2002-10-09,0.0,4.63,26.88,15.47
2002-10-10,0.0,4.58,27.2,15.12
2002-10-11,0.0,4.55,27.77,15.07
2002-10-12,0.0,3.88,28.38,17.73
2002-10-13,0.0,3.69,27.77,18.62
2002-10-14,0.0,4.16,28.68,18.48
2002-10-15,0.0,3.83,29.07,19.68
2002-10-16,0.33,3.41,28.77,20.48
2002-10-17,0.15,3.89,29.48,19.93
2002-10-18,0.4,3.49,29.55,21.68
2002-10-19,1.72,2.9,28.38,21.02
2002-10-20,1.3,3.27,29.43,20.93
2002-10-21,1.05,3.34,29.75,20.65
2002-10-22,5.97,2.71,28.3,21.85
2002-10-23,10.2,2.35,26.88,20.32
2002-10-24,9.65,2.78,26.9,19.85
2002-10-25,2.83,2.97,27.62,19.18
2002-10-26,12.47,2.62,26.6,19.65
2002-10-27,14.23,1.98,25.12,19.02
2002-10-28,7.67,2.09,25.85,20.38
2002-10-29,17.23,2.08,26.12,20.0
2002-10-30,0.8,3.19,27.23,19.45
2002-10-31,0.05,3.44,28.27,18.98
2002-11-01,0.9,3.25,27.98,19.35
2002-11-02,16.25,1.52,24.7,19.32
2002-11-03,12.68,2.41,25.12,18.23
2002-11-04,4.08,1.93,20.02,15.4
2002-11-05,0.0,3.58,23.2,14.07
2002-11-06,0.0,3.69,24.75,14.55
2002-11-07,0.0,3.81,25.93,15.62
2002-11-08,0.0,3.82,26.62,15.65
2002-11-09,0.0,3.75,26.68,16.3
2002-11-10,0.0,3.71,27.12,16.68
2002-11-11,0.0,3.69,27.9,16.7
2002-11-12,0.0,3.56,27.77,16.32
2002-11-13,0.05,3.09,27.35,19.18
2002-11-14,0.0,3.19,28.45,18.82
2002-11-15,0.05,3.12,28.62,19.9
2002-11-16,0.05,3.27,28.8,18.68
2002-11-17,4.55,0.94,23.25,20.23
2002-11-18,5.33,1.53,23.82,20.15
2002-11-19,0.65,2.62,25.85,19.55
2002-11-20,0.12,2.91,26.52,17.52
2002-11-21,0.78,2.73,26.18,16.6
2002-11-22,1.02,2.13,25.32,19.4
2002-11-23,0.42,2.73,26.3,17.9
2002-11-24,0.97,2.44,26.05,19.85
2002-11-25,18.8,0.73,22.32,19.55
2002-11-26,31.15,0.7,21.62,19.15
2002-11-27,18.4,0.82,21.45,18.95
2002-11-28,9.48,1.25,22.52,18.9
2002-11-29,0.0,2.4,25.85,19.1
2002-11-30,0.33,2.41,26.02,20.12
2002-12-01,0.7,2.62,26.25,18.35
2002-12-02,0.0,2.86,27.02,17.62
2002-12-03,0.0,3.08,27.43,16.77
2002-12-04,0.0,3.19,27.68,17.0
2002-12-05,0.05,2.91,27.48,17.45
2002-12-06,0.0,3.0,27.62,18.15
2002-12-07,0.0,3.1,28.25,17.75
2002-12-08,0.2,3.14,28.1,18.73
2002-12-09,10.03,1.35,23.27,18.83
2002-12-10,4.47,1.43,22.35,18.88
2002-12-11,2.4,1.63,22.62,18.2
2002-12-12,2.9,1.19,22.12,18.3
2002-12-13,1.05,1.6,22.85,18.7
2002-12-14,0.4,2.03,23.1,17.05
2002-12-15,0.43,2.25,24.02,16.07
2002-12-16,0.6,2.5,24.55,15.95
2002-12-17,0.4,2.63,24.55,15.78
2002-12-18,0.0,3.18,25.4,14.85
2002-12-19,0.0,3.39,25.27,14.55
2002-12-20,0.0,3.28,25.02,12.9
2002-12-21,0.0,3.21,24.88,12.43
2002-12-22,0.0,3.17,24.23,10.62
2002-12-23,0.0,3.2,23.95,11.95
2002-12-24,0.0,2.71,24.45,13.35
2002-12-25,4.95,2.5,24.52,15.77
2002-12-26,5.35,2.53,24.3,16.25
2002-12-27,0.15,2.39,23.8,14.32
2002-12-28,3.65,1.96,22.1,17.07
2002-12-29,5.97,1.75,22.47,17.25
2002-12-30,2.12,2.41,23.45,16.6
2002-12-31,0.12,2.63,24.8,16.93
2003-01-01,6.2,1.42,23.0,17.27
2003-01-02,11.43,0.51,21.27,17.95
2003-01-03,1.45,2.06,22.9,17.88
2003-01-04,1.25,1.71,22.52,18.07
2003-01-05,16.82,0.48,18.93,17.9
2003-01-06,0.4,2.62,23.45,16.02
2003-01-07,0.53,1.64,21.82,15.9
2003-01-08,1.6,1.64,22.45,17.0
2003-01-09,0.0,2.94,24.62,15.62
2003-01-10,0.0,2.77,24.35,14.93
2003-01-11,0.0,2.43,23.55,17.82
2003-01-12,0.0,2.59,23.7,16.35
2003-01-13,0.0,3.24,24.4,14.0
2003-01-14,0.0,3.29,24.82,12.47
2003-01-15,0.0,2.98,24.98,14.12
2003-01-16,0.0,2.52,23.48,14.2
2003-01-17,0.0,3.19,24.07,12.5
2003-01-18,0.0,3.45,24.9,13.0
2003-01-19,0.0,3.3,24.33,13.18
2003-01-20,0.0,3.62,25.23,14.88
2003-01-21,0.0,3.63,24.8,13.15
2003-01-22,0.0,3.66,24.85,12.97
2003-01-23,0.0,3.61,24.27,14.85
2003-01-24,0.0,3.75,24.27,12.85
2003-01-25,0.0,3.77,25.28,12.75
2003-01-26,0.0,3.83,26.02,12.93
2003-01-27,0.0,3.8,26.2,13.2
2003-01-28,0.0,3.38,25.9,13.1
2003-01-29,0.03,2.81,24.93,17.88
2003-01-30,0.0,3.38,25.48,17.25
2003-01-31,0.0,3.88,26.85,16.38
2003-02-01,0.0,3.83,27.88,14.82
2003-02-02,0.0,3.98,28.55,15.38
2003-02-03,0.0,4.07,28.9,16.05
2003-02-04,0.08,3.33,26.45,17.18
2003-02-05,0.4,2.58,24.05,18.02
2003-02-06,0.78,2.4,23.2,17.8
2003-02-07,0.45,2.95,23.15,15.35
2003-02-08,0.0,3.63,25.57,13.95
2003-02-09,0.0,4.02,26.68,14.47
2003-02-10,0.0,3.86,27.5,14.32
2003-02-11,0.07,3.75,28.48,16.3
2003-02-12,2.65,3.51,28.68,17.7
2003-02-13,0.12,3.73,28.68,16.73
2003-02-14,0.0,3.63,28.23,18.3
2003-02-15,0.0,4.38,29.55,18.05
2003-02-16,0.0,4.42,29.07,15.07
2003-02-17,0.0,4.52,29.55,14.93
2003-02-18,0.0,4.71,29.93,15.6
2003-02-19,0.0,4.61,30.57,15.95
2003-02-20,0.0,4.73,30.75,16.32
2003-02-21,0.0,4.9,30.82,17.75
2003-02-22,0.0,4.67,30.1,17.43
2003-02-23,0.0,4.73,30.3,14.9
2003-02-24,0.0,4.96,30.3,15.1
2003-02-25,0.0,5.03,30.43,15.95
2003-02-26,0.0,5.1,30.73,15.53
2003-02-27,0.0,5.12,30.8,15.95
2003-02-28,0.0,5.06,31.25,15.47
2003-03-01,0.0,5.2,31.52,15.4
2003-03-02,0.0,5.3,31.83,15.75
2003-03-03,0.0,5.42,31.95,15.88
2003-03-04,0.0,5.49,32.3,15.25
2003-03-05,0.0,5.55,32.5,15.62
2003-03-06,0.0,5.49,33.05,17.07
2003-03-07,0.0,5.62,32.7,17.3
2003-03-08,0.05,5.6,32.08,17.05
2003-03-09,0.7,4.46,30.18,19.52
2003-03-10,1.32,3.25,27.65,19.95
2003-03-11,0.33,3.29,28.25,19.02
2003-03-12,1.05,3.97,29.0,19.4
2003-03-13,1.43,3.71,29.57,19.98
2003-03-14,0.9,3.49,27.02,18.93
2003-03-15,0.07,4.33,28.82,17.58
2003-03-16,0.0,5.2,30.95,19.52
2003-03-17,0.0,5.45,32.62,19.25
2003-03-18,0.0,5.62,33.02,19.25
2003-03-19,0.07,5.34,32.52,19.3
2003-03-20,0.0,5.06,32.23,18.95
2003-03-21,0.07,4.96,31.38,20.62
2003-03-22,1.72,4.38,29.73,20.77
2003-03-23,0.25,4.12,29.12,20.7
2003-03-24,1.1,4.45,30.08,19.77
2003-03-25,1.27,4.32,30.55,20.67
2003-03-26,1.68,4.49,30.32,20.05
2003-03-27,0.1,4.99,32.7,21.65
2003-03-28,0.57,4.45,31.88,21.38
2003-03-29,1.73,3.56,28.73,21.2
2003-03-30,2.98,3.78,28.95,20.3
2003-03-31,0.0,5.04,31.4,19.65
2003-04-01,0.0,5.34,32.4,19.88
2003-04-02,0.0,6.25,34.45,19.93
2003-04-03,0.0,6.37,35.3,20.7
2003-04-04,0.0,6.02,36.38,20.98
2003-04-05,0.0,6.0,36.02,23.88
2003-04-06,0.0,5.7,34.58,24.4
2003-04-07,0.0,5.8,35.4,22.6
2003-04-08,0.0,6.53,37.65,21.9
2003-04-09,0.2,6.37,37.25,23.98
2003-04-10,0.17,6.2,36.33,23.9
2003-04-11,0.05,6.04,36.15,23.88
2003-04-12,0.0,6.47,35.9,22.25
2003-04-13,0.0,6.57,36.3,21.73
2003-04-14,0.0,6.19,37.17,21.88
2003-04-15,0.1,5.67,35.65,23.27
2003-04-16,2.02,5.39,34.05,23.7
2003-04-17,1.05,5.35,33.83,23.5
2003-04-18,0.0,6.01,34.9,22.65
2003-04-19,0.28,5.83,34.98,22.98
2003-04-20,0.0,5.76,34.85,22.6
2003-04-21,0.35,5.21,34.77,24.85
2003-04-22,1.68,5.04,34.02,22.98
2003-04-23,1.48,4.96,33.83,22.75
2003-04-24,0.23,5.64,35.12,22.95
2003-04-25,0.2,5.74,35.17,24.07
2003-04-26,0.33,5.39,34.02,23.43
2003-04-27,1.15,5.43,34.65,23.82
2003-04-28,0.75,4.46,32.5,21.7
2003-04-29,3.17,4.84,33.45,21.98
2003-04-30,8.5,3.51,28.93,20.75
2003-05-01,9.43,1.62,25.05,20.48
2003-05-02,1.77,2.93,28.75,19.82
2003-05-03,0.15,5.15,31.2,19.23
2003-05-04,0.05,5.59,33.02,21.7
2003-05-05,0.0,5.99,34.8,22.18
2003-05-06,0.0,6.54,35.67,22.7
2003-05-07,0.0,6.46,37.17,21.52
2003-05-08,0.0,6.2,37.48,23.95
2003-05-09,5.38,4.73,31.9,23.85
2003-05-10,1.92,4.77,32.1,22.55
2003-05-11,1.93,4.09,30.82,23.3
2003-05-12,7.55,3.07,29.12,22.98
2003-05-13,14.8,2.63,27.95,21.7
2003-05-14,7.83,3.35,28.9,22.12
2003-05-15,0.45,4.73,30.82,22.52
2003-05-16,0.15,4.06,30.88,23.45
2003-05-17,6.92,3.9,31.45,22.82
2003-05-18,0.75,3.36,28.18,21.75
2003-05-19,8.82,3.16,28.3,21.98
2003-05-20,5.08,3.18,28.1,21.4
2003-05-21,0.28,4.31,30.7,21.0
2003-05-22,0.97,4.45,31.02,22.77
2003-05-23,1.1,4.18,31.52,23.55
2003-05-24,2.1,3.78,30.6,23.52
2003-05-25,0.0,4.77,31.52,22.27
2003-05-26,0.0,5.58,32.9,22.52
2003-05-27,0.05,5.67,33.08,22.15
2003-05-28,0.05,5.85,34.3,21.88
2003-05-29,1.82,5.48,34.7,22.05
2003-05-30,3.2,3.29,31.73,24.3
2003-05-31,18.58,2.17,25.93,22.75
2003-06-01,14.1,2.54,26.88,22.02
2003-06-02,47.52,1.57,25.85,21.52
2003-06-03,19.88,2.55,27.5,22.0
2003-06-04,22.35,2.21,26.85,21.4
2003-06-05,13.1,3.19,28.2,21.33
2003-06-06,2.42,3.6,28.43,21.12
2003-06-07,5.47,3.22,28.3,22.02
2003-06-08,6.03,4.3,30.23,22.05
2003-06-09,5.08,4.08,30.25,22.18
2003-06-10,5.97,3.82,29.85,21.85
2003-06-11,1.2,2.64,27.1,22.23
2003-06-12,0.53,4.59,30.15,22.3
2003-06-13,1.4,4.71,31.27,22.38
2003-06-14,0.55,5.04,31.65,22.23
2003-06-15,1.05,4.13,31.27,22.57
2003-06-16,4.03,3.01,29.27,23.12
2003-06-17,12.32,2.17,26.1,21.52
2003-06-18,10.47,2.25,27.07,21.3
2003-06-19,8.5,2.97,27.45,21.82
2003-06-20,1.88,3.26,29.0,22.1
2003-06-21,6.72,2.47,28.3,21.95
2003-06-22,1.55,4.28,30.07,21.58
2003-06-23,10.12,2.77,27.57,21.52
2003-06-24,16.8,3.25,27.65,21.35
2003-06-25,0.08,2.65,27.25,21.68
2003-06-26,0.83,3.19,29.38,21.45
2003-06-27,0.78,2.92,27.73,20.98
2003-06-28,6.2,2.21,25.75,21.75
2003-06-29,6.42,2.43,26.32,21.57
2003-06-30,1.85,2.34,25.6,20.93
2003-07-01,8.15,2.39,26.23,21.38
2003-07-02,5.0,3.5,28.25,20.88
2003-07-03,6.12,3.77,28.73,20.0
2003-07-04,5.83,3.53,27.95,20.77
2003-07-05,1.22,4.48,30.45,22.6
2003-07-06,3.15,3.6,29.35,21.45
2003-07-07,8.25,3.17,28.77,22.0
2003-07-08,4.25,3.63,28.35,21.2
2003-07-09,4.22,3.76,28.62,21.18
2003-07-10,2.4,4.0,30.32,21.9
2003-07-11,2.35,2.97,27.77,21.95
2003-07-12,2.95,3.58,30.48,22.38
2003-07-13,15.42,2.32,26.68,21.27
2003-07-14,8.5,3.17,27.15,21.23
2003-07-15,3.73,3.94,28.95,20.85
2003-07-16,1.38,4.01,30.05,21.9
2003-07-17,0.6,4.66,30.02,22.6
2003-07-18,0.07,5.13,31.6,22.55
2003-07-19,0.97,5.36,32.3,22.25
2003-07-20,0.88,4.71,31.55,22.32
2003-07-21,2.5,3.98,30.8,23.12
2003-07-22,3.7,2.75,28.77,22.8
2003-07-23,20.7,1.77,26.7,22.32
2003-07-24,8.88,2.31,26.4,22.15
2003-07-25,7.8,2.61,26.98,21.98
2003-07-26,19.98,1.69,25.23,21.52
2003-07-27,6.25,3.41,27.95,21.4
2003-07-28,0.2,4.22,30.02,21.47
2003-07-29,4.78,2.63,27.52,22.65
2003-07-30,22.8,2.84,26.45,21.3
2003-07-31,5.15,2.56,26.88,20.93
2003-08-01,2.77,3.26,27.85,20.73
2003-08-02,0.6,4.53,30.88,21.48
2003-08-03,12.47,2.76,28.62,22.08
2003-08-04,4.97,3.73,29.93,21.25
2003-08-05,0.33,4.54,30.73,22.6
2003-08-06,0.1,4.58,31.75,22.3
2003-08-07,0.4,3.73,30.55,22.88
2003-08-08,7.83,3.27,30.0,22.73
2003-08-09,2.5,2.34,27.23,22.27
2003-08-10,0.2,3.08,27.57,22.23
2003-08-11,5.5,2.2,28.27,21.85
2003-08-12,12.55,1.04,24.5,21.98
2003-08-13,29.15,2.37,28.1,21.95
2003-08-14,2.17,3.55,28.7,21.5
2003-08-15,0.0,4.62,30.73,21.6
2003-08-16,1.5,3.77,31.25,22.85
2003-08-17,31.92,1.6,25.32,21.98
2003-08-18,10.08,1.59,25.02,21.75
2003-08-19,9.55,3.05,27.82,20.62
2003-08-20,14.7,2.44,25.82,21.4
2003-08-21,17.97,1.8,25.27,21.25
2003-08-22,11.6,1.99,25.48,20.77
2003-08-23,3.12,2.24,27.85,21.05
2003-08-24,19.75,1.15,24.52,21.5
2003-08-25,5.57,3.87,29.02,20.73
2003-08-26,1.6,3.55,28.7,21.57
2003-08-27,2.0,1.95,24.93,21.48
2003-08-28,0.93,2.02,25.65,21.12
2003-08-29,0.57,4.35,30.43,20.02
2003-08-30,0.78,4.34,30.5,21.38
2003-08-31,1.8,3.94,29.57,22.1
2003-09-01,4.45,3.6,28.9,22.2
2003-09-02,5.1,3.81,29.3,21.15
2003-09-03,7.77,2.79,27.2,21.3
2003-09-04,15.45,2.02,25.65,21.38
2003-09-05,14.35,2.2,25.68,21.1
2003-09-06,9.95,2.75,27.05,20.35
2003-09-07,0.7,3.04,27.8,21.35
2003-09-08,8.95,2.92,27.77,21.23
2003-09-09,9.28,2.5,27.82,21.45
2003-09-10,77.88,1.14,24.27,21.57
2003-09-11,20.48,2.18,25.45,21.55
2003-09-12,18.55,2.23,25.62,20.75
2003-09-13,18.27,2.34,26.95,20.57
2003-09-14,15.65,2.35,26.5,21.2
2003-09-15,3.57,3.38,28.52,20.33
2003-09-16,4.38,3.26,28.02,21.32
2003-09-17,2.0,3.8,29.5,21.18
2003-09-18,3.45,4.21,30.15,21.95
2003-09-19,1.0,3.5,29.68,21.85
2003-09-20,5.15,3.1,28.77,21.48
2003-09-21,5.75,2.71,28.1,20.68
2003-09-22,5.33,2.71,27.0,19.93
2003-09-23,7.72,2.41,26.2,20.7
2003-09-24,8.12,2.63,26.88,20.2
2003-09-25,2.05,3.46,27.4,20.05
2003-09-26,0.47,3.7,28.25,20.55
2003-09-27,0.33,3.89,28.9,20.43
2003-09-28,0.03,4.15,29.75,21.1
2003-09-29,2.38,3.76,29.62,21.55
2003-09-30,7.07,3.46,29.65,21.93
2003-10-01,9.47,2.47,26.85,20.38
2003-10-02,2.92,2.99,26.8,19.9
2003-10-03,1.9,3.65,28.93,20.38
2003-10-04,0.77,3.34,27.35,19.98
2003-10-05,0.17,2.74,26.82,21.57
2003-10-06,0.7,3.76,28.12,21.33
2003-10-07,4.53,3.08,27.25,20.82
2003-10-08,1.15,3.42,28.55,20.73
2003-10-09,1.23,3.52,29.43,21.23
2003-10-10,1.45,3.54,29.15,21.98
2003-10-11,0.55,3.67,29.45,22.23
2003-10-12,0.57,3.87,30.15,22.27
2003-10-13,2.75,3.65,30.25,22.5
2003-10-14,17.32,1.76,24.45,20.6
2003-10-15,4.2,2.21,25.82,20.65
2003-10-16,0.12,3.32,27.2,21.55
2003-10-17,0.17,3.47,27.93,19.93
2003-10-18,1.27,3.68,28.38,20.57
2003-10-19,1.82,2.58,26.32,19.93
2003-10-20,1.93,2.71,26.48,19.98
2003-10-21,1.88,3.27,27.32,20.03
2003-10-22,1.1,2.81,27.07,20.73
2003-10-23,4.2,2.71,26.57,19.1
2003-10-24,0.25,3.14,26.82,19.57
2003-10-25,0.05,3.27,26.8,20.02
2003-10-26,0.35,3.43,27.18,19.65
2003-10-27,0.0,3.44,27.77,19.18
2003-10-28,0.1,3.43,27.52,19.02
2003-10-29,0.07,3.42,27.73,19.68
2003-10-30,2.12,2.68,26.48,19.23
2003-10-31,0.5,2.63,26.0,18.98
2003-11-01,0.12,3.17,27.3,18.62
2003-11-02,0.38,2.9,26.95,18.55
2003-11-03,0.5,3.27,28.05,18.9
2003-11-04,1.62,3.09,28.25,18.77
2003-11-05,0.17,3.28,27.8,18.18
2003-11-06,0.05,3.54,28.3,18.02
2003-11-07,0.0,3.87,28.93,18.02
2003-11-08,0.0,3.98,28.85,17.1
2003-11-09,0.0,3.73,28.43,16.15
2003-11-10,0.0,3.89,28.65,16.95
2003-11-11,0.0,3.96,28.12,15.98
2003-11-12,0.0,1.98,25.18,17.15
2003-11-13,0.0,3.31,27.12,16.55
2003-11-14,0.0,3.8,28.77,16.1
2003-11-15,0.0,3.79,29.25,16.15
2003-11-16,0.0,3.58,29.43,17.93
2003-11-17,0.0,3.18,28.88,18.4
2003-11-18,0.0,3.42,29.23,18.52
2003-11-19,0.0,3.91,29.65,17.6
2003-11-20,0.0,3.88,29.32,16.05
2003-11-21,0.0,3.75,28.85,15.65
2003-11-22,0.0,3.48,27.8,16.02
2003-11-23,0.23,2.91,26.57,17.93
2003-11-24,0.0,3.16,27.48,18.15
2003-11-25,0.0,3.65,27.93,16.77
2003-11-26,0.0,3.1,27.25,16.07
2003-11-27,0.05,2.62,26.75,18.0
2003-11-28,0.15,2.38,26.32,19.02
2003-11-29,0.0,2.5,25.0,19.18
2003-11-30,0.0,2.68,25.55,16.45
2003-12-01,0.0,3.41,27.32,15.88
2003-12-02,0.0,2.86,25.88,15.85
2003-12-03,0.0,2.99,25.43,14.7
2003-12-04,0.0,3.4,25.32,13.82
2003-12-05,0.0,3.36,25.8,13.97
2003-12-06,0.0,3.46,26.12,13.73
2003-12-07,0.05,2.5,24.68,14.2
2003-12-08,0.97,1.98,23.68,15.88
2003-12-09,0.77,2.42,24.75,15.5
2003-12-10,0.05,2.39,25.1,15.77
2003-12-11,0.07,2.61,26.43,16.1
2003-12-12,0.15,2.46,25.65,16.7
2003-12-13,0.05,2.48,24.55,15.55
2003-12-14,0.0,3.21,25.02,13.53
2003-12-15,0.0,3.28,24.98,13.03
2003-12-16,0.0,3.31,24.7,13.5
2003-12-17,0.0,3.26,24.48,13.55
2003-12-18,0.0,3.27,25.98,13.52
2003-12-19,0.0,2.47,23.4,13.62
2003-12-20,0.0,3.14,23.07,12.72
2003-12-21,0.0,3.08,23.45,13.03
2003-12-22,0.0,3.14,24.77,13.03
2003-12-23,0.0,3.28,26.9,14.2
2003-12-24,0.0,3.46,28.18,15.2
2003-12-25,0.0,3.25,28.48,15.12
2003-12-26,0.0,2.97,26.93,15.88
2003-12-27,0.05,1.59,23.88,17.77
2003-12-28,0.0,3.21,25.07,15.18
2003-12-29,0.0,3.38,25.25,14.18
2003-12-30,0.0,3.2,26.2,13.72
2003-12-31,0.0,3.43,26.3,14.03
2004-01-01,0.0,3.52,26.88,14.55
2004-01-02,0.0,3.55,26.85,14.12
2004-01-03,0.0,3.56,27.12,14.45
2004-01-04,0.0,3.49,27.1,14.0
2004-01-05,0.0,3.43,27.5,14.15
2004-01-06,0.0,3.41,27.5,14.8
2004-01-07,0.0,3.52,27.75,14.47
2004-01-08,0.0,3.57,27.5,14.93
2004-01-09,0.0,3.48,27.1,15.4
2004-01-10,0.0,3.32,27.68,15.55
2004-01-11,0.0,3.34,27.38,15.72
2004-01-12,2.5,2.84,26.38,16.1
2004-01-13,0.3,2.51,24.12,14.4
2004-01-14,1.2,2.92,25.27,17.05
2004-01-15,0.0,3.75,27.38,13.6
2004-01-16,0.0,3.9,27.43,12.75
2004-01-17,0.0,3.91,27.32,13.4
2004-01-18,0.0,3.97,27.6,13.65
2004-01-19,0.0,4.04,27.77,13.1
2004-01-20,0.0,4.08,27.82,12.68
2004-01-21,0.0,4.04,27.82,12.97
2004-01-22,0.4,3.29,26.5,15.72
2004-01-23,0.0,3.9,27.23,16.02
2004-01-24,0.05,2.96,25.77,14.88
2004-01-25,0.0,3.09,24.2,17.05
2004-01-26,0.0,3.02,25.55,16.27
2004-01-27,0.0,3.45,26.45,17.12
2004-01-28,1.68,2.99,26.88,17.35
2004-01-29,0.0,4.11,28.62,14.38
2004-01-30,0.0,4.28,29.3,13.62
2004-01-31,0.0,4.4,30.18,14.95
2004-02-01,0.0,4.55,30.93,15.32
2004-02-02,0.0,4.62,31.05,14.85
2004-02-03,0.0,4.24,30.77,16.02
2004-02-04,0.0,4.56,31.07,18.52
2004-02-05,0.0,4.66,30.32,15.85
2004-02-06,2.0,3.06,27.32,18.88
2004-02-07,1.3,2.17,23.75,18.85
2004-02-08,1.82,2.21,22.77,17.6
2004-02-09,0.7,1.5,21.85,16.88
2004-02-10,0.0,2.94,25.05,15.1
2004-02-11,0.0,3.91,27.52,16.62
2004-02-12,0.0,4.05,28.7,17.15
2004-02-13,0.03,2.9,24.7,16.07
2004-02-14,0.0,3.56,26.62,14.32
2004-02-15,0.0,3.75,27.68,16.35
2004-02-16,0.0,3.86,28.2,17.98
2004-02-17,0.0,3.56,28.25,19.27
2004-02-18,0.0,4.13,28.85,17.65
2004-02-19,0.0,4.11,28.88,17.8
2004-02-20,0.0,4.84,30.02,17.38
2004-02-21,0.0,4.89,30.43,15.57
2004-02-22,0.0,4.96,30.7,16.65
2004-02-23,0.0,5.34,30.85,16.27
2004-02-24,0.0,5.25,30.93,14.97
2004-02-25,0.0,5.15,31.1,14.57
2004-02-26,0.0,5.15,31.38,15.5
2004-02-27,0.0,5.38,31.1,16.8
2004-02-28,0.0,5.44,31.1,16.07
2004-02-29,0.0,5.35,31.0,14.0
2004-03-01,0.0,5.34,32.02,14.68
2004-03-02,0.0,5.51,32.9,15.2
2004-03-03,0.0,5.54,33.45,16.8
2004-03-04,0.0,5.86,32.92,19.75
2004-03-05,0.0,5.81,32.12,19.57
2004-03-06,0.0,5.84,32.52,18.98
2004-03-07,0.2,4.07,29.3,20.1
2004-03-08,0.0,4.37,28.55,19.23
2004-03-09,0.0,4.9,30.6,16.18
2004-03-10,0.0,5.66,33.62,19.45
2004-03-11,0.0,5.61,34.6,20.7
2004-03-12,0.0,5.41,34.8,20.18
2004-03-13,0.0,5.79,35.88,20.77
2004-03-14,0.0,5.71,36.4,21.75
2004-03-15,0.05,5.19,34.2,24.9
2004-03-16,1.0,5.1,33.85,22.3
2004-03-17,0.05,5.63,33.95,21.95
2004-03-18,0.0,6.12,35.0,19.93
2004-03-19,0.0,6.33,35.45,21.98
2004-03-20,0.0,6.42,35.2,22.4
2004-03-21,0.0,6.23,35.3,19.57
2004-03-22,0.0,6.58,35.38,20.23
2004-03-23,0.0,6.63,35.77,19.62
2004-03-24,0.0,6.68,36.62,19.35
2004-03-25,0.0,6.51,36.67,19.65
2004-03-26,0.0,6.09,36.33,20.4
2004-03-27,0.0,5.49,35.6,22.3
2004-03-28,0.0,6.54,36.6,22.75
2004-03-29,0.0,6.52,36.48,21.05
2004-03-30,0.0,6.2,36.55,21.93
2004-03-31,0.0,6.44,36.8,22.25
2004-04-01,0.6,5.37,35.38,21.73
2004-04-02,0.07,5.28,33.67,20.43
2004-04-03,0.03,4.93,33.55,21.52
2004-04-04,0.1,5.0,33.0,22.35
2004-04-05,0.15,5.08,33.0,21.65
2004-04-06,0.0,5.52,34.33,22.35
2004-04-07,0.03,5.3,34.95,22.4
2004-04-08,2.8,4.27,34.02,22.93
2004-04-09,4.67,3.74,29.0,20.32
2004-04-10,0.0,5.31,33.3,20.88
2004-04-11,0.0,5.87,35.35,21.57
2004-04-12,0.0,5.77,34.85,22.32
2004-04-13,0.0,6.41,36.85,23.1
2004-04-14,0.0,6.32,36.38,23.18
2004-04-15,0.0,6.41,36.5,23.93
2004-04-16,0.0,6.6,36.1,23.2
2004-04-17,0.0,6.31,35.27,23.68
2004-04-18,0.0,6.42,37.0,23.93
2004-04-19,0.85,5.2,34.48,23.57
2004-04-20,0.1,5.62,35.62,22.0
2004-04-21,0.0,5.99,36.52,23.73
2004-04-22,0.03,6.3,36.8,23.27
2004-04-23,0.0,6.42,37.2,23.65
2004-04-24,0.03,6.34,37.25,24.02
2004-04-25,0.0,6.35,36.9,24.82
2004-04-26,0.0,6.04,38.1,25.77
2004-04-27,0.0,6.22,37.38,25.25
2004-04-28,6.62,4.33,32.52,23.77
2004-04-29,2.2,3.88,31.43,21.12
2004-04-30,0.15,5.21,34.62,22.82
2004-05-01,0.47,5.21,35.35,25.07
2004-05-02,1.73,4.85,34.73,24.38
2004-05-03,4.3,4.92,34.85,23.07
2004-05-04,2.92,4.39,32.52,21.85
2004-05-05,13.65,3.02,31.27,22.57
2004-05-06,19.02,2.29,26.5,21.82
2004-05-07,5.47,3.35,29.07,21.62
2004-05-08,0.25,4.94,31.85,21.85
2004-05-09,0.0,5.69,34.1,22.3
2004-05-10,0.05,4.92,32.75,22.9
2004-05-11,1.32,4.43,32.12,23.95
2004-05-12,1.6,4.55,31.95,23.28
2004-05-13,1.48,4.65,32.73,23.6
2004-05-14,6.88,3.13,29.05,23.68
2004-05-15,9.97,2.9,29.32,22.57
2004-05-16,9.57,3.24,29.38,21.95
2004-05-17,27.38,2.52,27.48,21.82
2004-05-18,18.48,3.11,28.0,21.57
2004-05-19,15.43,2.81,27.65,21.77
2004-05-20,10.6,2.66,27.77,22.02
2004-05-21,4.83,3.41,30.6,21.18
2004-05-22,1.07,4.27,29.57,21.27
2004-05-23,0.3,4.92,31.62,21.6
2004-05-24,0.25,4.84,31.45,22.45
2004-05-25,1.6,3.81,30.5,23.25
2004-05-26,7.9,3.31,29.65,22.65
2004-05-27,7.47,2.95,27.6,21.7
2004-05-28,13.3,2.56,25.95,21.1
2004-05-29,5.28,2.65,27.4,20.88
2004-05-30,9.62,2.33,26.68,21.42
2004-05-31,9.78,2.6,28.98,20.98
2004-06-01,29.52,1.13,23.48,21.2
2004-06-02,2.23,3.3,28.38,20.6
2004-06-03,0.03,4.54,29.93,21.75
2004-06-04,0.2,4.98,31.0,22.35
2004-06-05,0.5,4.81,31.6,23.02
2004-06-06,4.5,3.47,29.62,22.35
2004-06-07,7.42,3.26,28.95,22.45
2004-06-08,5.15,2.73,27.88,21.6
2004-06-09,11.45,2.89,27.85,21.35
2004-06-10,5.48,3.24,28.02,21.25
2004-06-11,18.98,2.47,26.57,21.52
2004-06-12,25.95,1.49,25.45,20.98
2004-06-13,0.28,4.86,30.73,20.5
2004-06-14,2.62,4.29,31.78,21.98
2004-06-15,10.15,3.32,29.1,21.65
2004-06-16,12.93,2.96,27.23,22.35
2004-06-17,31.95,0.76,22.9,21.57
2004-06-18,12.28,2.85,27.52,21.2
2004-06-19,3.4,2.58,26.77,21.07
2004-06-20,6.6,2.76,26.98,21.9
2004-06-21,6.9,2.97,27.55,21.65
2004-06-22,1.3,4.21,29.82,20.8
2004-06-23,0.38,3.05,27.6,21.6
2004-06-24,0.62,4.04,29.52,22.2
2004-06-25,0.55,3.97,29.4,22.1
2004-06-26,2.9,4.16,30.85,21.88
2004-06-27,13.6,2.39,27.0,22.45
2004-06-28,14.6,1.71,24.82,21.45
2004-06-29,6.27,3.12,28.3,21.45
2004-06-30,1.5,4.37,30.28,21.2
2004-07-01,4.25,3.83,30.82,22.2
2004-07-02,3.42,4.3,30.1,22.6
2004-07-03,0.83,4.72,30.93,22.77
2004-07-04,0.03,4.19,30.85,22.48
2004-07-05,0.7,3.11,28.75,22.68
2004-07-06,16.98,2.25,26.07,21.98
2004-07-07,3.75,2.66,27.1,21.35
2004-07-08,5.85,3.88,29.65,21.48
2004-07-09,8.32,2.91,28.57,21.65
2004-07-10,13.0,1.64,24.4,20.68
2004-07-11,7.7,1.91,25.12,20.62
2004-07-12,12.28,1.57,24.95,20.4
2004-07-13,18.23,2.11,25.07,20.4
2004-07-14,15.0,1.97,25.43,20.7
2004-07-15,3.7,2.81,27.12,20.57
2004-07-16,0.45,3.51,28.15,21.57
2004-07-17,0.15,4.32,29.98,21.45
2004-07-18,0.05,4.17,29.62,21.23
2004-07-19,0.05,4.46,30.67,21.2
2004-07-20,1.65,4.18,30.05,21.7
2004-07-21,10.62,3.01,28.2,21.88
2004-07-22,26.98,1.56,25.02,21.45
2004-07-23,11.25,2.14,25.65,21.12
2004-07-24,17.57,1.61,25.82,20.73
2004-07-25,17.5,1.82,24.93,20.55
2004-07-26,21.3,2.3,28.07,20.83
2004-07-27,10.3,2.76,26.1,21.3
2004-07-28,9.62,3.41,27.3,20.9
2004-07-29,1.1,4.07,29.77,20.93
2004-07-30,9.88,3.59,28.67,21.9
2004-07-31,10.68,2.86,26.95,21.25
2004-08-01,10.53,2.07,25.43,21.23
2004-08-02,8.78,2.07,25.08,20.77
2004-08-03,6.47,2.56,25.62,20.57
2004-08-04,8.43,1.66,24.85,21.18
2004-08-05,3.38,2.29,26.45,20.62
2004-08-06,4.85,2.74,27.62,21.1
2004-08-07,5.15,3.41,28.93,21.68
2004-08-08,13.43,3.01,27.3,21.5
2004-08-09,14.95,1.59,25.8,20.95
2004-08-10,18.85,1.5,24.95,21.15
2004-08-11,13.2,2.5,26.1,21.07
2004-08-12,6.92,3.08,27.88,20.9
2004-08-13,1.38,3.8,29.32,20.85
2004-08-14,0.5,3.04,27.95,21.02
2004-08-15,12.15,2.37,26.38,21.38
2004-08-16,14.6,2.67,26.68,21.12
2004-08-17,14.18,2.72,27.5,21.2
2004-08-18,15.4,2.03,25.75,21.38
2004-08-19,16.75,2.2,26.25,21.4
2004-08-20,5.75,3.23,27.95,21.12
2004-08-21,2.12,3.77,29.43,21.95
2004-08-22,1.22,3.82,29.6,23.1
2004-08-23,2.42,3.74,29.73,22.95
2004-08-24,1.38,3.63,29.95,22.9
2004-08-25,0.05,3.86,29.73,22.52
2004-08-26,1.6,3.81,29.75,22.0
2004-08-27,0.25,3.09,29.62,21.43
2004-08-28,4.15,3.67,29.23,22.48
2004-08-29,6.6,2.2,27.23,22.3
2004-08-30,9.57,2.25,27.62,21.95
2004-08-31,5.08,3.2,28.62,21.7
2004-09-01,4.52,2.98,28.62,21.8
2004-09-02,1.35,3.62,29.62,22.43
2004-09-03,4.7,2.99,28.07,22.0
2004-09-04,7.67,2.62,26.82,21.82
2004-09-05,1.12,3.61,29.52,21.68
2004-09-06,0.07,3.93,29.4,21.43
2004-09-07,2.98,2.91,28.02,21.82
2004-09-08,10.25,2.7,27.27,21.52
2004-09-09,49.45,1.43,26.93,21.5
2004-09-10,42.73,0.85,24.27,21.27
2004-09-11,5.88,1.71,24.52,20.2
2004-09-12,14.53,2.1,25.48,20.05
2004-09-13,10.18,2.79,27.18,20.23
2004-09-14,17.43,1.96,25.7,20.73
2004-09-15,16.95,1.72,25.35,20.45
2004-09-16,13.7,1.78,24.33,20.05
2004-09-17,12.03,1.8,25.27,20.4
2004-09-18,7.67,3.13,27.1,20.45
2004-09-19,5.35,3.26,27.15,20.57
2004-09-20,8.68,3.41,28.85,20.73
2004-09-21,25.0,1.21,23.2,20.85
2004-09-22,3.55,3.16,26.6,19.82
2004-09-23,0.88,4.04,29.18,20.0
2004-09-24,1.97,3.69,28.93,21.23
2004-09-25,0.65,4.13,29.4,20.9
2004-09-26,0.47,3.99,29.1,20.73
2004-09-27,2.55,3.76,29.18,20.52
2004-09-28,2.98,3.16,28.02,20.75
2004-09-29,0.65,3.38,27.75,20.93
2004-09-30,0.0,4.67,29.85,19.57
2004-10-01,0.0,4.38,29.8,18.23
2004-10-02,2.23,3.27,27.27,20.3
2004-10-03,1.38,3.38,27.05,19.9
2004-10-04,0.6,3.28,28.02,20.27
2004-10-05,2.35,3.5,27.98,20.98
2004-10-06,1.7,3.25,27.75,19.45
2004-10-07,1.25,3.35,27.35,20.3
2004-10-08,1.58,3.59,28.38,20.45
2004-10-09,1.15,3.41,28.43,22.02
2004-10-10,4.72,2.83,27.07,21.75
2004-10-11,13.78,2.47,26.98,19.75
2004-10-12,6.38,1.86,25.3,19.27
2004-10-13,2.15,3.17,27.07,19.45
2004-10-14,6.05,2.88,27.23,19.93
2004-10-15,3.95,2.71,25.98,19.73
2004-10-16,1.27,3.31,27.6,19.93
2004-10-17,0.68,3.35,28.38,19.98
2004-10-18,2.57,3.07,27.57,19.68
2004-10-19,0.93,3.04,26.82,19.8
2004-10-20,0.15,3.7,28.25,19.23
2004-10-21,0.23,3.61,28.15,18.45
2004-10-22,3.35,2.35,25.62,19.6
2004-10-23,0.1,3.34,26.65,17.88
2004-10-24,0.12,3.75,27.05,17.27
2004-10-25,0.0,3.94,27.4,17.45
2004-10-26,0.0,4.05,26.95,17.25
2004-10-27,0.0,3.74,26.07,15.88
2004-10-28,0.03,3.26,26.55,16.42
2004-10-29,0.0,3.1,27.15,17.3
2004-10-30,0.0,3.91,28.77,17.18
2004-10-31,0.0,3.83,29.35,16.35
2004-11-01,0.03,3.51,28.35,17.68
2004-11-02,0.0,3.16,27.65,18.12
2004-11-03,0.0,3.38,27.93,16.43
2004-11-04,0.0,3.4,28.32,16.95
2004-11-05,0.0,3.75,29.1,16.0
2004-11-06,0.0,3.58,28.7,18.07
2004-11-07,0.15,3.51,28.68,17.5
2004-11-08,0.0,3.65,29.02,18.88
2004-11-09,0.0,3.62,29.2,18.55
2004-11-10,0.0,3.83,30.0,19.32
2004-11-11,0.0,3.93,30.45,18.12
2004-11-12,0.0,3.79,30.62,17.5
2004-11-13,0.0,3.69,30.07,19.8
2004-11-14,0.0,3.91,30.55,19.65
2004-11-15,0.03,3.49,29.65,18.73
2004-11-16,0.28,3.42,29.18,20.48
2004-11-17,4.58,1.64,25.6,19.32
2004-11-18,1.58,2.06,23.52,18.48
2004-11-19,0.1,2.53,25.32,16.45
2004-11-20,0.55,2.54,25.2,16.35
2004-11-21,0.42,2.56,25.0,17.35
2004-11-22,1.18,2.24,24.0,17.62
2004-11-23,0.0,2.58,24.88,16.57
2004-11-24,0.0,3.67,26.43,14.45
2004-11-25,0.0,3.52,26.8,15.3
2004-11-26,4.97,1.71,22.85,16.75
2004-11-27,1.85,1.56,21.78,15.47
2004-11-28,0.03,2.1,24.15,15.62
2004-11-29,2.33,1.94,23.77,17.8
2004-11-30,4.2,1.79,22.9,16.95
2004-12-01,0.0,2.34,24.18,15.43
2004-12-02,0.0,3.25,25.35,13.93
2004-12-03,0.0,3.46,25.75,13.75
2004-12-04,0.0,3.58,25.32,13.6
2004-12-05,0.0,3.27,25.02,13.32
2004-12-06,0.0,2.5,24.48,14.32
2004-12-07,0.0,3.01,23.02,13.85
2004-12-08,0.0,3.29,22.07,11.1
2004-12-09,0.0,3.25,23.25,11.47
2004-12-10,0.0,3.28,23.38,11.38
2004-12-11,0.0,3.37,23.95,11.5
2004-12-12,0.0,3.4,24.1,11.15
2004-12-13,0.0,3.19,23.65,11.5
2004-12-14,0.0,3.21,24.45,11.95
2004-12-15,0.0,3.25,24.35,12.18
2004-12-16,0.0,3.11,24.2,11.85
2004-12-17,0.0,3.19,25.32,12.52
2004-12-18,0.0,3.31,25.38,12.32
2004-12-19,0.0,3.29,24.85,12.27
2004-12-20,0.0,3.36,25.12,11.6
2004-12-21,0.0,3.38,25.3,12.47
2004-12-22,0.0,3.25,25.48,12.82
2004-12-23,0.0,3.26,25.68,12.88
2004-12-24,0.0,3.33,26.23,13.07
2004-12-25,0.0,3.32,26.95,13.62
2004-12-26,0.0,3.49,26.6,12.15
2004-12-27,0.0,3.44,26.68,15.3
2004-12-28,0.0,3.38,26.48,14.0
2004-12-29,0.0,3.58,26.38,16.07
2004-12-30,0.0,3.6,26.45,15.65
2004-12-31,0.0,2.88,25.48,14.05
2005-01-01,0.0,3.18,23.52,13.62
2005-01-02,0.0,3.5,25.05,14.82
2005-01-03,0.0,3.44,27.12,13.97
2005-01-04,0.0,3.49,27.1,13.65
2005-01-05,0.0,3.4,26.8,11.75
2005-01-06,0.0,3.47,26.57,13.1
2005-01-07,0.0,3.46,26.77,14.97
2005-01-08,0.0,3.22,26.4,15.85
2005-01-09,0.0,3.12,25.75,17.77
2005-01-10,0.23,3.46,26.48,17.35
2005-01-11,0.03,2.79,25.07,16.48
2005-01-12,0.0,3.7,27.18,15.55
2005-01-13,0.0,3.84,26.9,13.8
2005-01-14,0.0,3.91,26.45,13.4
2005-01-15,0.17,2.85,24.75,14.72
2005-01-16,0.05,2.26,23.02,15.47
2005-01-17,0.0,3.69,26.32,14.52
2005-01-18,0.0,3.72,27.2,14.9
2005-01-19,0.05,3.33,27.2,16.02
2005-01-20,0.03,3.42,27.77,17.52
2005-01-21,1.6,3.23,28.07,17.65
2005-01-22,0.1,3.59,28.65,15.88
2005-01-23,0.0,3.87,29.38,17.38
2005-01-24,0.0,3.99,29.5,17.4
2005-01-25,0.0,4.25,28.95,15.15
2005-01-26,0.0,4.15,29.15,13.95
2005-01-27,0.0,4.08,29.88,14.45
2005-01-28,0.0,4.05,30.23,14.85
2005-01-29,0.0,4.12,30.85,15.1
2005-01-30,0.0,4.16,31.55,15.82
2005-01-31,0.0,4.25,31.8,16.53
2005-02-01,0.0,4.53,32.1,17.1
2005-02-02,0.0,4.46,31.52,17.38
2005-02-03,0.0,4.37,31.02,17.7
2005-02-04,0.0,4.43,31.18,17.1
2005-02-05,0.45,4.07,31.0,17.3
2005-02-06,0.0,4.01,30.02,18.15
2005-02-07,0.0,4.48,31.23,16.75
2005-02-08,0.0,4.58,31.45,15.7
2005-02-09,0.0,4.76,31.88,16.35
2005-02-10,0.0,4.65,32.0,15.43
2005-02-11,0.0,4.71,31.2,16.2
2005-02-12,0.0,4.68,31.32,20.38
2005-02-13,0.0,5.05,31.25,18.55
2005-02-14,0.0,5.35,31.2,16.52
2005-02-15,0.0,5.25,31.12,18.07
2005-02-16,0.0,5.17,32.1,16.52
2005-02-17,0.0,5.35,32.85,16.62
2005-02-18,0.0,5.13,33.52,15.77
2005-02-19,0.0,5.14,34.17,16.75
2005-02-20,0.0,5.39,33.48,17.2
2005-02-21,0.0,5.35,32.52,19.23
2005-02-22,0.0,5.3,32.83,19.07
2005-02-23,0.0,5.52,33.0,16.32
2005-02-24,0.0,5.49,32.48,15.18
2005-02-25,0.0,5.38,32.6,15.75
2005-02-26,0.0,5.45,33.3,16.62
2005-02-27,0.0,5.28,33.05,16.32
2005-02-28,0.0,5.48,33.23,17.28
2005-03-01,0.0,5.58,32.58,18.18
2005-03-02,0.0,5.59,32.45,19.62
2005-03-03,0.0,5.52,33.3,17.6
2005-03-04,0.0,3.5,28.45,17.38
2005-03-05,0.0,2.54,19.8,13.43
2005-03-06,0.0,4.58,26.2,12.0
2005-03-07,0.0,4.54,28.73,16.65
2005-03-08,0.0,4.93,31.12,18.95
2005-03-09,0.0,5.47,34.0,19.2
2005-03-10,0.0,5.78,34.62,18.73
2005-03-11,0.0,5.74,35.02,18.62
2005-03-12,0.0,5.59,35.35,18.9
2005-03-13,0.0,5.03,33.98,21.12
2005-03-14,0.38,4.21,31.07,21.02
2005-03-15,3.22,3.77,28.82,18.7
2005-03-16,1.18,4.08,29.5,17.65
2005-03-17,0.0,5.29,33.1,19.48
2005-03-18,1.3,4.61,32.35,21.0
2005-03-19,3.9,3.95,30.82,19.82
2005-03-20,1.75,4.66,31.43,21.25
2005-03-21,0.07,5.55,33.65,21.75
2005-03-22,0.0,6.13,34.75,20.38
2005-03-23,0.0,6.06,35.2,19.62
2005-03-24,0.28,5.49,33.23,22.98
2005-03-25,8.03,2.79,26.65,19.43
2005-03-26,0.07,4.55,31.25,20.55
2005-03-27,0.0,5.2,31.8,20.78
2005-03-28,0.0,5.6,33.48,19.3
2005-03-29,0.0,5.82,33.98,19.7
2005-03-30,0.0,6.19,35.05,20.12
2005-03-31,0.0,6.46,36.0,20.15
2005-04-01,0.0,6.35,36.67,20.2
2005-04-02,0.0,6.47,36.98,21.12
2005-04-03,9.0,3.9,31.4,22.18
2005-04-04,14.68,1.89,23.62,20.07
2005-04-05,5.05,1.28,22.0,18.12
2005-04-06,0.0,5.22,30.35,16.68
2005-04-07,0.0,6.03,32.58,20.0
2005-04-08,0.0,6.25,33.83,20.8
2005-04-09,0.0,5.83,34.62,20.4
2005-04-10,0.22,5.08,33.15,22.57
2005-04-11,0.95,5.23,34.27,23.27
2005-04-12,0.88,5.39,34.83,22.8
2005-04-13,3.93,4.92,33.25,23.02
2005-04-14,0.95,3.85,29.95,22.35
2005-04-15,1.23,4.53,31.27,22.02
2005-04-16,0.0,5.64,33.92,21.75
2005-04-17,0.0,6.37,35.17,22.62
2005-04-18,0.0,6.26,34.77,23.07
2005-04-19,0.0,5.44,34.25,23.82
2005-04-20,4.1,4.87,33.48,23.95
2005-04-21,0.15,4.73,32.23,20.55
2005-04-22,1.65,5.11,34.0,22.85
2005-04-23,2.0,4.83,34.2,22.62
2005-04-24,0.8,5.08,34.3,22.18
2005-04-25,0.0,5.58,35.42,23.52
2005-04-26,0.0,5.67,35.5,24.25
2005-04-27,0.0,5.7,34.1,22.77
2005-04-28,1.38,5.24,34.05,22.23
2005-04-29,0.05,5.85,34.23,22.5
2005-04-30,0.15,6.08,36.02,22.83
2005-05-01,2.65,5.91,36.45,23.18
2005-05-02,2.83,5.12,35.4,24.32
2005-05-03,1.38,5.21,32.77,20.62
2005-05-04,0.25,5.7,34.02,22.62
2005-05-05,0.05,6.32,35.02,22.5
2005-05-06,0.78,3.32,30.73,23.62
2005-05-07,4.1,1.85,26.32,20.43
2005-05-08,13.32,1.36,24.12,21.05
2005-05-09,1.23,4.45,30.95,20.8
2005-05-10,0.23,4.87,32.05,21.75
2005-05-11,0.62,4.81,33.2,23.43
2005-05-12,1.93,5.12,33.65,23.15
2005-05-13,2.25,4.26,32.62,22.57
2005-05-14,0.1,5.25,34.12,22.6
2005-05-15,0.0,6.03,36.17,23.0
2005-05-16,0.0,5.53,34.95,23.88
2005-05-17,0.03,5.41,35.5,23.95
2005-05-18,0.72,5.12,35.0,24.18
2005-05-19,3.8,5.09,35.2,23.6
2005-05-20,5.45,4.79,32.98,23.75
2005-05-21,2.55,4.55,33.08,22.7
2005-05-22,4.88,5.22,33.67,21.93
2005-05-23,0.05,5.45,33.1,22.3
2005-05-24,0.33,5.3,33.58,23.27
2005-05-25,2.3,4.47,32.3,22.3
2005-05-26,2.58,4.46,32.35,23.3
2005-05-27,5.08,3.41,29.48,22.8
2005-05-28,0.32,5.02,33.52,22.23
2005-05-29,4.03,5.02,34.27,23.25
2005-05-30,22.27,1.98,27.02,22.48
2005-05-31,3.12,3.35,29.55,22.05
2005-06-01,8.62,3.04,28.93,22.27
2005-06-02,2.02,2.54,28.82,22.12
2005-06-03,15.02,1.78,25.85,22.57
2005-06-04,6.15,3.27,28.35,21.93
2005-06-05,7.88,3.31,29.35,22.75
2005-06-06,8.18,3.83,31.5,22.43
2005-06-07,12.9,2.37,27.48,22.57
2005-06-08,10.15,3.36,28.77,22.18
2005-06-09,12.93,2.23,26.75,22.2
2005-06-10,5.2,2.4,27.18,22.48
2005-06-11,6.42,2.92,28.48,21.85
2005-06-12,7.67,2.67,28.23,22.15
2005-06-13,10.5,3.37,28.55,21.25
2005-06-14,2.95,3.15,29.12,21.9
2005-06-15,4.5,3.61,29.77,22.4
2005-06-16,12.82,2.1,27.75,22.52
2005-06-17,19.93,1.5,25.43,21.6
2005-06-18,6.65,2.9,27.75,21.48
2005-06-19,7.72,2.91,27.7,21.45
2005-06-20,9.22,3.46,29.38,20.93
2005-06-21,10.53,3.43,28.45,21.7
2005-06-22,6.78,2.62,27.25,21.7
2005-06-23,7.38,3.92,30.02,22.6
2005-06-24,7.78,3.02,28.43,22.12
2005-06-25,2.43,2.15,26.07,21.68
2005-06-26,9.58,2.45,27.05,21.68
2005-06-27,7.57,2.2,26.65,20.88
2005-06-28,8.62,2.84,27.18,21.07
2005-06-29,1.2,2.67,27.0,21.27
2005-06-30,0.38,3.99,29.52,21.93
2005-07-01,1.95,3.63,28.82,22.2
2005-07-02,6.35,3.29,28.85,21.85
2005-07-03,1.38,3.46,28.68,22.27
2005-07-04,2.47,3.85,28.9,22.3
2005-07-05,4.03,3.14,28.2,22.4
2005-07-06,4.92,3.74,29.77,22.42
2005-07-07,0.9,4.28,29.25,22.27
2005-07-08,1.0,3.91,29.45,22.18
2005-07-09,2.15,3.57,28.75,22.25
2005-07-10,0.0,3.54,28.93,21.68
2005-07-11,1.72,4.01,30.98,22.82
2005-07-12,12.55,3.65,29.12,23.23
2005-07-13,23.6,1.9,25.85,21.58
2005-07-14,9.1,2.83,27.95,21.25
2005-07-15,1.85,3.79,29.05,21.18
2005-07-16,2.2,3.65,28.85,21.88
2005-07-17,0.0,5.25,31.88,21.18
2005-07-18,7.03,4.19,30.48,23.1
2005-07-19,3.35,3.84,29.95,22.62
2005-07-20,7.4,2.66,27.85,22.2
2005-07-21,30.0,1.39,24.77,21.85
2005-07-22,12.35,1.89,25.65,21.57
2005-07-23,24.12,2.43,27.38,20.95
2005-07-24,22.3,2.11,25.88,20.75
2005-07-25,13.05,1.75,25.88,21.45
2005-07-26,17.35,2.4,26.23,21.35
2005-07-27,8.9,3.01,27.82,21.02
2005-07-28,12.25,3.59,28.55,21.57
2005-07-29,9.68,3.08,28.7,22.12
2005-07-30,5.25,3.03,27.95,22.1
2005-07-31,0.42,3.58,29.4,21.93
2005-08-01,22.95,1.51,24.98,21.93
2005-08-02,10.35,2.33,27.65,21.57
2005-08-03,3.1,3.51,28.75,21.75
2005-08-04,3.5,4.1,29.55,22.18
2005-08-05,5.15,2.69,27.8,22.0
2005-08-06,0.38,3.82,29.6,21.73
2005-08-07,1.8,2.58,27.82,22.43
2005-08-08,10.05,2.39,27.0,21.9
2005-08-09,24.68,2.62,27.02,21.98
2005-08-10,14.55,2.22,27.1,21.8
2005-08-11,10.32,2.56,28.95,21.73
2005-08-12,10.0,2.32,26.73,21.93
2005-08-13,67.08,1.3,25.23,21.7
2005-08-14,16.6,2.13,26.12,20.93
2005-08-15,8.5,2.75,27.82,21.0
2005-08-16,13.2,2.34,26.35,21.07
2005-08-17,21.73,1.43,24.45,21.32
2005-08-18,30.9,1.12,24.68,21.18
2005-08-19,6.25,1.43,24.27,21.0
2005-08-20,2.35,2.18,26.62,20.7
2005-08-21,1.68,3.88,29.15,21.18
2005-08-22,0.6,3.57,28.62,21.95
2005-08-23,6.8,2.06,25.4,22.0
2005-08-24,9.05,3.13,28.68,21.25
2005-08-25,3.73,3.12,28.25,21.43
2005-08-26,15.28,3.28,28.07,21.48
2005-08-27,4.8,3.7,29.12,21.4
2005-08-28,3.5,2.98,28.92,22.15
2005-08-29,1.88,3.51,29.68,22.3
2005-08-30,6.4,2.67,28.07,22.07
2005-08-31,10.03,3.58,29.62,22.12
2005-09-01,25.4,1.75,26.7,21.6
2005-09-02,3.75,3.87,30.1,22.12
2005-09-03,4.55,2.96,28.5,22.12
2005-09-04,1.2,4.29,30.2,20.85
2005-09-05,6.62,3.88,30.12,22.32
2005-09-06,6.48,3.66,28.57,21.75
2005-09-07,2.8,3.46,29.32,21.67
2005-09-08,13.0,2.73,27.23,20.3
2005-09-09,17.02,1.7,25.6,20.85
2005-09-10,11.53,2.45,26.23,20.68
2005-09-11,24.77,1.76,25.4,20.85
2005-09-12,16.45,2.1,26.42,20.75
2005-09-13,0.73,3.77,29.27,20.5
2005-09-14,2.02,3.91,29.27,21.12
2005-09-15,18.8,2.11,26.48,20.95
2005-09-16,2.25,2.52,27.25,21.4
2005-09-17,1.62,3.73,28.98,20.85
2005-09-18,0.42,4.17,30.6,21.38
2005-09-19,124.4,1.17,26.17,21.6
2005-09-20,24.4,1.61,24.38,21.23
2005-09-21,12.3,2.08,25.98,21.02
2005-09-22,2.67,3.47,27.65,20.43
2005-09-23,6.68,3.44,28.95,20.7
2005-09-24,12.38,2.92,27.3,21.27
2005-09-25,4.83,3.46,28.77,21.3
2005-09-26,3.17,2.89,28.6,21.52
2005-09-27,1.98,3.83,30.52,21.07
2005-09-28,41.7,1.23,23.9,21.27
2005-09-29,25.02,1.59,24.57,20.75
2005-09-30,17.6,1.39,23.6,20.62
2005-10-01,3.78,3.23,28.4,20.65
2005-10-02,1.4,4.0,30.0,20.93
2005-10-03,6.42,3.48,28.9,21.07
2005-10-04,3.7,3.38,28.77,20.67
2005-10-05,0.2,3.65,28.45,20.18
2005-10-06,0.6,4.05,28.88,20.7
2005-10-07,5.8,3.38,28.12,20.48
2005-10-08,4.47,3.52,28.15,20.4
2005-10-09,0.78,2.14,25.77,19.43
2005-10-10,0.72,4.09,28.38,20.07
2005-10-11,0.0,4.53,29.25,18.82
2005-10-12,0.0,4.19,29.65,19.07
2005-10-13,3.12,3.52,28.8,22.02
2005-10-14,2.6,3.3,29.25,20.65
2005-10-15,2.02,3.21,28.45,20.3
2005-10-16,4.42,3.57,27.75,19.68
2005-10-17,0.0,4.16,28.5,19.85
2005-10-18,0.0,3.89,28.02,19.4
2005-10-19,0.95,3.35,27.55,19.25
2005-10-20,2.92,3.13,27.3,19.85
2005-10-21,0.0,3.77,28.4,18.9
2005-10-22,0.0,3.77,28.68,19.6
2005-10-23,0.1,3.28,27.85,19.35
2005-10-24,0.3,3.27,26.7,20.55
2005-10-25,0.9,3.07,26.77,20.88
2005-10-26,1.85,3.05,27.65,20.6
2005-10-27,1.68,2.61,27.18,20.23
2005-10-28,2.23,2.6,26.93,20.77
2005-10-29,10.57,2.39,27.45,20.15
2005-10-30,21.25,1.76,25.1,19.55
2005-10-31,14.35,0.47,19.32,18.3
2005-11-01,0.17,1.87,23.82,18.1
2005-11-02,0.0,3.83,28.02,16.6
2005-11-03,0.25,3.45,27.88,18.95
2005-11-04,2.42,3.0,27.32,20.45
2005-11-05,3.12,2.8,27.88,19.77
2005-11-06,1.85,3.22,28.4,19.35
2005-11-07,5.03,2.92,27.75,20.23
2005-11-08,2.27,2.06,25.65,19.95
2005-11-09,3.77,2.14,25.18,20.18
2005-11-10,3.23,2.35,26.45,20.12
2005-11-11,0.47,2.88,27.12,19.9
2005-11-12,0.5,3.15,27.73,19.6
2005-11-13,0.0,3.27,28.43,19.12
2005-11-14,0.05,3.26,28.3,18.55
2005-11-15,0.45,3.01,27.12,19.82
2005-11-16,0.93,2.8,26.68,18.35
2005-11-17,3.67,1.94,24.57,19.35
2005-11-18,1.68,2.0,24.85,19.42
2005-11-19,1.07,2.58,24.82,18.45
2005-11-20,2.1,2.12,23.77,18.2
2005-11-21,0.62,1.89,22.45,16.88
2005-11-22,0.1,1.95,23.02,18.3
2005-11-23,0.0,2.59,23.77,14.18
2005-11-24,0.0,3.26,24.88,14.18
2005-11-25,0.0,3.41,25.45,13.97
2005-11-26,0.0,3.33,25.98,14.22
2005-11-27,0.0,2.96,26.83,15.62
2005-11-28,0.0,3.41,27.52,14.75
2005-11-29,0.0,3.4,27.23,14.95
2005-11-30,0.0,3.41,27.38,16.35
2005-12-01,0.0,3.08,27.6,17.08
2005-12-02,0.0,3.38,27.5,16.98
2005-12-03,0.0,3.49,28.3,16.62
2005-12-04,0.0,3.17,27.85,17.45
2005-12-05,3.35,2.33,26.32,19.4
2005-12-06,8.88,1.4,23.23,18.5
2005-12-07,1.77,1.13,21.38,17.57
2005-12-08,0.05,1.43,21.35,16.75
2005-12-09,0.0,2.04,24.43,16.48
2005-12-10,0.0,2.15,24.85,17.0
2005-12-11,0.05,2.67,26.35,16.98
2005-12-12,1.43,2.21,24.75,17.82
2005-12-13,1.12,1.63,22.38,17.95
2005-12-14,0.0,1.9,22.73,15.75
2005-12-15,0.0,3.04,21.82,12.35
2005-12-16,0.0,3.1,21.93,11.28
2005-12-17,0.0,3.24,22.48,11.35
2005-12-18,0.0,3.04,20.88,10.38
2005-12-19,0.0,3.09,21.52,10.47
2005-12-20,0.0,3.16,22.32,10.5
2005-12-21,0.0,3.27,22.23,11.07
2005-12-22,0.0,1.56,16.02,11.57
2005-12-23,0.35,1.62,18.7,12.18
2005-12-24,0.0,2.9,23.32,12.62
2005-12-25,5.45,1.0,19.55,15.78
2005-12-26,15.53,1.1,20.25,16.25
2005-12-27,0.17,2.66,24.6,16.15
2005-12-28,0.0,2.78,24.45,14.53
2005-12-29,0.0,2.69,24.1,13.85
2005-12-30,0.0,3.13,25.07,11.95
2005-12-31,0.0,3.23,25.02,12.25
2006-01-01,0.0,3.26,25.3,10.88
2006-01-02,0.0,3.25,25.25,11.25
2006-01-03,0.0,3.29,25.32,10.55
2006-01-04,0.0,3.39,26.05,11.55
2006-01-05,0.0,3.38,26.48,11.57
2006-01-06,0.0,3.35,26.7,10.78
2006-01-07,0.3,2.42,26.1,16.0
2006-01-08,0.0,2.55,25.48,17.0
2006-01-09,0.0,2.53,24.25,16.98
2006-01-10,0.0,3.31,26.35,15.93
2006-01-11,0.0,3.65,27.35,16.35
2006-01-12,0.0,3.71,28.2,16.7
2006-01-13,0.0,3.78,28.1,13.25
2006-01-14,0.0,3.87,28.3,14.0
2006-01-15,0.0,3.88,27.95,13.53
2006-01-16,0.0,3.92,27.45,13.43
2006-01-17,0.0,3.92,27.55,12.47
2006-01-18,0.0,3.96,27.95,12.8
2006-01-19,0.0,4.01,27.98,12.97
2006-01-20,0.0,4.07,28.85,13.32
2006-01-21,0.0,3.88,28.48,13.82
2006-01-22,0.0,4.0,28.55,13.9
2006-01-23,0.0,3.25,27.02,14.47
2006-01-24,0.03,2.71,25.27,17.98
2006-01-25,0.0,2.75,25.73,17.65
2006-01-26,0.0,3.02,25.43,14.97
2006-01-27,0.0,3.27,25.93,14.15
2006-01-28,0.0,3.79,27.15,14.3
2006-01-29,0.0,4.01,27.75,14.53
2006-01-30,0.0,4.04,28.57,14.78
2006-01-31,0.0,4.03,28.88,15.3
2006-02-01,0.0,4.19,29.35,15.43
2006-02-02,0.0,4.26,29.9,16.45
2006-02-03,0.0,4.23,30.0,15.3
2006-02-04,0.0,3.26,27.27,17.73
2006-02-05,0.05,3.51,26.9,19.2
2006-02-06,0.0,3.77,27.62,16.4
2006-02-07,0.0,3.34,26.95,15.62
2006-02-08,0.78,3.21,26.15,17.2
2006-02-09,0.03,3.27,26.15,16.62
2006-02-10,0.25,2.84,25.32,16.12
2006-02-11,0.25,3.12,26.68,16.52
2006-02-12,0.0,3.75,27.85,14.57
2006-02-13,0.0,3.81,26.98,16.6
2006-02-14,0.0,4.45,28.95,17.57
2006-02-15,0.0,4.77,30.3,15.68
2006-02-16,0.0,4.97,30.75,15.68
2006-02-17,0.0,4.87,31.57,15.35
2006-02-18,0.0,4.47,30.98,17.5
2006-02-19,0.97,4.24,30.6,20.18
2006-02-20,0.78,3.61,29.98,19.9
2006-02-21,0.0,4.56,31.52,20.02
2006-02-22,0.0,4.69,32.2,19.7
2006-02-23,0.5,3.85,29.27,18.98
2006-02-24,0.15,4.05,29.95,20.85
2006-02-25,0.0,4.99,32.48,21.2
2006-02-26,0.0,5.41,33.02,18.6
2006-02-27,0.0,5.55,32.73,17.85
2006-02-28,0.0,5.43,33.02,17.7
2006-03-01,0.0,5.44,32.62,19.07
2006-03-02,0.03,4.76,29.88,19.75
2006-03-03,0.0,5.09,32.12,19.18
2006-03-04,0.0,5.25,31.98,20.23
2006-03-05,0.0,5.24,32.7,19.5
2006-03-06,0.12,5.17,33.6,19.65
2006-03-07,0.0,5.5,34.23,19.25
2006-03-08,0.0,5.22,34.9,19.05
2006-03-09,0.0,5.26,35.4,20.6
2006-03-10,0.0,5.9,36.05,22.1
2006-03-11,0.0,6.01,35.52,19.48
2006-03-12,0.0,6.06,35.1,19.25
2006-03-13,0.05,5.42,33.92,19.98
2006-03-14,0.42,3.76,30.02,21.82
2006-03-15,0.0,4.97,32.35,20.12
2006-03-16,0.0,5.98,34.73,21.77
2006-03-17,0.0,6.04,35.05,19.2
2006-03-18,0.0,5.99,35.33,19.48
2006-03-19,0.0,5.95,35.58,19.95
2006-03-20,0.0,5.75,34.62,23.12
2006-03-21,0.0,6.09,34.7,22.0
2006-03-22,0.0,6.44,34.92,21.65
2006-03-23,0.0,6.37,35.38,19.07
2006-03-24,0.0,6.31,35.5,19.25
2006-03-25,0.0,6.34,35.6,19.9
2006-03-26,0.0,6.33,36.17,19.9
2006-03-27,0.0,6.32,36.17,20.02
2006-03-28,0.0,6.38,36.92,20.27
2006-03-29,1.38,5.13,34.35,22.18
2006-03-30,1.23,2.59,27.65,20.43
2006-03-31,11.0,3.21,27.8,19.55
2006-04-01,0.55,4.81,30.57,18.27
2006-04-02,0.0,5.52,32.6,20.02
2006-04-03,0.28,5.25,32.05,21.45
2006-04-04,0.0,4.68,31.57,21.12
2006-04-05,0.0,5.88,33.92,20.35
2006-04-06,0.0,5.97,35.23,20.27
2006-04-07,0.05,5.79,35.77,22.05
2006-04-08,0.0,5.52,34.15,22.23
2006-04-09,0.0,5.97,34.92,21.88
2006-04-10,0.0,6.35,36.1,21.85
2006-04-11,0.0,6.88,37.55,22.32
2006-04-12,0.0,6.69,37.6,22.52
2006-04-13,0.0,6.32,36.5,23.25
2006-04-14,0.7,5.94,36.35,24.68
2006-04-15,7.55,5.04,33.92,22.4
2006-04-16,15.75,2.79,28.55,21.07
2006-04-17,2.97,3.48,29.48,20.0
2006-04-18,1.55,3.98,30.35,21.18
2006-04-19,7.33,3.27,28.9,20.8
2006-04-20,3.1,3.25,28.95,20.55
2006-04-21,1.48,4.49,31.35,20.9
2006-04-22,0.0,5.05,32.17,21.52
2006-04-23,0.0,5.45,33.2,21.38
2006-04-24,0.03,5.58,33.62,23.1
2006-04-25,0.58,4.87,32.3,22.23
2006-04-26,1.5,4.55,32.58,21.88
2006-04-27,1.4,4.53,32.27,22.23
2006-04-28,11.2,3.17,27.88,20.93
2006-04-29,16.93,1.75,25.0,20.57
2006-04-30,15.45,1.94,26.6,19.4
2006-05-01,0.2,4.58,29.2,19.45
2006-05-02,0.73,4.66,30.43,21.12
2006-05-03,0.0,4.98,31.77,22.75
2006-05-04,0.28,5.27,32.45,22.95
2006-05-05,0.28,5.43,33.3,23.3
2006-05-06,0.0,5.67,33.47,24.02
2006-05-07,0.1,5.04,32.98,24.45
2006-05-08,0.4,4.9,31.88,22.8
2006-05-09,0.53,4.92,32.5,22.48
2006-05-10,0.55,4.36,31.95,23.18
2006-05-11,1.48,3.47,29.77,22.15
2006-05-12,0.93,4.15,30.9,21.25
2006-05-13,4.9,4.95,33.1,23.85
2006-05-14,22.02,1.87,24.73,21.23
2006-05-15,1.6,2.28,24.02,19.27
2006-05-16,3.6,1.37,20.68,17.02
2006-05-17,8.5,1.37,23.4,17.55
2006-05-18,4.0,4.1,28.73,18.93
2006-05-19,1.9,2.92,26.62,19.55
2006-05-20,0.85,3.24,26.57,19.2
2006-05-21,13.68,1.4,23.98,21.02
2006-05-22,3.88,0.85,23.12,20.8
2006-05-23,19.85,2.73,27.4,20.85
2006-05-24,12.95,2.0,25.43,21.38
2006-05-25,3.73,2.32,26.52,20.8
2006-05-26,0.05,4.48,29.4,21.25
2006-05-27,2.88,4.48,30.88,22.45
2006-05-28,2.9,3.95,29.32,22.15
2006-05-29,6.17,3.39,29.32,21.7
2006-05-30,4.65,2.67,27.1,21.57
2006-05-31,1.02,3.23,27.95,21.68
2006-06-01,3.62,3.23,28.88,22.07
2006-06-02,4.93,3.12,27.85,22.27
2006-06-03,7.7,2.84,27.03,21.75
2006-06-04,5.92,2.71,26.85,21.07
2006-06-05,10.53,2.13,26.43,21.0
2006-06-06,9.12,2.66,27.5,21.57
2006-06-07,2.02,3.61,28.88,20.98
2006-06-08,1.32,3.86,29.8,22.23
2006-06-09,1.88,3.81,30.2,22.05
2006-06-10,0.05,4.05,29.95,22.0
2006-06-11,0.8,4.08,29.95,22.7
2006-06-12,0.2,4.99,31.7,21.8
2006-06-13,0.55,4.71,32.17,22.2
2006-06-14,0.57,4.68,32.17,22.57
2006-06-15,0.72,4.33,31.88,23.48
2006-06-16,0.98,4.44,32.2,23.15
2006-06-17,1.25,4.29,31.77,23.1
2006-06-18,1.7,3.76,30.4,23.75
2006-06-19,11.88,2.37,27.95,21.4
2006-06-20,15.82,2.07,25.95,21.65
2006-06-21,2.2,2.89,27.6,21.2
2006-06-22,0.3,4.49,30.15,21.98
2006-06-23,4.0,3.78,29.48,21.98
2006-06-24,10.25,3.73,28.77,20.95
2006-06-25,3.73,3.84,28.68,21.45
2006-06-26,3.23,3.15,28.2,21.82
2006-06-27,4.47,3.35,28.62,21.88
2006-06-28,7.1,3.64,29.02,21.93
2006-06-29,10.57,3.7,30.3,22.5
2006-06-30,14.43,2.42,27.57,22.05
2006-07-01,12.28,1.89,26.73,21.68
2006-07-02,17.4,2.08,28.45,21.57
2006-07-03,6.85,2.68,28.53,21.57
2006-07-04,3.15,4.54,31.55,22.25
2006-07-05,1.6,3.04,28.7,22.35
2006-07-06,9.55,2.54,27.77,22.5
2006-07-07,13.25,1.89,25.95,22.0
2006-07-08,6.72,2.58,27.75,21.65
2006-07-09,7.12,2.72,27.93,22.23
2006-07-10,2.48,2.69,28.3,22.15
2006-07-11,7.5,2.78,28.77,22.75
2006-07-12,0.33,4.2,29.8,22.38
2006-07-13,5.8,2.62,28.93,23.02
2006-07-14,8.15,4.08,29.6,22.3
2006-07-15,5.12,3.04,28.07,22.95
2006-07-16,3.52,3.65,29.82,22.12
2006-07-17,10.8,1.82,26.27,22.38
2006-07-18,14.2,1.75,25.05,21.77
2006-07-19,15.9,1.29,23.98,21.0
2006-07-20,7.38,1.99,25.7,20.75
2006-07-21,3.48,3.25,28.1,21.38
2006-07-22,1.07,3.91,30.52,21.77
2006-07-23,1.65,4.56,31.05,21.9
2006-07-24,6.9,3.88,29.75,22.9
2006-07-25,9.43,3.26,28.0,22.15
2006-07-26,23.15,2.17,26.25,21.52
2006-07-27,19.77,1.55,24.8,21.33
2006-07-28,2.88,2.66,28.02,21.1
2006-07-29,7.88,2.43,27.27,21.1
2006-07-30,19.23,2.61,28.55,21.3
2006-07-31,38.17,1.27,24.18,21.6
2006-08-01,26.8,1.99,26.4,20.75
2006-08-02,11.07,3.02,27.4,20.62
2006-08-03,4.15,2.84,27.95,21.02
2006-08-04,2.75,4.1,29.85,20.23
2006-08-05,1.35,4.7,31.1,20.8
2006-08-06,0.1,4.64,31.35,21.73
2006-08-07,3.42,4.24,31.0,22.23
2006-08-08,15.35,2.02,27.45,21.98
2006-08-09,10.88,2.75,26.45,21.25
2006-08-10,6.88,3.04,27.4,21.15
2006-08-11,6.2,3.59,28.88,21.48
2006-08-12,6.38,3.15,28.48,21.77
2006-08-13,17.12,1.79,25.62,21.95
2006-08-14,14.72,1.81,26.25,21.2
2006-08-15,1.78,4.1,30.15,21.0
2006-08-16,8.85,3.42,30.12,22.5
2006-08-17,0.33,3.52,28.88,21.55
2006-08-18,2.8,3.04,29.73,22.35
2006-08-19,19.23,2.02,25.5,21.88
2006-08-20,23.57,1.6,25.07,20.98
2006-08-21,10.6,1.48,24.18,20.98
2006-08-22,1.57,1.51,25.25,21.1
2006-08-23,1.78,2.59,27.27,21.12
2006-08-24,1.75,3.26,29.68,21.7
2006-08-25,16.2,2.03,26.35,21.65
2006-08-26,10.95,2.0,25.57,21.23
2006-08-27,11.97,1.54,25.55,21.33
2006-08-28,10.12,2.38,26.3,21.4
2006-08-29,10.15,3.11,28.35,20.68
2006-08-30,17.07,2.55,28.2,21.43
2006-08-31,15.62,1.82,24.77,21.27
2006-09-01,17.23,1.95,25.27,20.83
2006-09-02,4.3,3.12,27.93,20.4
2006-09-03,0.05,4.43,29.67,20.65
2006-09-04,0.1,4.8,30.95,20.15
2006-09-05,0.72,3.97,30.62,21.43
2006-09-06,14.15,3.25,28.07,22.8
2006-09-07,2.67,3.64,28.7,22.05
2006-09-08,3.4,3.59,29.62,22.05
2006-09-09,9.9,2.35,27.38,21.73
2006-09-10,14.0,1.51,25.3,21.48
2006-09-11,13.02,2.02,25.68,21.12
2006-09-12,17.93,2.19,26.35,21.0
2006-09-13,7.55,3.4,28.1,19.82
2006-09-14,6.42,3.42,27.62,21.98
2006-09-15,3.65,3.4,27.27,20.55
2006-09-16,6.55,2.94,27.33,20.92
2006-09-17,6.0,1.76,24.72,20.55
2006-09-18,10.43,1.8,25.43,20.95
2006-09-19,15.22,1.38,24.93,20.65
2006-09-20,16.12,1.5,24.38,20.4
2006-09-21,7.72,2.04,25.45,20.43
2006-09-22,12.68,2.91,26.68,20.5
2006-09-23,4.53,3.31,27.12,19.57
2006-09-24,3.9,3.92,28.97,20.65
2006-09-25,0.08,4.4,30.4,20.12
2006-09-26,5.92,2.36,27.18,21.68
2006-09-27,8.32,3.28,27.73,20.25
2006-09-28,15.42,2.86,28.2,20.98
2006-09-29,7.73,2.13,26.02,20.98
2006-09-30,0.23,3.79,29.55,20.7
2006-10-01,0.07,4.4,30.35,20.7
2006-10-02,1.2,4.41,30.9,20.23
2006-10-03,11.05,1.5,23.82,21.23
2006-10-04,9.8,1.91,25.65,20.93
2006-10-05,9.62,1.44,25.25,21.23
2006-10-06,12.28,1.06,24.25,20.95
2006-10-07,30.85,1.28,25.45,20.93
2006-10-08,10.25,1.64,25.6,20.8
2006-10-09,18.4,1.91,25.42,20.6
2006-10-10,13.03,1.52,23.9,20.5
2006-10-11,13.4,1.71,24.18,20.35
2006-10-12,3.67,2.3,25.68,20.18
2006-10-13,1.1,3.26,27.85,19.7
2006-10-14,0.53,3.72,28.48,19.9
2006-10-15,0.05,3.77,29.02,19.9
2006-10-16,0.0,4.05,29.52,19.73
2006-10-17,0.42,3.76,29.75,20.07
2006-10-18,3.07,3.63,29.7,20.38
2006-10-19,3.62,3.06,27.53,20.62
2006-10-20,1.62,3.51,28.12,19.35
2006-10-21,0.8,3.46,28.65,19.3
2006-10-22,0.25,3.46,28.23,19.27
2006-10-23,1.03,3.2,27.18,19.27
2006-10-24,0.35,3.33,27.12,18.62
2006-10-25,0.5,3.34,28.35,20.05
2006-10-26,0.2,3.66,27.95,17.65
2006-10-27,0.12,3.41,28.2,19.35
2006-10-28,0.47,3.3,28.43,19.0
2006-10-29,0.12,3.25,27.85,18.43
2006-10-30,0.05,3.63,27.93,18.73
2006-10-31,0.0,3.75,28.93,18.68
2006-11-01,0.03,3.55,28.55,18.38
2006-11-02,0.0,3.48,28.07,18.15
2006-11-03,0.0,4.05,28.8,17.88
2006-11-04,0.0,4.0,29.05,17.9
2006-11-05,0.0,3.94,30.02,18.82
2006-11-06,0.07,3.59,29.05,20.4
2006-11-07,0.47,2.22,25.85,19.77
2006-11-08,0.0,3.79,27.98,18.0
2006-11-09,0.0,3.5,29.05,17.88
2006-11-10,0.0,3.67,30.05,18.85
2006-11-11,0.0,3.88,30.2,18.93
2006-11-12,0.77,2.75,27.97,20.38
2006-11-13,0.1,3.18,28.45,18.6
2006-11-14,0.1,3.12,28.5,20.2
2006-11-15,0.45,2.9,27.48,19.07
2006-11-16,0.0,3.19,28.82,18.05
2006-11-17,0.0,3.73,29.95,18.8
2006-11-18,0.05,3.62,29.93,19.2
2006-11-19,0.03,3.47,29.65,18.15
2006-11-20,0.05,3.38,28.7,20.65
2006-11-21,0.0,3.69,29.77,18.93
2006-11-22,0.0,3.99,29.05,16.95
2006-11-23,0.0,3.96,28.43,16.12
2006-11-24,0.0,3.9,28.4,15.35
2006-11-25,0.0,3.83,28.88,15.05
2006-11-26,0.0,3.76,28.92,16.3
2006-11-27,0.0,3.59,28.4,14.95
2006-11-28,0.0,3.76,28.32,15.72
2006-11-29,0.0,3.79,28.88,15.85
2006-11-30,0.0,3.82,28.88,15.7
2006-12-01,0.0,3.76,29.38,15.47
2006-12-02,0.0,3.87,29.1,14.62
2006-12-03,0.05,3.48,28.55,16.65
2006-12-04,0.85,2.49,26.4,18.15
2006-12-05,0.03,2.89,27.02,16.85
2006-12-06,0.0,3.08,27.45,15.8
2006-12-07,0.0,2.93,28.25,16.2
2006-12-08,0.0,2.85,28.5,16.95
2006-12-09,0.08,3.02,29.15,19.3
2006-12-10,0.35,2.74,27.5,19.9
2006-12-11,0.15,2.9,28.27,18.27
2006-12-12,0.0,3.11,28.52,20.98
2006-12-13,0.0,3.18,28.23,18.9
2006-12-14,0.0,2.93,27.77,18.68
2006-12-15,0.0,2.98,27.38,18.35
2006-12-16,0.0,2.88,25.52,17.0
2006-12-17,0.0,3.17,23.7,13.55
2006-12-18,0.0,2.96,23.62,15.12
2006-12-19,0.0,3.14,23.5,13.2
2006-12-20,0.0,3.54,22.62,11.38
2006-12-21,0.0,3.64,22.43,9.85
2006-12-22,0.0,3.38,22.82,9.25
2006-12-23,0.0,3.25,23.5,9.85
2006-12-24,0.0,3.3,23.55,10.6
2006-12-25,0.0,3.26,24.2,10.28
2006-12-26,0.0,3.34,24.93,11.12
2006-12-27,0.0,3.35,25.32,11.6
2006-12-28,0.0,3.39,25.48,12.2
2006-12-29,0.0,2.69,24.0,13.8
2006-12-30,0.0,2.6,24.3,13.68
2006-12-31,0.0,2.79,24.8,15.5
2007-01-01,0.0,3.5,25.98,13.62
2007-01-02,0.0,3.58,26.57,14.35
2007-01-03,0.0,3.48,27.12,12.82
2007-01-04,0.0,3.65,27.0,13.07
2007-01-05,0.0,3.5,27.38,13.55
2007-01-06,0.0,2.92,26.6,15.03
2007-01-07,0.0,3.01,26.22,13.28
2007-01-08,0.0,3.19,25.3,14.85
2007-01-09,0.0,3.44,25.35,13.97
2007-01-10,0.0,3.55,26.43,13.47
2007-01-11,0.0,3.61,27.1,15.07
2007-01-12,0.0,3.71,27.5,13.85
2007-01-13,0.0,3.91,27.75,14.45
2007-01-14,0.0,3.96,27.93,17.18
2007-01-15,0.0,4.02,28.1,16.25
2007-01-16,0.0,4.0,28.3,15.28
2007-01-17,0.0,4.08,28.57,14.47
2007-01-18,0.0,4.11,28.77,14.97
2007-01-19,0.0,4.25,28.9,14.53
2007-01-20,0.0,4.12,28.32,13.82
2007-01-21,0.0,4.16,28.15,13.22
2007-01-22,0.0,4.08,28.43,13.38
2007-01-23,0.0,3.76,28.3,13.35
2007-01-24,0.38,3.0,27.08,16.05
2007-01-25,1.9,2.65,26.58,17.73
2007-01-26,0.0,3.8,27.9,18.0
2007-01-27,0.33,2.45,24.95,17.82
2007-01-28,0.0,1.69,19.2,14.4
2007-01-29,0.12,2.48,22.02,13.25
2007-01-30,0.0,3.67,25.12,13.1
2007-01-31,0.0,3.66,25.3,13.72
2007-02-01,0.0,3.68,25.23,13.3
2007-02-02,0.0,3.55,23.15,11.62
2007-02-03,1.1,3.13,22.95,12.25
2007-02-04,0.0,3.4,24.1,12.25
2007-02-05,0.0,3.79,26.0,13.47
2007-02-06,0.0,4.05,27.02,14.22
2007-02-07,0.0,3.84,27.32,14.07
2007-02-08,0.0,3.64,27.5,15.53
2007-02-09,0.0,4.03,28.85,13.8
2007-02-10,0.0,4.23,29.75,14.12
2007-02-11,0.0,4.62,30.48,15.72
2007-02-12,0.0,4.77,30.75,15.7
2007-02-13,0.0,4.61,30.23,16.57
2007-02-14,0.0,4.58,30.73,16.35
2007-02-15,0.0,4.51,29.93,17.55
2007-02-16,0.0,4.47,29.38,16.28
2007-02-17,0.0,4.23,29.18,15.38
2007-02-18,0.0,4.61,30.1,14.62
2007-02-19,0.0,4.92,31.02,15.38
2007-02-20,0.0,5.08,31.48,14.3
2007-02-21,0.0,5.14,32.07,15.22
2007-02-22,0.0,5.27,32.5,15.43
2007-02-23,0.0,5.22,32.8,15.8
2007-02-24,0.0,5.19,33.17,16.9
2007-02-25,0.0,5.1,33.45,17.57
2007-02-26,1.42,4.35,32.83,19.85
2007-02-27,0.0,4.78,31.95,19.23
2007-02-28,0.0,5.22,32.23,16.93
2007-03-01,0.0,5.42,32.8,16.27
2007-03-02,0.0,5.52,32.67,16.3
2007-03-03,0.0,5.57,32.77,15.95
2007-03-04,0.0,5.56,33.1,15.1
2007-03-05,0.0,5.57,33.65,16.82
2007-03-06,0.0,5.69,32.95,17.23
2007-03-07,0.0,5.96,32.5,16.43
2007-03-08,0.0,5.74,31.55,15.72
2007-03-09,0.0,5.77,31.62,15.78
2007-03-10,0.0,5.76,32.4,14.7
2007-03-11,0.0,5.79,33.33,15.68
2007-03-12,0.0,5.69,34.4,16.95
2007-03-13,0.0,5.8,35.05,17.4
2007-03-14,0.0,6.06,35.25,17.75
2007-03-15,0.0,6.13,35.08,17.38
2007-03-16,0.0,6.01,35.02,17.5
2007-03-17,0.0,5.89,34.58,18.62
2007-03-18,0.0,5.84,34.0,16.55
2007-03-19,0.0,5.97,33.65,20.27
2007-03-20,3.05,4.91,31.98,22.12
2007-03-21,0.0,4.65,31.27,19.75
2007-03-22,0.65,4.44,31.07,20.07
2007-03-23,0.0,5.68,33.35,19.73
2007-03-24,0.0,6.22,34.7,19.55
2007-03-25,0.0,6.3,35.48,19.62
2007-03-26,0.0,6.41,35.3,19.75
2007-03-27,0.0,6.11,35.83,20.62
2007-03-28,0.0,6.1,36.45,21.98
2007-03-29,0.0,6.22,37.05,22.2
2007-03-30,0.03,5.64,35.48,21.77
2007-03-31,0.0,6.1,36.88,21.52
2007-04-01,0.0,6.96,37.73,21.7
2007-04-02,0.0,6.97,37.0,21.43
2007-04-03,0.0,6.91,36.08,20.73
2007-04-04,0.0,6.76,35.12,22.9
2007-04-05,0.0,6.35,34.55,21.48
2007-04-06,0.0,6.29,35.45,22.45
2007-04-07,0.0,6.44,35.62,22.62
2007-04-08,0.0,6.4,35.02,21.8
2007-04-09,0.0,6.42,34.98,21.57
2007-04-10,0.0,6.1,35.2,22.15
2007-04-11,0.78,4.45,30.1,21.12
2007-04-12,9.05,3.22,29.15,19.98
2007-04-13,1.5,4.08,29.62,19.12
2007-04-14,0.0,4.26,30.57,21.32
2007-04-15,0.3,3.39,30.75,22.57
2007-04-16,0.0,4.15,33.0,21.4
2007-04-17,0.65,5.19,34.33,21.65
2007-04-18,8.3,3.95,30.77,21.7
2007-04-19,0.3,5.01,32.52,20.9
2007-04-20,0.05,5.41,33.45,22.95
2007-04-21,0.0,6.56,36.05,23.2
2007-04-22,0.0,6.7,36.7,23.95
2007-04-23,0.0,6.79,37.12,23.38
2007-04-24,0.0,6.78,37.62,23.55
2007-04-25,0.08,6.36,37.98,24.05
2007-04-26,3.12,4.66,32.62,24.25
2007-04-27,2.1,4.95,32.75,21.38
2007-04-28,0.6,4.66,31.5,22.02
2007-04-29,1.7,3.99,30.43,21.45
2007-04-30,0.82,4.82,31.07,21.43
2007-05-01,0.08,5.04,32.67,22.15
2007-05-02,1.48,4.36,30.98,22.98
2007-05-03,13.0,2.6,27.18,21.32
2007-05-04,23.62,1.07,24.85,20.88
2007-05-05,32.3,0.82,22.27,20.75
2007-05-06,13.55,1.75,25.07,20.62
2007-05-07,1.8,3.65,28.17,19.92
2007-05-08,10.75,2.25,25.27,20.48
2007-05-09,9.53,2.1,26.2,21.25
2007-05-10,2.4,3.53,28.35,21.12
2007-05-11,1.25,4.08,28.95,21.95
2007-05-12,21.48,2.02,27.62,22.07
2007-05-13,24.05,1.06,23.65,21.45
2007-05-14,15.57,1.77,24.9,21.4
2007-05-15,10.07,2.61,26.8,21.2
2007-05-16,8.5,3.24,27.85,21.55
2007-05-17,8.82,3.33,27.38,20.62
2007-05-18,10.85,2.57,26.95,20.95
2007-05-19,15.28,1.67,24.8,20.95
2007-05-20,20.68,1.33,23.8,20.65
2007-05-21,11.35,2.6,27.3,20.93
2007-05-22,0.85,3.22,28.2,21.55
2007-05-23,0.12,4.58,30.55,21.6
2007-05-24,0.07,4.83,31.15,21.18
2007-05-25,0.33,5.2,31.95,21.45
2007-05-26,1.43,4.75,31.43,21.82
2007-05-27,0.47,5.16,32.65,22.27
2007-05-28,6.45,5.04,32.85,22.88
2007-05-29,9.65,3.91,30.98,22.25
2007-05-30,6.5,3.19,29.35,22.2
2007-05-31,2.85,4.02,30.23,21.77
2007-06-01,2.38,3.62,29.85,22.15
2007-06-02,0.17,4.4,30.9,22.1
2007-06-03,2.7,4.0,30.6,22.1
2007-06-04,9.72,2.52,26.75,22.52
2007-06-05,5.33,3.67,28.85,21.6
2007-06-06,5.8,3.13,28.48,21.5
2007-06-07,6.25,3.45,27.98,21.35
2007-06-08,3.9,4.14,30.35,21.65
2007-06-09,1.3,4.43,30.05,22.38
2007-06-10,0.3,4.75,31.43,22.32
2007-06-11,2.15,3.71,30.12,23.4
2007-06-12,1.75,4.04,29.9,22.57
2007-06-13,1.12,3.44,29.2,22.45
2007-06-14,3.27,4.58,30.8,22.3
2007-06-15,0.33,4.6,31.12,22.27
2007-06-16,0.15,4.8,31.68,23.07
2007-06-17,1.45,3.91,30.88,23.2
2007-06-18,0.47,3.3,30.2,23.18
2007-06-19,16.23,2.4,26.95,22.18
2007-06-20,5.5,2.98,28.0,21.62
2007-06-21,1.7,3.51,28.8,21.82
2007-06-22,0.47,4.98,30.82,22.88
2007-06-23,0.2,5.27,32.25,23.27
2007-06-24,0.62,5.31,33.45,24.98
2007-06-25,1.27,3.84,30.7,23.5
2007-06-26,15.05,2.38,26.5,22.25
2007-06-27,24.85,2.12,25.62,21.9
2007-06-28,11.5,1.51,25.62,21.52
2007-06-29,3.55,3.25,27.98,21.58
2007-06-30,0.3,3.25,29.0,21.7
2007-07-01,5.8,3.57,29.65,22.38
2007-07-02,6.33,3.15,27.82,21.97
2007-07-03,13.18,2.87,27.7,21.75
2007-07-04,13.07,3.29,27.95,21.45
2007-07-05,12.47,2.14,27.95,21.57
2007-07-06,24.1,1.4,24.5,21.6
2007-07-07,23.7,2.3,25.93,21.45
2007-07-08,2.55,4.31,29.68,21.32
2007-07-09,0.53,4.44,30.6,21.82
2007-07-10,3.68,4.0,30.35,22.43
2007-07-11,0.8,4.08,29.55,22.55
2007-07-12,1.25,4.11,29.88,22.32
2007-07-13,7.47,3.06,28.68,23.18
2007-07-14,8.0,3.48,29.23,22.07
2007-07-15,4.67,3.02,27.73,22.38
2007-07-16,1.1,3.79,29.62,22.65
2007-07-17,0.15,3.59,29.55,22.77
2007-07-18,0.2,3.62,29.95,22.6
2007-07-19,2.45,3.19,28.88,22.82
2007-07-20,5.22,1.92,25.8,21.77
2007-07-21,13.12,1.27,23.57,21.15
2007-07-22,2.7,2.33,26.95,20.8
2007-07-23,5.2,3.75,29.55,21.02
2007-07-24,7.03,1.68,25.0,21.45
2007-07-25,3.77,3.91,29.12,21.55
2007-07-26,1.18,2.96,30.05,22.2
2007-07-27,4.55,3.33,29.82,22.55
2007-07-28,0.8,4.54,30.55,22.75
2007-07-29,6.1,3.75,30.38,23.18
2007-07-30,4.55,3.43,29.52,22.38
2007-07-31,9.4,1.8,25.52,21.7
2007-08-01,18.52,2.12,26.43,21.7
2007-08-02,15.4,2.28,26.3,21.4
2007-08-03,10.85,1.87,25.5,21.12
2007-08-04,4.58,3.24,28.12,21.7
2007-08-05,8.85,3.05,27.55,21.95
2007-08-06,4.85,3.77,29.3,21.2
2007-08-07,6.25,4.01,30.27,21.5
2007-08-08,7.52,3.18,30.27,21.77
2007-08-09,20.07,2.49,28.27,21.52
2007-08-10,7.2,2.16,25.93,21.35
2007-08-11,8.2,1.81,26.05,21.77
2007-08-12,6.78,2.8,27.38,21.98
2007-08-13,2.77,4.05,29.68,21.6
2007-08-14,2.77,3.7,29.57,22.47
2007-08-15,11.07,2.49,27.12,22.43
2007-08-16,29.57,2.35,26.7,22.0
2007-08-17,10.05,2.75,28.8,21.65
2007-08-18,2.92,3.58,29.65,22.2
2007-08-19,0.93,4.21,29.75,21.48
2007-08-20,0.9,3.88,29.78,21.93
2007-08-21,3.15,3.4,28.48,22.57
2007-08-22,8.5,2.73,27.57,21.75
2007-08-23,17.38,2.37,26.62,21.38
2007-08-24,14.03,1.59,24.6,21.35
2007-08-25,10.07,1.94,25.38,21.15
2007-08-26,4.45,3.17,27.9,21.38
2007-08-27,3.65,3.26,28.83,21.57
2007-08-28,14.12,2.75,28.38,20.85
2007-08-29,11.2,3.26,27.9,21.35
2007-08-30,17.5,2.19,25.73,20.98
2007-08-31,1.88,3.66,27.95,20.93
2007-09-01,7.9,3.0,27.62,21.15
2007-09-02,3.43,3.22,28.07,21.27
2007-09-03,4.18,2.92,28.23,22.05
2007-09-04,10.75,2.33,27.55,21.9
2007-09-05,20.42,2.25,25.82,20.75
2007-09-06,4.38,2.36,25.82,21.07
2007-09-07,0.83,2.74,27.15,21.65
2007-09-08,0.28,4.34,30.25,21.6
2007-09-09,0.2,3.98,30.1,21.68
2007-09-10,0.95,3.53,30.18,21.95
2007-09-11,18.23,2.4,27.1,21.77
2007-09-12,19.68,2.63,27.12,21.32
2007-09-13,5.4,2.44,27.25,21.43
2007-09-14,9.8,3.19,28.1,21.4
2007-09-15,11.47,3.18,27.88,21.12
2007-09-16,4.2,2.83,27.15,21.12
2007-09-17,6.92,3.32,29.48,21.42
2007-09-18,7.28,1.85,25.95,20.38
2007-09-19,16.12,2.25,26.23,20.8
2007-09-20,6.33,2.29,26.35,21.12
2007-09-21,1.67,3.71,27.85,19.75
2007-09-22,0.0,3.72,27.57,20.12
2007-09-23,0.0,3.48,28.15,21.0
2007-09-24,0.0,4.16,29.82,19.5
2007-09-25,0.03,4.31,31.3,20.95
2007-09-26,14.12,2.45,27.12,21.9
2007-09-27,12.65,1.73,25.75,21.1
2007-09-28,12.72,2.3,25.88,20.73
2007-09-29,12.85,1.94,26.68,20.52
2007-09-30,1.55,3.63,27.62,20.12
2007-10-01,0.45,3.89,29.4,19.9
2007-10-02,0.35,3.9,29.9,20.92
2007-10-03,1.47,3.54,30.45,21.23
2007-10-04,23.82,2.46,28.45,22.3
2007-10-05,36.95,0.74,23.22,22.07
2007-10-06,33.52,0.58,22.95,21.52
2007-10-07,11.0,1.65,24.73,20.7
2007-10-08,2.88,3.16,27.52,20.75
2007-10-09,4.45,2.81,26.98,21.05
2007-10-10,11.38,2.62,26.82,20.7
2007-10-11,7.17,2.2,25.2,19.77
2007-10-12,7.77,1.75,24.6,19.15
2007-10-13,6.27,2.43,25.88,18.88
2007-10-14,7.95,2.21,25.1,19.05
2007-10-15,5.45,2.75,26.52,19.12
2007-10-16,4.62,2.49,25.8,19.57
2007-10-17,4.55,2.69,26.23,20.95
2007-10-18,1.1,3.5,27.43,19.38
2007-10-19,3.0,3.13,27.45,20.93
2007-10-20,6.58,2.61,25.62,19.55
2007-10-21,1.8,2.94,26.18,19.73
2007-10-22,0.12,3.42,27.02,19.12
2007-10-23,0.03,3.66,27.65,18.7
2007-10-24,0.0,3.51,27.82,18.85
2007-10-25,0.0,3.65,27.75,18.25
2007-10-26,0.0,4.15,28.02,17.4
2007-10-27,0.0,3.79,28.3,17.43
2007-10-28,0.0,3.57,28.23,17.23
2007-10-29,0.23,3.17,27.7,18.68
2007-10-30,1.22,3.34,27.42,19.88
2007-10-31,5.53,2.62,25.77,17.1
2007-11-01,2.35,1.02,22.82,19.73
2007-11-02,10.22,0.97,20.93,18.65
2007-11-03,4.22,0.74,19.2,17.77
2007-11-04,0.9,1.12,20.15,16.55
2007-11-05,0.3,1.63,22.0,18.05
2007-11-06,0.0,2.77,25.48,16.07
2007-11-07,0.0,3.26,25.93,16.7
2007-11-08,0.0,3.88,26.05,15.72
2007-11-09,0.0,3.93,25.52,14.35
2007-11-10,0.0,3.8,26.02,13.7
2007-11-11,0.0,3.26,26.93,16.7
2007-11-12,0.03,3.29,27.23,17.03
2007-11-13,1.12,3.01,26.88,18.5
2007-11-14,1.3,1.9,24.7,19.27
2007-11-15,1.0,2.64,26.05,19.35
2007-11-16,0.15,2.7,26.48,18.4
2007-11-17,0.0,3.48,28.43,16.9
2007-11-18,0.0,3.68,28.43,16.77
2007-11-19,0.0,2.35,26.2,20.38
2007-11-20,0.58,2.34,26.38,20.0
2007-11-21,4.3,2.45,25.85,18.5
2007-11-22,2.73,2.15,24.25,18.0
2007-11-23,0.0,2.36,23.57,16.1
2007-11-24,0.0,3.36,24.38,15.9
2007-11-25,0.0,3.49,25.2,15.47
2007-11-26,0.0,3.7,25.65,14.35
2007-11-27,0.0,3.35,24.57,13.5
2007-11-28,0.0,3.41,24.38,13.2
2007-11-29,0.0,3.28,24.0,12.72
2007-11-30,0.0,3.17,23.1,13.12
2007-12-01,0.0,3.26,22.57,11.4
2007-12-02,0.0,3.27,23.65,11.62
2007-12-03,0.0,2.88,23.68,12.3
2007-12-04,0.0,2.31,22.77,13.2
2007-12-05,0.07,2.47,23.73,15.2
2007-12-06,0.0,2.91,25.35,13.6
2007-12-07,0.0,3.08,25.77,14.35
2007-12-08,0.0,2.72,25.52,14.88
2007-12-09,0.0,2.89,25.7,15.32
2007-12-10,0.0,3.02,26.15,15.2
2007-12-11,0.0,3.4,27.18,15.12
2007-12-12,0.0,3.36,26.95,14.5
2007-12-13,0.0,3.41,27.2,12.6
2007-12-14,0.0,3.28,26.93,11.18
2007-12-15,0.0,3.29,26.85,11.32
2007-12-16,0.0,2.97,27.5,15.2
2007-12-17,0.0,2.6,27.8,17.35
2007-12-18,0.1,3.01,28.6,18.32
2007-12-19,0.0,2.97,28.85,17.38
2007-12-20,0.0,3.26,29.18,17.85
2007-12-21,0.0,3.66,30.07,19.45
2007-12-22,0.0,3.69,29.05,17.07
2007-12-23,0.0,3.55,27.6,14.78
2007-12-24,0.0,3.67,26.9,14.68
2007-12-25,0.0,3.36,26.62,14.0
2007-12-26,0.0,3.19,26.65,14.93
2007-12-27,0.0,3.43,27.45,15.53
2007-12-28,0.0,3.58,26.93,14.7
2007-12-29,0.0,3.44,26.82,14.6
2007-12-30,0.0,3.51,27.02,14.88
2007-12-31,0.0,3.25,26.55,15.28
2008-01-01,0.0,2.87,24.18,14.6
2008-01-02,0.0,3.21,23.15,12.43
2008-01-03,0.0,3.26,24.1,12.18
2008-01-04,0.0,3.41,25.32,11.97
2008-01-05,0.0,3.42,26.25,12.9
2008-01-06,0.0,3.46,27.1,13.45
2008-01-07,0.0,3.44,27.95,11.72
2008-01-08,0.0,3.5,28.57,12.15
2008-01-09,0.0,3.75,29.02,13.97
2008-01-10,0.0,3.84,29.1,14.7
2008-01-11,0.0,3.75,28.73,13.32
2008-01-12,0.0,3.76,28.88,13.6
2008-01-13,0.0,3.83,28.57,12.7
2008-01-14,0.0,4.0,28.4,14.07
2008-01-15,0.0,3.65,27.6,15.35
2008-01-16,0.0,3.02,26.7,16.3
2008-01-17,0.0,3.56,26.6,15.75
2008-01-18,0.0,3.79,27.45,16.32
2008-01-19,0.0,3.95,28.25,17.6
2008-01-20,0.0,4.0,28.75,15.2
2008-01-21,0.0,4.02,29.2,15.25
2008-01-22,0.0,4.04,29.32,14.75
2008-01-23,0.0,3.98,28.45,15.25
2008-01-24,0.0,3.96,28.43,15.95
2008-01-25,0.03,3.46,27.32,16.93
2008-01-26,0.38,3.01,25.93,18.7
2008-01-27,0.1,3.3,27.07,18.15
2008-01-28,4.5,1.06,22.77,17.88
2008-01-29,0.0,3.13,26.35,15.8
2008-01-30,0.15,3.59,27.43,16.43
2008-01-31,12.43,0.98,22.27,18.55
2008-02-01,21.5,0.51,18.9,16.78
2008-02-02,0.0,3.16,24.25,12.12
2008-02-03,0.12,3.24,25.7,16.43
2008-02-04,1.85,3.1,24.95,17.0
2008-02-05,0.05,3.67,25.98,16.18
2008-02-06,0.0,4.03,27.32,15.18
2008-02-07,0.0,4.25,28.38,15.2
2008-02-08,0.0,4.38,29.23,15.25
2008-02-09,0.0,4.35,28.85,19.02
2008-02-10,0.0,4.46,29.43,17.5
2008-02-11,0.0,4.25,29.62,18.75
2008-02-12,0.0,4.17,29.9,19.68
2008-02-13,0.05,3.78,29.12,18.8
2008-02-14,0.0,3.51,27.52,17.68
2008-02-15,0.55,2.68,25.3,18.35
2008-02-16,0.1,3.98,27.8,17.55
2008-02-17,0.0,4.54,28.15,15.97
2008-02-18,0.17,3.71,27.95,14.2
2008-02-19,2.1,3.04,25.65,18.0
2008-02-20,4.88,2.57,24.52,16.5
2008-02-21,0.28,3.58,25.88,15.8
2008-02-22,0.12,3.14,25.1,14.57
2008-02-23,0.0,3.31,26.68,16.03
2008-02-24,0.0,4.72,29.65,15.43
2008-02-25,0.0,4.85,30.3,16.02
2008-02-26,0.0,4.77,31.02,16.38
2008-02-27,2.02,3.29,28.57,17.2
2008-02-28,0.07,3.94,28.15,18.48
2008-02-29,0.5,3.68,26.77,18.27
2008-03-01,0.35,3.63,25.95,15.73
2008-03-02,0.53,3.53,26.95,16.73
2008-03-03,0.03,3.52,26.98,17.4
2008-03-04,0.12,2.69,27.45,19.05
2008-03-05,0.05,4.04,27.7,19.9
2008-03-06,0.0,4.17,27.75,18.73
2008-03-07,0.0,4.28,29.27,15.72
2008-03-08,0.0,3.96,29.25,16.65
2008-03-09,0.17,4.23,28.88,20.02
2008-03-10,0.0,4.74,30.75,18.5
2008-03-11,0.0,5.16,31.23,18.98
2008-03-12,0.0,5.45,32.25,19.82
2008-03-13,0.0,5.69,33.92,18.45
2008-03-14,0.0,5.86,34.8,18.68
2008-03-15,0.0,5.37,33.3,21.5
2008-03-16,0.03,5.56,34.1,20.82
2008-03-17,0.0,5.49,33.92,19.32
2008-03-18,0.0,4.87,32.4,19.9
2008-03-19,0.0,5.5,33.9,19.38
2008-03-20,0.0,5.21,33.35,20.23
2008-03-21,0.0,5.92,33.73,20.65
2008-03-22,0.0,5.71,34.45,19.35
2008-03-23,0.0,5.55,34.35,18.73
2008-03-24,0.9,4.62,31.88,21.17
2008-03-25,0.0,4.58,32.0,20.68
2008-03-26,0.0,5.24,33.6,22.35
2008-03-27,0.03,5.72,33.58,20.93
2008-03-28,0.0,6.09,34.83,21.32
2008-03-29,0.0,5.65,34.12,21.57
2008-03-30,0.97,4.32,33.52,21.75
2008-03-31,0.4,3.16,29.93,20.85
2008-04-01,0.2,3.29,28.52,21.22
2008-04-02,0.68,3.66,29.8,19.5
2008-04-03,0.23,4.46,31.38,21.3
2008-04-04,0.0,5.14,33.08,22.27
2008-04-05,0.2,4.91,33.92,23.27
2008-04-06,0.88,4.58,34.25,21.52
2008-04-07,0.25,4.79,33.58,21.68
2008-04-08,0.0,5.49,34.67,22.38
2008-04-09,0.0,6.34,36.45,21.18
2008-04-10,0.12,6.46,37.23,21.95
2008-04-11,0.05,6.17,36.4,22.88
2008-04-12,0.17,5.89,36.32,22.88
2008-04-13,0.0,5.59,36.35,23.32
2008-04-14,0.75,5.78,35.17,25.23
2008-04-15,0.0,5.98,35.38,23.95
2008-04-16,0.0,5.55,35.62,24.18
2008-04-17,0.0,5.48,36.08,23.95
2008-04-18,0.0,5.88,36.05,24.57
2008-04-19,0.05,6.06,36.23,24.52
2008-04-20,0.0,6.1,36.73,23.88
2008-04-21,0.0,5.49,35.85,24.35
2008-04-22,2.42,5.05,35.75,25.05
2008-04-23,42.95,1.29,25.73,21.88
2008-04-24,13.85,2.88,27.1,20.88
2008-04-25,13.65,3.34,28.05,20.18
2008-04-26,1.75,4.19,29.2,20.65
2008-04-27,2.0,4.16,29.23,21.95
2008-04-28,8.6,3.42,28.2,22.07
2008-04-29,17.48,1.61,25.3,20.82
2008-04-30,13.78,1.81,24.85,20.7
2008-05-01,2.62,3.95,29.6,20.6
2008-05-02,1.98,3.88,29.02,21.57
2008-05-03,16.73,1.86,26.02,20.73
2008-05-04,21.32,1.28,23.07,19.98
2008-05-05,0.85,4.81,30.52,18.85
2008-05-06,1.68,4.32,30.18,20.93
2008-05-07,1.1,4.55,30.38,21.25
2008-05-08,0.5,5.12,31.45,21.23
2008-05-09,0.85,4.79,31.78,21.77
2008-05-10,13.85,2.81,26.5,22.38
2008-05-11,19.75,1.66,24.67,20.88
2008-05-12,7.55,3.71,27.93,20.75
2008-05-13,6.85,3.64,27.48,19.88
2008-05-14,7.42,2.13,25.88,20.77
2008-05-15,1.52,2.17,24.55,21.18
2008-05-16,4.45,2.46,25.8,21.0
2008-05-17,9.57,2.71,25.82,20.2
2008-05-18,6.38,1.75,24.93,20.2
2008-05-19,9.38,2.98,27.65,20.8
2008-05-20,4.78,3.58,28.43,18.8
2008-05-21,1.5,4.38,30.27,22.0
2008-05-22,1.02,4.56,30.98,21.9
2008-05-23,3.88,4.01,30.02,22.43
2008-05-24,1.9,4.95,31.35,22.0
2008-05-25,5.25,3.85,29.75,21.77
2008-05-26,4.33,3.57,29.45,22.05
2008-05-27,2.83,4.34,30.1,21.88
2008-05-28,12.02,3.73,29.93,22.0
2008-05-29,2.7,4.21,29.57,20.3
2008-05-30,6.03,3.75,29.1,21.43
2008-05-31,17.5,2.63,27.88,21.62
2008-06-01,2.45,3.04,27.48,21.38
2008-06-02,5.62,3.85,29.4,21.38
2008-06-03,20.32,1.76,25.1,21.95
2008-06-04,7.98,2.45,26.82,21.43
2008-06-05,13.2,2.54,26.7,20.8
2008-06-06,13.88,1.91,25.22,20.82
2008-06-07,6.08,1.59,24.42,21.18
2008-06-08,10.68,2.56,27.05,20.75
2008-06-09,1.93,3.92,29.45,20.95
2008-06-10,2.0,3.52,30.05,22.98
2008-06-11,2.3,3.19,28.57,22.57
2008-06-12,8.18,2.47,27.02,22.02
2008-06-13,1.73,3.63,29.65,21.73
2008-06-14,11.62,2.0,26.55,21.62
2008-06-15,12.22,2.04,25.62,21.07
2008-06-16,7.6,3.0,27.5,21.4
2008-06-17,2.62,1.65,25.0,21.45
2008-06-18,3.15,3.6,28.98,21.9
2008-06-19,5.53,3.67,29.05,21.9
2008-06-20,0.03,3.47,29.2,21.7
2008-06-21,6.85,4.23,29.92,22.27
2008-06-22,3.58,4.45,30.4,21.6
2008-06-23,0.82,4.41,30.23,22.5
2008-06-24,1.12,4.42,30.8,22.52
2008-06-25,3.9,3.91,29.68,23.52
2008-06-26,3.9,3.69,29.15,22.9
2008-06-27,0.95,3.84,29.8,22.12
2008-06-28,4.15,2.85,28.12,22.55
2008-06-29,2.8,2.16,26.45,21.8
2008-06-30,5.47,3.29,29.18,22.3
2008-07-01,0.65,2.85,28.2,21.47
2008-07-02,5.75,3.22,29.08,22.12
2008-07-03,12.12,2.65,25.62,21.4
2008-07-04,4.92,2.84,27.25,21.57
2008-07-05,15.8,2.33,26.43,21.57
2008-07-06,6.35,2.49,26.27,20.82
2008-07-07,13.47,1.93,27.32,21.5
2008-07-08,16.1,2.23,26.7,21.45
2008-07-09,14.65,2.58,26.88,21.23
2008-07-10,8.38,2.51,28.12,21.6
2008-07-11,6.72,3.15,28.2,20.52
2008-07-12,0.4,4.05,30.2,21.68
2008-07-13,10.82,2.52,26.68,22.27
2008-07-14,1.23,3.08,28.95,21.52
2008-07-15,0.08,3.58,29.25,21.35
2008-07-16,0.98,3.6,29.07,21.08
2008-07-17,5.9,2.27,27.07,21.65
2008-07-18,24.55,1.25,24.32,21.45
2008-07-19,17.88,1.35,24.3,20.85
2008-07-20,15.1,1.98,25.45,21.1
2008-07-21,1.48,4.12,29.15,20.88
2008-07-22,6.53,1.99,27.02,21.52
2008-07-23,15.1,2.71,27.57,21.88
2008-07-24,18.45,2.12,25.73,21.12
2008-07-25,12.28,2.11,24.9,20.57
2008-07-26,7.67,2.84,27.1,21.3
2008-07-27,7.0,2.73,26.88,21.02
2008-07-28,2.88,3.13,27.62,22.0
2008-07-29,10.38,2.71,27.32,21.75
2008-07-30,6.62,3.87,29.68,21.12
2008-07-31,10.05,2.99,28.65,22.05
2008-08-01,16.27,2.88,26.75,21.38
2008-08-02,9.75,3.08,27.23,20.8
2008-08-03,1.25,3.59,29.8,20.98
2008-08-04,1.88,2.88,28.32,21.95
2008-08-05,14.23,1.87,25.48,21.52
2008-08-06,5.45,3.38,28.45,20.9
2008-08-07,14.45,2.59,26.82,21.62
2008-08-08,20.32,2.09,26.02,21.93
2008-08-09,17.4,1.86,25.57,21.2
2008-08-10,10.0,1.91,26.15,21.05
2008-08-11,20.27,2.18,25.43,21.65
2008-08-12,25.77,1.74,25.75,21.3
2008-08-13,14.07,2.54,26.2,20.73
2008-08-14,6.58,2.24,26.1,20.88
2008-08-15,3.97,3.44,28.73,21.15
2008-08-16,6.67,3.41,28.82,21.85
2008-08-17,4.72,2.73,26.88,21.57
2008-08-18,1.48,3.01,27.88,20.9
2008-08-19,2.6,3.01,28.12,21.35
2008-08-20,8.55,3.51,29.27,20.95
2008-08-21,13.1,2.35,25.62,21.23
2008-08-22,3.4,3.5,28.75,21.6
2008-08-23,3.33,3.86,29.35,21.43
2008-08-24,2.6,4.26,30.02,21.88
2008-08-25,3.05,3.74,29.23,21.77
2008-08-26,5.12,3.69,29.7,22.02
2008-08-27,20.0,2.59,28.35,21.45
2008-08-28,13.5,3.0,27.62,20.73
2008-08-29,9.35,3.19,28.85,21.25
2008-08-30,5.45,3.63,29.62,21.6
2008-08-31,5.15,2.97,27.82,22.52
2008-09-01,9.1,2.69,27.5,21.73
2008-09-02,5.0,3.6,28.4,21.2
2008-09-03,4.55,3.59,29.5,21.05
2008-09-04,1.52,3.91,29.43,21.77
2008-09-05,12.93,2.54,27.65,22.05
2008-09-06,15.32,1.93,26.15,21.25
2008-09-07,19.32,1.29,24.2,21.05
2008-09-08,7.53,2.74,28.35,20.17
2008-09-09,5.48,3.73,29.2,20.43
2008-09-10,8.0,3.5,28.2,21.32
2008-09-11,5.15,3.83,28.73,21.0
2008-09-12,5.53,2.73,27.9,21.38
2008-09-13,7.22,3.32,27.57,21.27
2008-09-14,11.53,2.69,27.62,20.18
2008-09-15,11.45,3.04,27.25,20.15
2008-09-16,1.78,3.49,28.57,20.95
2008-09-17,3.83,3.59,28.75,20.73
2008-09-18,2.55,3.67,29.25,21.12
2008-09-19,8.62,2.76,27.98,21.6
2008-09-20,6.7,3.19,28.15,20.77
2008-09-21,2.58,3.29,27.75,21.25
2008-09-22,2.67,3.62,28.45,21.12
2008-09-23,3.52,3.68,29.5,20.93
2008-09-24,0.33,4.1,30.0,21.1
2008-09-25,0.38,3.4,29.1,21.35
2008-09-26,1.73,1.95,27.07,21.68
2008-09-27,1.02,3.58,28.05,21.05
2008-09-28,0.42,3.46,28.57,21.73
2008-09-29,2.52,3.72,29.27,21.12
2008-09-30,2.25,3.62,29.27,20.93
2008-10-01,10.4,2.03,24.82,21.3
2008-10-02,5.98,2.56,27.75,20.2
2008-10-03,3.77,3.22,27.95,20.2
2008-10-04,2.98,3.83,29.98,20.85
2008-10-05,7.22,3.58,29.98,21.4
2008-10-06,11.1,1.78,24.93,20.88
2008-10-07,3.9,2.06,26.2,20.68
2008-10-08,4.47,2.41,25.62,20.52
2008-10-09,6.82,2.74,26.38,20.62
2008-10-10,5.6,3.09,27.43,20.12
2008-10-11,2.48,3.14,27.3,20.27
2008-10-12,9.47,2.5,26.68,20.3
2008-10-13,0.12,3.73,28.68,20.25
2008-10-14,0.0,4.28,28.85,20.08
2008-10-15,0.0,4.06,28.92,19.62
2008-10-16,0.28,3.76,28.68,20.57
2008-10-17,0.0,3.97,29.4,19.6
2008-10-18,0.0,4.07,29.38,20.55
2008-10-19,0.07,3.04,27.85,21.15
2008-10-20,4.05,3.1,28.27,21.5
2008-10-21,0.9,2.94,28.12,20.12
2008-10-22,8.38,2.88,28.4,20.93
2008-10-23,9.93,2.76,27.23,20.9
2008-10-24,5.35,2.2,25.93,20.08
2008-10-25,7.3,1.58,25.07,20.65
2008-10-26,14.9,1.66,25.25,20.2
2008-10-27,12.05,1.61,24.88,20.27
2008-10-28,4.3,2.13,25.83,20.25
2008-10-29,1.27,2.78,26.73,20.45
2008-10-30,0.95,3.21,27.93,19.93
2008-10-31,5.15,2.29,26.38,20.38
2008-11-01,11.12,1.8,25.6,20.02
2008-11-02,46.7,0.8,23.32,20.88
2008-11-03,25.73,2.15,26.18,20.5
2008-11-04,2.18,2.56,26.65,19.93
2008-11-05,2.27,2.52,25.68,20.23
2008-11-06,5.03,2.21,25.27,20.35
2008-11-07,0.9,3.06,27.38,19.43
2008-11-08,0.62,3.04,26.52,18.48
2008-11-09,0.0,3.98,26.05,15.48
2008-11-10,0.0,3.81,24.18,13.25
2008-11-11,0.0,3.69,23.77,12.3
2008-11-12,0.0,3.59,23.52,12.35
2008-11-13,0.0,3.54,23.65,12.38
2008-11-14,0.0,3.5,23.73,13.02
2008-11-15,0.0,3.5,24.25,10.7
2008-11-16,0.0,3.54,26.6,11.68
2008-11-17,0.0,3.58,28.05,14.55
2008-11-18,0.03,2.92,27.6,17.07
2008-11-19,0.6,1.96,24.85,19.93
2008-11-20,0.0,2.26,25.15,19.5
2008-11-21,0.0,2.46,25.43,18.98
2008-11-22,0.08,3.04,26.82,17.75
2008-11-23,0.03,3.12,27.27,18.0
2008-11-24,0.3,2.65,26.32,18.07
2008-11-25,0.45,2.73,25.52,17.65
2008-11-26,0.0,3.39,26.2,16.3
2008-11-27,0.0,3.55,24.45,14.0
2008-11-28,0.0,3.44,23.45,12.35
2008-11-29,0.0,3.5,23.2,11.22
2008-11-30,0.0,3.46,21.68,9.9
2008-12-01,0.0,3.37,22.15,9.3
2008-12-02,0.0,3.27,22.52,9.9
2008-12-03,0.0,3.34,24.4,11.38
2008-12-04,0.0,3.38,25.5,12.52
2008-12-05,0.0,2.56,23.85,13.18
2008-12-06,0.0,2.63,23.68,12.85
2008-12-07,0.0,2.37,23.43,13.72
2008-12-08,0.0,2.73,23.88,13.82
2008-12-09,0.0,3.17,24.45,12.62
2008-12-10,0.0,3.31,25.4,13.65
2008-12-11,0.0,2.83,24.77,14.45
2008-12-12,0.0,3.33,25.82,15.12
2008-12-13,0.0,3.34,27.25,14.82
2008-12-14,0.0,3.17,26.23,13.15
2008-12-15,0.0,2.69,24.93,15.18
2008-12-16,0.0,3.22,25.73,14.65
2008-12-17,0.0,3.18,25.45,14.45
2008-12-18,0.0,3.23,24.88,13.45
2008-12-19,0.0,2.78,23.85,13.7
2008-12-20,0.0,3.18,23.73,12.8
2008-12-21,0.0,3.21,23.93,11.98
2008-12-22,0.0,3.01,25.15,12.42
2008-12-23,0.0,2.5,24.3,14.45
2008-12-24,0.0,3.19,25.5,14.15
2008-12-25,0.0,3.02,25.45,13.9
2008-12-26,0.97,1.27,21.25,16.25
2008-12-27,0.0,2.26,22.45,14.45
2008-12-28,0.0,2.73,24.38,14.88
2008-12-29,0.0,2.88,24.73,14.57
2008-12-30,0.0,3.3,25.88,14.38
2008-12-31,0.0,3.0,25.6,13.97
2009-01-01,0.0,2.96,25.33,13.32
2009-01-02,0.1,2.04,22.65,14.72
2009-01-03,0.0,2.85,24.15,14.68
2009-01-04,0.0,3.22,24.92,13.62
2009-01-05,0.0,3.37,25.4,15.0
2009-01-06,0.0,3.18,25.62,14.47
2009-01-07,0.0,3.26,25.73,13.72
2009-01-08,0.0,3.41,26.05,13.57
2009-01-09,0.0,2.85,24.98,13.2
2009-01-10,0.0,2.6,22.45,14.38
2009-01-11,0.0,3.03,23.35,13.3
2009-01-12,0.0,3.27,24.45,12.47
2009-01-13,0.0,3.44,22.82,13.07
2009-01-14,0.0,3.36,22.8,11.0
2009-01-15,0.0,3.35,22.3,11.43
2009-01-16,0.0,3.41,23.0,10.5
2009-01-17,0.0,3.5,23.85,10.6
2009-01-18,0.0,3.6,24.77,11.8
2009-01-19,0.0,3.8,25.77,12.7
2009-01-20,0.0,3.84,27.4,14.0
2009-01-21,0.0,3.85,27.32,14.22
2009-01-22,0.0,3.96,27.8,14.68
2009-01-23,0.0,4.08,28.12,15.05
2009-01-24,0.0,3.5,27.23,14.97
2009-01-25,0.0,3.78,28.1,17.9
2009-01-26,0.0,4.16,28.77,16.73
2009-01-27,0.0,4.22,28.95,16.85
2009-01-28,0.0,4.3,29.38,17.88
2009-01-29,0.0,4.16,29.82,15.65
2009-01-30,0.0,4.29,29.77,15.88
2009-01-31,0.0,4.45,29.57,17.1
2009-02-01,0.0,4.4,29.35,16.55
2009-02-02,0.0,4.25,29.27,17.98
2009-02-03,0.0,3.92,28.75,18.98
2009-02-04,0.0,4.5,29.57,16.82
2009-02-05,0.0,4.24,29.1,15.38
2009-02-06,0.45,3.63,28.1,16.55
2009-02-07,0.1,3.77,28.32,18.6
2009-02-08,0.0,4.36,30.05,17.82
2009-02-09,0.0,4.06,29.88,16.98
2009-02-10,0.0,3.45,28.9,16.8
2009-02-11,0.0,3.46,28.35,18.82
2009-02-12,0.0,4.84,30.32,16.6
2009-02-13,0.0,4.72,30.35,14.07
2009-02-14,0.0,4.73,30.9,14.85
2009-02-15,0.0,4.66,31.82,15.55
2009-02-16,0.0,4.69,32.17,16.75
2009-02-17,0.0,4.86,32.43,18.02
2009-02-18,0.0,4.87,32.12,17.3
2009-02-19,0.0,4.65,32.05,20.18
2009-02-20,0.0,4.88,33.7,19.8
2009-02-21,0.0,4.86,33.08,20.43
2009-02-22,0.0,5.34,34.25,20.73
2009-02-23,0.0,5.29,33.98,18.3
2009-02-24,0.0,5.36,33.88,18.07
2009-02-25,0.0,5.38,34.2,18.02
2009-02-26,0.0,5.37,33.88,17.8
2009-02-27,0.0,5.46,34.25,18.4
2009-02-28,0.0,5.27,34.2,17.6
2009-03-01,0.0,5.46,33.1,17.77
2009-03-02,0.03,5.01,32.17,20.32
2009-03-03,0.0,5.66,33.77,20.93
2009-03-04,0.0,5.94,33.7,19.75
2009-03-05,0.0,5.96,33.6,19.18
2009-03-06,0.0,5.78,33.73,17.48
2009-03-07,0.0,5.8,34.38,18.23
2009-03-08,0.0,6.06,34.35,19.73
2009-03-09,0.0,5.77,34.5,18.85
2009-03-10,0.0,5.9,35.25,18.88
2009-03-11,0.0,5.91,34.98,17.53
2009-03-12,0.0,5.76,34.23,18.52
2009-03-13,0.0,5.33,34.8,18.98
2009-03-14,0.17,4.2,29.0,20.73
2009-03-15,0.0,4.88,30.3,19.52
2009-03-16,0.03,4.32,32.15,20.15
2009-03-17,1.82,4.32,33.25,22.38
2009-03-18,0.0,3.71,30.2,20.25
2009-03-19,0.0,4.59,32.15,20.45
2009-03-20,0.1,5.34,34.12,20.43
2009-03-21,0.0,5.22,33.88,20.35
2009-03-22,0.0,5.49,34.25,20.85
2009-03-23,0.0,5.61,35.12,22.05
2009-03-24,0.12,5.21,34.85,22.0
2009-03-25,0.0,5.19,34.1,21.3
2009-03-26,1.85,4.42,32.15,20.9
2009-03-27,0.0,5.65,33.6,20.23
2009-03-28,0.0,5.53,33.35,20.3
2009-03-29,0.0,6.14,34.58,19.12
2009-03-30,0.05,5.57,34.52,20.12
2009-03-31,0.62,5.88,34.08,22.07
2009-04-01,3.62,3.84,29.93,19.32
2009-04-02,6.78,3.45,29.1,18.0
2009-04-03,0.03,4.58,30.88,19.65
2009-04-04,0.0,5.72,33.6,22.07
2009-04-05,0.0,6.23,34.6,23.0
2009-04-06,0.0,5.79,33.62,22.98
2009-04-07,0.05,4.92,32.3,21.18
2009-04-08,0.1,5.59,33.42,22.07
2009-04-09,0.0,5.45,33.9,22.38
2009-04-10,0.17,5.25,33.35,22.95
2009-04-11,0.45,5.36,33.58,22.38
2009-04-12,0.0,5.38,33.58,21.95
2009-04-13,0.0,5.63,34.5,22.5
2009-04-14,1.32,4.02,32.73,23.2
2009-04-15,7.6,3.12,29.48,21.52
2009-04-16,0.65,5.44,34.2,23.02
2009-04-17,0.0,4.41,33.4,23.7
2009-04-18,0.45,4.63,32.25,23.25
2009-04-19,0.0,6.19,35.25,21.67
2009-04-20,0.0,5.92,34.4,21.7
2009-04-21,0.0,6.2,35.32,22.57
2009-04-22,0.0,6.0,35.23,22.5
2009-04-23,0.0,5.89,35.55,22.05
2009-04-24,0.0,5.65,35.88,22.4
2009-04-25,0.0,5.28,36.8,23.65
2009-04-26,12.25,1.78,27.67,22.7
2009-04-27,0.28,3.93,30.93,22.05
2009-04-28,6.83,3.22,28.95,21.88
2009-04-29,9.4,3.85,29.38,20.8
2009-04-30,1.18,4.11,31.23,22.32
2009-05-01,2.65,4.71,31.93,21.98
2009-05-02,6.95,4.34,30.82,21.95
2009-05-03,6.15,3.21,28.27,21.1
2009-05-04,2.53,3.62,29.23,19.93
2009-05-05,0.15,3.96,29.7,23.23
2009-05-06,0.78,4.57,31.98,22.8
2009-05-07,0.23,5.22,33.25,22.95
2009-05-08,0.0,5.42,33.65,23.4
2009-05-09,0.2,5.6,34.2,22.9
2009-05-10,0.6,4.95,33.5,23.15
2009-05-11,2.33,4.2,32.25,23.18
2009-05-12,4.45,4.26,33.27,22.8
2009-05-13,17.3,2.2,28.27,21.45
2009-05-14,36.8,1.22,24.07,20.82
2009-05-15,14.4,1.17,23.85,21.05
2009-05-16,12.57,2.89,28.43,20.9
2009-05-17,7.6,3.25,28.5,21.25
2009-05-18,9.82,3.12,29.23,21.75
2009-05-19,1.8,4.23,30.73,21.8
2009-05-20,6.92,4.35,30.62,21.1
2009-05-21,0.47,4.52,30.3,21.8
2009-05-22,0.38,4.75,31.33,22.75
2009-05-23,1.05,4.94,31.52,22.93
2009-05-24,0.97,4.47,31.38,23.05
2009-05-25,1.98,3.26,29.83,23.1
2009-05-26,0.72,4.06,31.22,22.65
2009-05-27,0.4,4.59,32.52,23.25
2009-05-28,14.62,3.23,31.4,23.35
2009-05-29,30.1,2.06,26.07,21.88
2009-05-30,23.45,1.71,26.35,21.75
2009-05-31,22.07,3.04,27.18,21.52
2009-06-01,3.98,2.77,27.25,21.85
2009-06-02,0.17,4.02,29.75,21.9
2009-06-03,5.35,4.33,30.85,22.57
2009-06-04,3.03,4.12,29.0,22.25
2009-06-05,19.35,1.49,25.27,21.27
2009-06-06,23.0,2.05,26.48,21.3
2009-06-07,12.6,2.33,26.82,21.4
2009-06-08,16.25,1.47,25.77,21.62
2009-06-09,0.05,4.64,31.12,21.32
2009-06-10,0.15,4.42,30.85,21.6
2009-06-11,3.57,4.47,30.62,21.43
2009-06-12,5.88,3.81,28.82,21.25
2009-06-13,5.67,3.77,28.98,21.7
2009-06-14,1.82,4.3,30.93,21.88
2009-06-15,3.45,4.81,31.4,21.5
2009-06-16,5.3,3.04,27.8,22.65
2009-06-17,8.28,2.07,25.98,21.8
2009-06-18,5.62,2.76,27.15,20.57
2009-06-19,1.7,3.87,28.82,21.48
2009-06-20,0.88,4.26,29.7,21.6
2009-06-21,3.0,3.75,28.9,22.2
2009-06-22,2.53,3.83,28.55,22.02
2009-06-23,1.6,3.04,27.1,21.68
2009-06-24,5.03,3.46,29.38,22.02
2009-06-25,3.9,4.26,30.38,22.3
2009-06-26,3.52,3.1,29.08,22.88
2009-06-27,4.72,3.28,29.15,21.8
2009-06-28,5.92,2.32,28.12,21.95
2009-06-29,1.32,1.34,24.98,22.27
2009-06-30,1.23,1.79,25.32,21.88
2009-07-01,11.53,1.91,25.77,21.43
2009-07-02,2.12,3.25,27.65,21.23
2009-07-03,0.4,3.03,28.32,21.93
2009-07-04,0.38,2.6,27.57,22.38
2009-07-05,18.45,0.94,23.27,21.73
2009-07-06,27.1,0.94,22.95,21.32
2009-07-07,4.95,2.59,26.75,20.82
2009-07-08,4.55,3.88,29.15,20.32
2009-07-09,0.95,4.09,29.55,21.48
2009-07-10,0.0,5.0,30.92,21.7
2009-07-11,0.28,5.23,31.73,21.82
2009-07-12,4.5,4.21,31.82,22.45
2009-07-13,18.52,2.39,28.15,22.35
2009-07-14,16.98,2.57,26.2,21.27
2009-07-15,0.78,4.22,30.07,22.1
2009-07-16,1.4,4.05,30.1,22.3
2009-07-17,1.4,3.78,30.75,22.48
2009-07-18,12.7,3.12,29.0,22.25
2009-07-19,2.52,3.4,28.55,21.75
2009-07-20,2.67,2.69,28.32,22.18
2009-07-21,10.83,2.7,26.93,22.18
2009-07-22,2.55,4.42,30.7,21.93
2009-07-23,0.15,4.43,30.6,22.25
2009-07-24,0.32,4.29,30.23,23.23
2009-07-25,4.03,3.41,29.2,22.77
2009-07-26,2.25,2.05,26.27,21.77
2009-07-27,4.33,2.26,26.8,22.27
2009-07-28,3.3,2.49,27.25,21.85
2009-07-29,3.77,2.06,26.75,22.48
2009-07-30,3.23,2.66,27.68,21.15
2009-07-31,7.0,2.97,29.2,21.77
2009-08-01,1.75,3.57,30.4,21.4
2009-08-02,5.03,3.12,29.07,23.45
2009-08-03,3.08,4.0,30.38,23.05
2009-08-04,1.15,3.9,30.18,23.18
2009-08-05,0.85,3.05,29.25,22.85
2009-08-06,16.82,2.91,30.07,23.12
2009-08-07,48.88,1.3,25.25,22.05
2009-08-08,4.78,2.13,27.23,21.92
2009-08-09,1.32,3.83,29.9,22.27
2009-08-10,0.7,4.29,31.02,22.73
2009-08-11,10.82,3.06,29.8,23.35
2009-08-12,12.15,2.83,29.0,22.93
2009-08-13,7.55,2.7,27.7,22.55
2009-08-14,18.6,2.79,27.7,21.05
2009-08-15,7.92,2.04,27.23,21.68
2009-08-16,0.55,3.05,29.0,22.1
2009-08-17,0.25,3.14,27.73,22.2
2009-08-18,0.25,4.25,29.73,21.73
2009-08-19,2.18,4.29,29.85,22.1
2009-08-20,3.07,4.62,30.43,22.65
2009-08-21,1.4,4.67,30.98,22.12
2009-08-22,11.35,2.53,26.3,22.23
2009-08-23,11.22,2.26,25.62,21.6
2009-08-24,9.75,2.66,26.62,20.55
2009-08-25,1.15,3.9,29.07,21.18
2009-08-26,0.78,5.11,32.08,22.52
2009-08-27,2.25,4.29,31.32,21.77
2009-08-28,3.55,3.51,29.1,22.45
2009-08-29,6.05,4.12,30.2,22.65
2009-08-30,12.7,2.48,27.23,21.27
2009-08-31,11.88,2.51,26.5,21.0
2009-09-01,7.18,3.06,28.65,20.55
2009-09-02,3.65,3.63,28.7,22.0
2009-09-03,3.42,2.81,28.4,21.95
2009-09-04,0.88,3.67,29.32,22.32
2009-09-05,4.95,3.33,28.7,22.6
2009-09-06,5.17,3.31,28.68,22.45
2009-09-07,15.85,2.54,27.55,21.77
2009-09-08,10.38,2.58,27.3,21.93
2009-09-09,0.38,3.91,30.15,21.92
2009-09-10,1.25,4.29,31.3,21.7
2009-09-11,1.18,4.24,30.83,22.6
2009-09-12,1.43,3.19,29.68,22.12
2009-09-13,7.65,2.95,28.48,22.73
2009-09-14,6.38,2.98,28.2,22.2
2009-09-15,4.25,3.29,30.15,22.2
2009-09-16,11.1,2.94,28.38,22.12
2009-09-17,18.42,1.19,24.18,21.55
2009-09-18,4.55,2.41,26.9,20.7
2009-09-19,2.7,3.56,28.65,21.8
2009-09-20,0.0,4.61,30.68,20.95
2009-09-21,4.3,3.9,30.82,21.75
2009-09-22,5.85,3.33,28.33,21.02
2009-09-23,13.92,3.11,28.65,20.77
2009-09-24,4.85,3.45,28.35,20.82
2009-09-25,3.6,3.46,29.43,20.55
2009-09-26,16.83,1.95,25.93,21.18
2009-09-27,17.25,2.53,26.98,21.1
2009-09-28,0.5,3.83,29.02,20.52
2009-09-29,0.0,4.14,29.82,20.52
2009-09-30,3.95,4.68,31.25,19.52
2009-10-01,6.7,2.09,26.2,21.43
2009-10-02,4.3,1.63,25.52,21.75
2009-10-03,16.2,1.67,25.43,21.07
2009-10-04,5.67,2.68,26.95,20.32
2009-10-05,9.7,3.06,27.93,20.2
2009-10-06,3.7,3.63,29.07,19.4
2009-10-07,0.6,3.44,29.65,21.88
2009-10-08,0.3,3.41,28.88,22.07
2009-10-09,1.1,3.61,29.3,22.65
2009-10-10,5.65,3.45,29.32,22.25
2009-10-11,3.75,3.0,27.55,20.88
2009-10-12,2.23,3.63,28.93,20.77
2009-10-13,9.4,2.95,27.65,20.7
2009-10-14,1.1,2.83,27.9,20.12
2009-10-15,3.28,2.97,28.0,21.18
2009-10-16,7.88,3.08,28.15,20.77
2009-10-17,2.77,3.23,28.02,20.35
2009-10-18,2.77,2.99,28.5,21.4
2009-10-19,5.73,3.29,29.12,21.4
2009-10-20,3.17,2.64,26.5,20.88
2009-10-21,6.0,2.57,26.65,20.45
2009-10-22,4.55,2.66,26.82,20.6
2009-10-23,0.72,2.69,27.07,20.48
2009-10-24,0.75,2.98,28.07,20.75
2009-10-25,0.2,3.46,29.05,21.12
2009-10-26,0.07,3.48,29.12,20.02
2009-10-27,0.0,3.34,28.8,19.95
2009-10-28,0.03,3.41,28.55,20.38
2009-10-29,0.0,3.53,28.95,19.73
2009-10-30,0.0,3.69,29.23,20.7
2009-10-31,0.0,3.51,29.35,21.18
2009-11-01,0.25,3.5,28.2,19.88
2009-11-02,0.0,3.98,27.68,17.7
2009-11-03,0.0,4.1,25.2,16.18
2009-11-04,0.0,2.59,23.85,17.75
2009-11-05,0.0,3.76,27.07,16.62
2009-11-06,0.0,3.84,27.57,17.12
2009-11-07,0.0,3.89,28.68,17.9
2009-11-08,0.0,3.97,29.55,18.62
2009-11-09,0.0,3.68,30.25,19.05
2009-11-10,0.0,3.86,30.43,19.25
2009-11-11,0.0,4.05,30.95,19.73
2009-11-12,0.0,4.03,31.18,20.25
2009-11-13,0.0,4.08,31.7,20.57
2009-11-14,0.0,4.08,31.7,20.48
2009-11-15,0.0,3.73,30.4,21.02
2009-11-16,0.0,3.89,30.75,20.6
2009-11-17,2.38,3.08,28.95,21.7
2009-11-18,4.33,1.88,24.2,20.18
2009-11-19,0.15,1.99,23.6,19.18
2009-11-20,0.0,2.86,26.25,18.0
2009-11-21,0.0,2.07,23.27,16.45
2009-11-22,0.0,2.69,22.6,14.22
2009-11-23,0.0,3.33,24.77,12.1
2009-11-24,0.0,3.52,26.8,14.75
2009-11-25,0.0,3.48,27.0,16.55
2009-11-26,0.0,3.52,26.88,17.35
2009-11-27,0.0,3.52,27.05,15.9
2009-11-28,0.0,3.49,27.15,15.22
2009-11-29,0.0,3.54,27.27,15.28
2009-11-30,0.0,3.39,27.1,15.2
2009-12-01,0.0,2.93,26.18,15.55
2009-12-02,0.0,3.22,26.55,15.28
2009-12-03,0.0,3.0,26.1,15.38
2009-12-04,0.0,3.51,25.98,14.65
2009-12-05,0.0,2.88,25.0,14.9
2009-12-06,0.0,3.47,25.57,15.7
2009-12-07,0.0,3.4,26.23,16.32
2009-12-08,0.0,3.39,26.25,15.93
2009-12-09,0.0,2.98,26.0,15.92
2009-12-10,0.0,3.38,26.7,15.08
2009-12-11,0.0,3.48,26.52,14.93
2009-12-12,0.0,3.08,25.93,13.95
2009-12-13,0.0,3.38,26.65,14.35
2009-12-14,0.0,3.41,27.0,14.68
2009-12-15,0.0,3.34,27.68,15.05
2009-12-16,0.0,3.5,27.82,15.03
2009-12-17,0.0,3.25,27.7,15.82
2009-12-18,0.1,2.97,27.1,17.93
2009-12-19,0.85,2.61,26.15,18.4
2009-12-20,0.45,2.59,25.38,16.6
2009-12-21,0.08,2.83,25.55,17.62
2009-12-22,0.03,2.6,24.73,16.73
2009-12-23,0.0,3.25,26.15,15.3
2009-12-24,0.0,3.35,26.95,15.18
2009-12-25,0.0,3.42,27.45,15.23
2009-12-26,0.0,3.52,27.35,15.22
2009-12-27,0.0,3.5,27.48,14.2
2009-12-28,0.0,3.39,27.7,14.8
2009-12-29,0.0,3.58,27.73,15.05
2009-12-30,0.0,3.58,27.1,13.68
2009-12-31,0.0,3.66,27.3,13.97
2010-01-01,0.0,3.71,28.4,14.83
2010-01-02,0.0,3.63,28.82,14.25
2010-01-03,0.0,3.71,28.68,14.53
2010-01-04,0.0,3.81,28.82,14.7
2010-01-05,0.0,3.48,28.62,15.32
2010-01-06,0.0,3.12,28.75,15.93
2010-01-07,0.55,2.43,27.92,19.5
2010-01-08,0.22,2.64,27.15,18.88
2010-01-09,0.0,3.32,28.85,19.12
2010-01-10,0.0,3.64,28.6,16.52
2010-01-11,0.0,3.96,29.18,17.18
2010-01-12,0.0,3.47,28.62,18.65
2010-01-13,0.62,3.03,27.48,19.3
2010-01-14,0.05,2.78,26.57,18.68
2010-01-15,0.0,2.89,27.8,18.07
2010-01-16,0.07,2.88,27.15,16.82
2010-01-17,0.0,2.79,26.4,18.45
2010-01-18,0.0,2.74,25.93,17.25
2010-01-19,0.0,3.5,27.65,16.75
2010-01-20,0.0,3.75,28.88,15.72
2010-01-21,0.0,3.66,29.45,15.6
2010-01-22,0.0,2.97,28.95,18.62
2010-01-23,0.1,3.2,28.75,19.12
2010-01-24,0.28,3.16,28.25,20.07
2010-01-25,0.38,2.99,28.4,18.88
2010-01-26,6.85,2.39,25.98,18.25
2010-01-27,0.2,2.92,26.48,18.35
2010-01-28,0.0,3.44,28.43,16.62
2010-01-29,0.0,4.24,29.68,16.5
2010-01-30,0.0,4.42,29.45,15.62
2010-01-31,0.0,4.1,29.27,16.4
2010-02-01,0.0,4.31,29.48,16.05
2010-02-02,0.0,4.41,29.75,16.25
2010-02-03,0.0,4.51,30.23,15.7
2010-02-04,0.0,4.51,30.55,15.53
2010-02-05,0.0,4.28,30.1,16.77
2010-02-06,0.0,4.54,30.73,15.25
2010-02-07,0.0,4.71,30.43,14.88
2010-02-08,0.0,4.83,30.8,15.38
2010-02-09,0.0,4.87,30.9,15.5
2010-02-10,0.0,4.9,31.3,15.82
2010-02-11,0.0,4.78,31.82,15.78
2010-02-12,0.0,4.89,31.48,15.68
2010-02-13,0.0,4.93,32.02,17.15
2010-02-14,0.0,5.08,32.48,16.25
2010-02-15,0.0,4.95,32.27,16.3
2010-02-16,0.0,4.99,32.65,17.25
2010-02-17,0.0,5.16,32.5,18.23
2010-02-18,0.0,5.07,32.6,19.52
2010-02-19,0.0,4.97,32.33,20.2
2010-02-20,0.05,4.81,31.3,19.55
2010-02-21,0.0,5.19,31.7,16.62
2010-02-22,0.0,5.25,31.5,15.95
2010-02-23,0.0,5.35,31.05,17.77
2010-02-24,0.0,5.39,31.05,15.3
2010-02-25,0.0,5.39,32.77,15.53
2010-02-26,0.0,5.37,33.38,16.77
2010-02-27,0.0,5.42,33.42,17.72
2010-02-28,0.0,5.66,33.33,18.45
2010-03-01,0.0,5.59,33.52,18.38
2010-03-02,0.0,5.7,33.77,17.82
2010-03-03,0.0,5.68,34.58,17.3
2010-03-04,0.0,5.87,34.45,17.65
2010-03-05,0.0,5.93,34.67,17.8
2010-03-06,0.0,5.92,35.23,19.0
2010-03-07,0.0,5.98,35.88,19.43
2010-03-08,0.0,5.8,36.52,19.85
2010-03-09,0.0,5.76,36.38,22.68
2010-03-10,0.23,3.58,29.65,21.93
2010-03-11,0.0,4.34,29.73,19.58
2010-03-12,0.0,5.67,33.92,20.2
2010-03-13,0.0,6.1,35.58,19.27
2010-03-14,0.0,6.09,35.8,19.9
2010-03-15,0.0,5.33,35.08,19.75
2010-03-16,0.05,5.12,34.0,19.85
2010-03-17,0.03,4.88,33.7,21.57
2010-03-18,2.38,4.45,32.1,22.12
2010-03-19,0.9,4.27,32.38,19.98
2010-03-20,0.3,4.78,33.17,19.9
2010-03-21,0.0,5.3,34.1,21.68
2010-03-22,0.0,6.04,34.62,21.73
2010-03-23,0.0,6.51,34.8,19.95
2010-03-24,0.0,6.44,35.8,20.12
2010-03-25,0.0,6.38,36.58,20.65
2010-03-26,0.0,5.48,32.23,20.45
2010-03-27,0.0,5.53,32.25,19.52
2010-03-28,1.05,4.88,31.7,22.07
2010-03-29,1.73,4.71,31.75,20.9
2010-03-30,0.03,5.2,32.3,18.55
2010-03-31,0.1,5.28,32.85,21.77
2010-04-01,0.0,5.51,34.02,22.62
2010-04-02,0.0,5.96,35.73,22.2
2010-04-03,0.0,6.46,37.5,23.22
2010-04-04,0.0,6.87,38.05,24.18
2010-04-05,0.0,6.98,38.58,22.55
2010-04-06,0.0,7.0,38.73,23.0
2010-04-07,0.0,6.92,39.0,23.4
2010-04-08,0.0,6.87,39.42,23.25
2010-04-09,0.0,6.97,38.62,24.0
2010-04-10,0.0,7.13,38.3,22.65
2010-04-11,0.0,7.2,38.88,21.57
2010-04-12,0.0,6.95,38.7,21.68
2010-04-13,0.0,6.65,38.33,22.65
2010-04-14,0.0,6.43,37.2,25.25
2010-04-15,0.0,6.25,38.5,24.9
2010-04-16,0.0,6.21,37.2,26.25
2010-04-17,0.65,5.38,35.02,23.6
2010-04-18,0.0,6.38,36.48,22.98
2010-04-19,0.0,6.73,37.08,23.12
2010-04-20,0.0,6.92,37.35,22.9
2010-04-21,0.0,7.37,38.7,23.43
2010-04-22,0.0,6.7,38.7,24.48
2010-04-23,0.1,6.58,38.38,25.52
2010-04-24,0.05,5.97,35.3,24.43
2010-04-25,0.0,5.72,35.75,23.48
2010-04-26,0.0,6.0,36.8,24.4
2010-04-27,0.12,6.14,36.08,23.85
2010-04-28,0.0,6.34,36.92,23.52
2010-04-29,0.0,5.73,35.88,24.35
2010-04-30,0.0,5.58,36.0,24.15
2010-05-01,0.03,5.62,34.83,24.43
2010-05-02,0.68,5.33,34.92,24.73
2010-05-03,2.58,5.0,35.08,24.75
2010-05-04,0.0,5.77,36.02,23.85
2010-05-05,0.0,6.33,37.55,24.6
2010-05-06,0.0,6.03,37.3,25.73
2010-05-07,0.88,6.04,37.98,25.65
2010-05-08,1.62,5.87,37.5,25.9
2010-05-09,0.0,6.35,37.42,25.57
2010-05-10,0.0,6.83,38.6,24.9
2010-05-11,0.75,6.01,35.92,25.88
2010-05-12,0.2,4.97,35.2,24.88
2010-05-13,0.05,5.8,36.23,25.08
2010-05-14,0.0,6.05,37.48,25.75
2010-05-15,0.0,6.48,38.67,26.32
2010-05-16,0.0,6.47,37.15,26.3
2010-05-17,0.15,5.93,35.7,24.85
2010-05-18,3.88,3.1,34.1,24.5
2010-05-19,0.15,3.64,32.55,24.0
2010-05-20,0.0,4.8,33.75,24.85
2010-05-21,5.83,4.85,34.83,24.93
2010-05-22,2.0,4.95,34.95,23.43
2010-05-23,1.68,4.82,33.23,24.23
2010-05-24,3.15,3.54,31.4,23.6
2010-05-25,3.8,3.15,29.52,23.48
2010-05-26,10.83,3.96,31.7,22.75
2010-05-27,2.05,4.39,33.05,23.82
2010-05-28,0.17,4.78,32.85,24.1
2010-05-29,0.05,5.12,33.6,24.55
2010-05-30,4.9,4.05,32.0,24.43
2010-05-31,3.7,3.96,32.15,23.07
2010-06-01,0.33,5.5,34.65,23.57
2010-06-02,0.08,6.13,35.8,22.98
2010-06-03,2.33,5.12,35.15,24.35
2010-06-04,6.17,4.39,32.88,22.88
2010-06-05,7.97,4.3,32.17,22.75
2010-06-06,1.9,4.35,32.52,22.8
2010-06-07,0.72,5.09,33.33,23.5
2010-06-08,5.6,3.82,31.2,23.48
2010-06-09,3.92,3.81,32.12,23.93
2010-06-10,0.17,4.96,32.52,23.43
2010-06-11,3.0,4.1,32.42,24.27
2010-06-12,8.35,3.65,31.43,22.62
2010-06-13,2.25,3.67,32.08,23.45
2010-06-14,0.07,3.39,30.52,23.43
2010-06-15,0.12,3.02,29.6,24.07
2010-06-16,0.62,3.83,31.3,22.93
2010-06-17,0.05,5.18,32.88,23.43
2010-06-18,0.0,5.31,33.9,23.2
2010-06-19,0.05,5.66,34.75,24.68
2010-06-20,2.6,5.25,35.75,24.77
2010-06-21,4.45,4.48,34.05,25.0
2010-06-22,11.77,2.73,29.98,23.45
2010-06-23,8.8,3.19,28.1,22.8
2010-06-24,5.53,3.68,29.45,22.3
2010-06-25,1.27,3.87,30.9,23.4
2010-06-26,3.55,4.23,31.7,23.23
2010-06-27,0.5,4.31,31.78,23.12
2010-06-28,0.5,4.57,32.15,23.57
2010-06-29,1.9,3.85,31.95,23.85
2010-06-30,8.8,2.53,28.12,22.8
2010-07-01,8.75,2.49,27.45,22.48
2010-07-02,10.95,2.19,28.8,21.9
2010-07-03,6.53,3.74,29.52,21.45
2010-07-04,0.85,3.57,29.38,22.05
2010-07-05,3.65,4.29,31.07,21.62
2010-07-06,2.65,4.93,32.45,22.23
2010-07-07,0.42,4.81,32.1,22.52
2010-07-08,2.25,4.87,33.38,22.93
2010-07-09,9.78,3.54,31.88,22.9
2010-07-10,2.15,3.56,30.53,23.82
2010-07-11,0.85,4.21,30.92,23.35
2010-07-12,0.25,4.2,31.32,23.52
2010-07-13,7.82,3.93,31.75,23.88
2010-07-14,16.32,3.54,29.35,23.05
2010-07-15,2.88,4.28,30.73,23.32
2010-07-16,3.02,4.38,32.17,23.25
2010-07-17,5.53,3.81,31.4,23.55
2010-07-18,9.43,1.8,26.9,22.77
2010-07-19,24.05,2.01,26.65,22.18
2010-07-20,12.22,2.97,28.73,21.73
2010-07-21,2.4,3.42,30.3,21.88
2010-07-22,6.9,1.95,26.2,22.82
2010-07-23,14.22,1.68,26.88,22.15
2010-07-24,24.72,1.23,25.1,22.12
2010-07-25,11.1,2.21,28.43,21.65
2010-07-26,11.6,3.88,30.38,22.02
2010-07-27,9.57,3.73,30.62,22.3
2010-07-28,16.8,2.09,26.0,22.23
2010-07-29,15.12,2.54,27.62,21.8
2010-07-30,8.78,2.56,27.35,21.88
2010-07-31,3.02,2.33,26.5,22.75
2010-08-01,4.0,4.06,30.4,22.7
2010-08-02,10.55,2.98,27.68,22.68
2010-08-03,12.2,2.35,26.27,21.32
2010-08-04,20.25,1.64,25.55,21.27
2010-08-05,1.95,3.32,29.18,20.9
2010-08-06,16.6,1.81,26.0,21.7
2010-08-07,16.6,2.81,27.82,21.93
2010-08-08,3.73,3.88,29.82,22.25
2010-08-09,9.45,3.24,28.82,23.07
2010-08-10,14.35,2.42,26.3,22.52
2010-08-11,13.6,2.02,25.68,21.02
2010-08-12,14.47,2.67,27.68,21.48
2010-08-13,14.45,2.59,26.62,21.65
2010-08-14,5.12,2.83,28.55,22.05
2010-08-15,8.72,2.77,28.23,21.6
2010-08-16,9.95,2.65,28.62,22.07
2010-08-17,17.32,1.62,24.82,21.25
2010-08-18,32.02,1.16,24.9,21.02
2010-08-19,0.6,3.68,29.02,21.27
2010-08-20,1.5,4.33,31.07,21.4
2010-08-21,8.62,3.89,30.32,22.77
2010-08-22,22.1,1.87,27.0,21.5
2010-08-23,4.83,2.73,27.6,21.38
2010-08-24,1.82,4.09,30.73,21.32
2010-08-25,12.45,1.41,24.95,22.02
2010-08-26,17.25,1.39,24.85,21.27
2010-08-27,10.75,2.33,27.45,20.73
2010-08-28,17.85,1.95,26.85,21.62
2010-08-29,6.8,2.83,27.15,21.1
2010-08-30,20.98,1.71,25.75,21.35
2010-08-31,15.25,2.15,26.38,21.23
2010-09-01,13.07,2.88,28.15,21.7
2010-09-02,8.55,3.89,29.88,20.7
2010-09-03,6.52,3.29,29.2,21.43
2010-09-04,0.33,4.45,30.3,22.25
2010-09-05,0.12,3.86,29.5,22.15
2010-09-06,0.93,3.97,29.45,22.45
2010-09-07,2.6,3.56,29.8,22.85
2010-09-08,6.15,3.34,29.75,22.93
2010-09-09,4.15,2.49,27.88,21.9
2010-09-10,15.65,2.22,26.6,22.12
2010-09-11,13.78,2.34,26.62,21.4
2010-09-12,24.8,1.97,25.93,20.85
2010-09-13,16.3,2.47,26.25,20.8
2010-09-14,12.95,1.99,25.55,20.85
2010-09-15,28.1,0.85,23.35,21.0
2010-09-16,14.22,1.91,25.3,20.57
2010-09-17,5.35,3.17,27.23,20.07
2010-09-18,6.67,3.05,28.15,20.02
2010-09-19,1.07,4.03,29.15,20.85
2010-09-20,1.18,4.38,30.55,21.23
2010-09-21,2.73,4.21,30.35,21.85
2010-09-22,2.95,4.13,30.35,21.65
2010-09-23,4.53,2.71,27.12,21.38
2010-09-24,7.33,2.13,25.5,20.85
2010-09-25,2.8,2.77,27.32,20.93
2010-09-26,9.43,2.86,27.8,21.93
2010-09-27,8.3,1.53,25.57,21.68
2010-09-28,18.55,2.2,25.82,20.85
2010-09-29,2.88,3.06,27.82,20.57
2010-09-30,1.27,3.85,29.4,20.73
2010-10-01,0.33,3.97,29.73,20.85
2010-10-02,4.1,3.67,29.77,20.75
2010-10-03,2.33,4.1,29.38,20.82
2010-10-04,0.0,3.93,29.18,20.6
2010-10-05,0.0,4.29,29.25,22.1
2010-10-06,0.82,2.93,26.38,21.98
2010-10-07,5.22,2.74,26.9,21.48
2010-10-08,10.97,3.02,27.82,21.0
2010-10-09,7.65,2.62,27.08,21.07
2010-10-10,2.15,2.61,27.18,21.32
2010-10-11,15.95,2.84,28.95,21.12
2010-10-12,11.35,2.16,26.4,21.43
2010-10-13,6.42,2.2,26.57,21.23
2010-10-14,6.17,2.57,27.27,20.6
2010-10-15,15.53,2.52,26.6,20.02
2010-10-16,0.28,2.62,26.85,19.2
2010-10-17,1.57,3.28,28.0,21.27
2010-10-18,11.38,2.18,26.32,21.07
2010-10-19,5.8,1.1,23.55,21.07
2010-10-20,15.48,1.28,24.8,20.48
2010-10-21,3.9,1.35,24.12,19.82
2010-10-22,4.9,1.48,24.2,20.73
2010-10-23,2.05,2.87,27.18,20.3
2010-10-24,0.15,3.2,28.02,20.73
2010-10-25,1.68,3.28,28.55,20.75
2010-10-26,8.28,2.1,25.25,20.2
2010-10-27,4.62,2.34,26.2,20.88
2010-10-28,5.05,2.37,25.55,19.23
2010-10-29,9.75,1.95,24.35,19.07
2010-10-30,0.0,3.79,24.15,17.68
2010-10-31,0.0,3.86,24.32,14.07
2010-11-01,0.0,3.88,24.77,14.62
2010-11-02,0.0,3.96,24.62,13.85
2010-11-03,0.0,3.94,23.93,13.12
2010-11-04,0.0,3.86,23.4,12.2
2010-11-05,0.0,3.8,24.52,12.25
2010-11-06,0.0,3.72,25.82,13.95
2010-11-07,0.0,3.83,26.62,14.32
2010-11-08,0.0,3.55,27.52,15.9
2010-11-09,0.0,4.04,26.02,15.68
2010-11-10,0.0,3.76,25.82,13.97
2010-11-11,0.0,3.15,26.35,15.25
2010-11-12,0.0,2.98,25.45,16.05
2010-11-13,0.03,3.1,25.82,16.85
2010-11-14,0.0,3.19,26.85,18.02
2010-11-15,0.08,3.34,27.77,18.5
2010-11-16,0.53,2.84,26.73,19.65
2010-11-17,0.18,3.27,26.95,18.65
2010-11-18,0.0,3.29,27.7,18.35
2010-11-19,0.0,3.15,27.1,18.4
2010-11-20,0.2,2.93,26.5,19.78
2010-11-21,0.05,3.3,27.73,18.43
2010-11-22,0.0,3.52,28.52,17.75
2010-11-23,0.0,3.2,28.07,18.8
2010-11-24,0.0,3.77,28.75,19.07
2010-11-25,0.0,3.02,27.73,17.88
2010-11-26,0.0,2.88,26.52,18.52
2010-11-27,0.25,2.46,26.02,19.18
2010-11-28,0.0,2.54,26.33,19.15
2010-11-29,0.0,3.39,27.48,17.27
2010-11-30,0.0,3.33,27.62,17.27
2010-12-01,0.0,2.98,26.8,17.0
2010-12-02,0.0,3.36,27.35,15.95
2010-12-03,0.0,3.13,26.23,16.98
2010-12-04,0.0,3.36,26.05,15.88
2010-12-05,0.0,3.27,26.85,15.6
2010-12-06,0.0,3.37,27.98,15.57
2010-12-07,0.03,2.71,27.32,17.0
2010-12-08,0.03,2.62,26.8,18.2
2010-12-09,0.0,2.64,26.12,18.95
2010-12-10,1.65,2.39,26.4,18.52
2010-12-11,5.92,1.35,24.62,19.5
2010-12-12,2.95,1.65,24.68,19.9
2010-12-13,0.0,2.64,26.18,20.1
2010-12-14,0.07,2.55,26.23,18.2
2010-12-15,0.0,3.42,27.3,17.3
2010-12-16,0.5,3.26,27.52,16.15
2010-12-17,2.95,0.73,19.75,15.57
2010-12-18,0.0,1.81,23.0,15.88
2010-12-19,0.0,2.52,26.0,14.78
2010-12-20,0.0,2.71,26.5,15.4
2010-12-21,0.0,3.03,27.3,17.7
2010-12-22,0.33,2.75,26.82,18.85
2010-12-23,0.88,3.14,27.43,19.05
2010-12-24,0.0,3.34,27.05,15.78
2010-12-25,0.0,3.54,26.68,13.53
2010-12-26,0.0,3.11,25.9,13.9
2010-12-27,0.18,2.54,24.15,15.72
2010-12-28,0.0,3.4,24.93,13.75
2010-12-29,0.0,3.4,26.1,13.65
2010-12-30,0.0,3.44,26.02,13.28
2010-12-31,0.0,3.41,24.93,13.8
2011-01-01,0.0,3.49,25.65,14.7
2011-01-02,0.0,3.41,25.32,15.65
2011-01-03,0.0,3.34,26.18,14.9
2011-01-04,0.0,3.33,26.88,14.98
2011-01-05,0.0,3.31,27.4,16.5
2011-01-06,0.0,3.41,27.82,17.0
2011-01-07,0.18,2.79,25.73,16.98
2011-01-08,2.8,1.23,21.55,17.73
2011-01-09,0.4,2.24,24.32,16.12
2011-01-10,8.25,0.69,19.7,17.4
2011-01-11,5.7,1.84,22.73,16.93
2011-01-12,4.12,2.45,22.58,16.35
2011-01-13,0.05,2.5,22.93,16.18
2011-01-14,0.0,3.5,24.2,15.45
2011-01-15,0.0,2.79,24.12,14.3
2011-01-16,0.12,2.31,21.52,15.8
2011-01-17,0.0,2.56,21.1,14.32
2011-01-18,0.05,2.43,21.75,14.4
2011-01-19,0.0,3.23,24.55,15.45
2011-01-20,0.0,3.59,25.38,14.2
2011-01-21,0.0,2.96,24.7,13.5
2011-01-22,0.0,3.33,25.75,14.6
2011-01-23,0.0,3.81,26.68,17.07
2011-01-24,0.0,3.86,27.52,15.35
2011-01-25,0.0,3.65,27.38,16.07
2011-01-26,0.0,3.86,28.27,16.23
2011-01-27,0.0,3.85,27.75,17.05
2011-01-28,0.0,3.64,27.55,16.55
2011-01-29,0.0,3.25,26.25,16.55
2011-01-30,0.0,3.5,26.43,16.27
2011-01-31,0.0,2.9,24.85,17.68
2011-02-01,0.0,3.29,25.4,17.6
2011-02-02,0.03,3.24,25.57,16.52
2011-02-03,0.05,3.46,26.88,15.95
2011-02-04,0.0,3.82,27.7,14.82
2011-02-05,0.0,3.91,28.05,15.38
2011-02-06,0.0,4.4,28.32,15.7
2011-02-07,0.0,4.55,28.52,14.12
2011-02-08,0.0,4.48,28.4,13.38
2011-02-09,0.0,4.45,29.52,13.5
2011-02-10,0.0,4.25,29.73,14.4
2011-02-11,0.0,4.42,29.65,14.88
2011-02-12,0.0,4.51,30.1,16.9
2011-02-13,0.0,4.72,29.55,16.48
2011-02-14,0.0,4.96,29.45,16.02
2011-02-15,0.0,4.87,29.62,14.97
2011-02-16,0.0,4.88,30.5,16.12
2011-02-17,0.0,4.92,30.82,14.78
2011-02-18,0.33,2.23,26.9,17.15
2011-02-19,0.0,4.49,30.38,14.45
2011-02-20,0.0,4.82,31.77,16.05
2011-02-21,0.0,4.73,31.57,16.9
2011-02-22,0.0,4.82,31.85,20.17
2011-02-23,0.0,5.11,32.77,19.25
2011-02-24,0.0,4.98,32.48,17.7
2011-02-25,0.0,4.93,32.9,17.52
2011-02-26,0.0,4.49,32.95,19.48
2011-02-27,0.03,3.65,29.95,20.97
2011-02-28,0.0,4.76,34.17,20.98
2011-03-01,0.0,4.79,33.6,19.9
2011-03-02,0.0,4.58,33.12,22.15
2011-03-03,0.0,4.25,31.72,20.27
2011-03-04,0.05,3.77,30.85,19.85
2011-03-05,0.0,5.37,34.02,20.15
2011-03-06,0.0,5.81,35.77,21.25
2011-03-07,0.0,5.81,35.45,19.62
2011-03-08,0.0,5.86,34.67,22.5
2011-03-09,0.0,5.16,32.85,21.0
2011-03-10,0.65,3.89,31.5,20.65
2011-03-11,0.45,4.19,31.57,21.23
2011-03-12,3.5,3.01,28.85,20.5
2011-03-13,0.0,2.37,28.25,19.02
2011-03-14,0.85,1.98,26.67,21.02
2011-03-15,14.4,1.5,24.23,18.57
2011-03-16,31.38,0.49,18.3,12.5
2011-03-17,25.3,0.95,13.95,11.3
2011-03-18,0.03,2.81,21.02,10.55
2011-03-19,0.0,4.69,25.65,13.82
2011-03-20,0.0,5.16,28.98,17.38
2011-03-21,0.0,5.49,31.05,17.43
2011-03-22,0.0,5.47,31.95,18.82
2011-03-23,0.0,5.22,30.98,18.57
2011-03-24,0.28,3.93,28.57,20.25
2011-03-25,1.07,2.75,25.1,20.55
2011-03-26,0.43,3.73,26.92,19.12
2011-03-27,0.0,2.76,24.98,19.75
2011-03-28,0.0,2.58,22.48,16.9
2011-03-29,0.0,2.8,23.05,15.3
2011-03-30,0.0,3.16,23.57,13.93
2011-03-31,0.0,4.23,26.8,15.22
2011-04-01,0.0,4.57,28.95,18.77
2011-04-02,0.25,4.19,29.95,19.12
2011-04-03,0.0,4.77,31.5,20.25
2011-04-04,0.0,4.88,32.75,20.1
2011-04-05,0.0,4.89,32.1,22.32
2011-04-06,0.78,4.57,31.5,21.68
2011-04-07,1.35,4.34,31.7,21.48
2011-04-08,0.62,4.62,32.33,22.25
2011-04-09,2.67,3.73,30.25,20.95
2011-04-10,1.45,3.47,29.35,20.45
2011-04-11,5.22,4.03,30.73,20.08
2011-04-12,3.53,3.4,29.45,21.07
2011-04-13,15.45,3.38,28.38,19.23
2011-04-14,0.05,4.57,30.32,19.32
2011-04-15,0.12,4.9,31.73,21.6
2011-04-16,0.0,5.38,32.9,21.35
2011-04-17,0.05,5.31,32.88,22.2
2011-04-18,0.25,5.34,33.48,22.02
2011-04-19,17.8,3.34,27.6,21.7
2011-04-20,4.38,3.13,28.4,20.77
2011-04-21,0.93,4.24,29.85,21.45
2011-04-22,0.7,4.64,31.73,21.18
2011-04-23,14.77,3.31,26.73,22.07
2011-04-24,19.48,2.55,27.07,20.7
2011-04-25,9.07,2.71,26.18,19.85
2011-04-26,6.82,2.86,27.05,20.12
2011-04-27,2.25,2.56,26.38,20.68
2011-04-28,8.25,2.51,25.93,20.07
2011-04-29,3.75,3.17,27.4,19.85
2011-04-30,2.58,3.26,28.45,20.98
2011-05-01,8.95,1.86,25.25,20.73
2011-05-02,4.2,4.52,30.0,21.18
2011-05-03,15.68,2.35,27.27,20.95
2011-05-04,9.6,3.04,27.1,21.35
2011-05-05,7.68,3.3,28.27,21.2
2011-05-06,2.5,3.73,27.77,20.43
2011-05-07,2.9,4.47,30.1,21.25
2011-05-08,1.48,4.12,29.62,21.77
2011-05-09,14.6,2.74,26.65,20.68
2011-05-10,37.85,2.01,27.35,21.85
2011-05-11,0.8,4.75,31.38,21.85
2011-05-12,0.03,5.25,32.33,21.95
2011-05-13,7.53,4.14,30.68,23.43
2011-05-14,14.22,3.04,27.3,21.62
2011-05-15,7.42,1.95,25.67,21.07
2011-05-16,6.7,2.58,26.5,20.85
2011-05-17,7.62,1.75,24.73,21.08
2011-05-18,4.75,3.42,27.45,20.18
2011-05-19,7.25,2.46,27.6,20.88
2011-05-20,7.83,3.84,28.75,21.05
2011-05-21,0.28,4.14,29.27,21.48
2011-05-22,0.35,4.98,30.93,21.5
2011-05-23,0.35,5.19,31.75,21.5
2011-05-24,1.75,4.21,30.85,22.35
2011-05-25,10.55,2.57,26.62,22.38
2011-05-26,21.28,3.04,28.4,20.9
2011-05-27,18.57,2.08,26.77,20.95
2011-05-28,11.88,2.83,27.17,21.73
2011-05-29,19.1,2.08,25.75,21.32
2011-05-30,11.67,2.43,26.55,21.43
2011-05-31,1.73,4.08,29.55,21.85
2011-06-01,1.77,3.33,28.48,22.5
2011-06-02,4.33,3.19,28.8,21.62
2011-06-03,7.35,2.92,27.38,21.68
2011-06-04,2.48,3.63,29.2,21.68
2011-06-05,7.07,2.55,27.23,22.15
2011-06-06,14.0,1.97,26.62,21.43
2011-06-07,15.0,2.58,26.75,21.85
2011-06-08,2.75,3.48,29.05,22.05
2011-06-09,4.03,3.38,27.85,21.93
2011-06-10,1.27,3.96,28.65,22.0
2011-06-11,9.05,2.75,27.43,21.77
2011-06-12,9.88,3.28,27.9,20.73
2011-06-13,11.57,2.5,26.4,21.2
2011-06-14,1.95,2.65,26.73,21.9
2011-06-15,5.0,2.49,27.27,21.82
2011-06-16,12.9,2.98,27.98,21.35
2011-06-17,10.0,2.71,26.77,21.85
2011-06-18,7.93,2.54,27.43,21.95
2011-06-19,2.35,3.8,29.6,21.68
2011-06-20,11.1,2.48,27.27,22.2
2011-06-21,0.4,3.08,27.68,21.88
2011-06-22,0.03,4.03,29.93,21.98
2011-06-23,0.35,3.17,29.4,21.98
2011-06-24,5.15,2.57,28.38,22.55
2011-06-25,11.15,1.18,24.77,22.12
2011-06-26,23.38,0.91,23.35,21.52
2011-06-27,20.18,1.03,23.65,21.43
2011-06-28,7.67,2.76,27.75,21.2
2011-06-29,0.53,3.08,27.95,21.15
2011-06-30,3.02,3.57,28.85,21.12
2011-07-01,1.98,3.88,29.15,21.85
2011-07-02,27.3,1.85,25.27,21.45
2011-07-03,17.9,1.98,25.07,20.95
2011-07-04,14.47,3.36,28.18,20.5
2011-07-05,1.62,4.52,29.85,21.4
2011-07-06,0.0,5.42,31.6,21.28
2011-07-07,0.0,4.82,30.52,21.95
2011-07-08,1.6,4.55,31.28,22.27
2011-07-09,6.28,2.77,28.18,23.07
2011-07-10,16.77,3.07,28.77,22.62
2011-07-11,11.8,3.17,28.15,21.48
2011-07-12,5.83,3.88,28.88,21.55
2011-07-13,11.03,2.31,26.48,21.93
2011-07-14,9.62,2.71,28.43,21.6
2011-07-15,27.5,1.3,24.62,21.95
2011-07-16,35.27,1.31,24.9,21.5
2011-07-17,14.45,2.38,26.4,20.75
2011-07-18,3.95,3.09,29.02,21.7
2011-07-19,6.8,2.48,27.95,21.7
2011-07-20,11.68,0.94,23.77,21.65
2011-07-21,34.0,1.28,24.38,21.42
2011-07-22,8.88,1.75,25.88,21.3
2011-07-23,2.3,3.8,29.65,21.73
2011-07-24,29.17,2.56,26.35,20.98
2011-07-25,1.45,3.32,28.18,20.88
2011-07-26,1.07,4.6,30.12,21.4
2011-07-27,3.5,4.32,30.52,21.67
2011-07-28,1.32,4.02,29.8,22.75
2011-07-29,0.0,4.86,31.15,22.6
2011-07-30,0.23,3.87,30.62,22.32
2011-07-31,32.67,2.67,28.02,22.0
2011-08-01,38.17,0.83,23.45,21.85
2011-08-02,12.07,1.13,23.85,21.27
2011-08-03,19.6,1.62,25.35,20.82
2011-08-04,4.08,2.42,27.88,21.3
2011-08-05,1.0,3.37,28.77,21.4
2011-08-06,11.82,2.7,28.2,21.88
2011-08-07,18.52,1.48,25.05,21.78
2011-08-08,7.8,2.25,26.3,21.5
2011-08-09,2.88,3.29,28.8,20.73
2011-08-10,6.38,2.7,28.33,21.6
2011-08-11,23.43,1.05,23.98,21.82
2011-08-12,16.0,1.89,26.4,21.25
2011-08-13,3.1,3.28,27.82,20.73
2011-08-14,3.38,3.27,28.38,22.38
2011-08-15,9.5,3.28,28.12,22.25
2011-08-16,2.9,2.81,27.65,21.27
2011-08-17,14.88,2.34,27.2,21.45
2011-08-18,17.23,2.71,26.2,21.07
2011-08-19,12.27,2.62,27.27,20.73
2011-08-20,19.73,1.23,24.12,20.95
2011-08-21,27.45,1.6,25.48,20.9
2011-08-22,0.7,3.36,27.93,20.38
2011-08-23,0.07,4.43,29.8,21.7
2011-08-24,6.47,2.71,27.98,22.23
2011-08-25,12.82,2.87,27.18,21.5
2011-08-26,12.9,2.28,26.52,21.2
2011-08-27,8.78,2.88,27.7,21.2
2011-08-28,6.47,2.1,25.8,21.38
2011-08-29,0.82,3.91,29.8,20.82
2011-08-30,5.28,3.52,29.1,22.68
2011-08-31,3.27,3.88,29.82,21.55
2011-09-01,5.6,3.22,28.1,21.48
2011-09-02,4.42,3.42,28.48,21.3
2011-09-03,1.9,3.78,29.18,21.88
2011-09-04,8.78,2.91,28.5,22.15
2011-09-05,20.23,2.07,26.23,21.2
2011-09-06,16.02,2.12,25.75,21.02
2011-09-07,10.57,1.66,25.85,20.88
2011-09-08,5.0,1.79,26.05,21.4
2011-09-09,8.93,2.27,26.38,20.77
2011-09-10,6.22,3.74,29.82,20.23
2011-09-11,9.03,2.83,27.57,21.18
2011-09-12,16.93,2.27,27.48,21.38
2011-09-13,12.7,1.7,24.57,21.55
2011-09-14,18.9,1.99,27.23,20.8
2011-09-15,7.85,2.83,28.15,21.1
2011-09-16,0.58,2.92,27.6,21.3
2011-09-17,1.95,3.27,28.93,22.1
2011-09-18,5.53,3.32,29.82,22.12
2011-09-19,16.1,2.33,26.27,21.55
2011-09-20,16.93,2.3,27.57,21.12
2011-09-21,20.27,2.1,25.0,21.05
2011-09-22,20.6,2.56,26.5,20.05
2011-09-23,15.55,2.84,27.12,20.82
2011-09-24,7.78,2.84,26.88,20.55
2011-09-25,4.67,3.12,27.32,20.73
2011-09-26,11.5,3.6,29.27,21.18
2011-09-27,14.08,2.94,28.3,20.85
2011-09-28,27.07,1.95,26.52,21.23
2011-09-29,6.05,2.09,25.85,21.6
2011-09-30,5.03,3.52,29.18,21.35
2011-10-01,16.57,1.85,26.7,21.45
2011-10-02,15.03,2.32,26.2,20.15
2011-10-03,7.15,2.25,26.62,20.88
2011-10-04,7.27,2.46,26.67,21.4
2011-10-05,0.15,3.62,28.2,20.6
2011-10-06,0.53,3.62,27.45,20.57
2011-10-07,0.07,2.71,26.23,20.93
2011-10-08,9.32,2.84,26.38,21.18
2011-10-09,1.12,3.06,27.75,19.82
2011-10-10,1.38,3.25,27.85,19.82
2011-10-11,0.38,3.83,29.48,20.18
2011-10-12,0.12,3.59,29.25,20.77
2011-10-13,0.55,3.57,28.9,20.8
2011-10-14,1.55,3.26,28.98,21.57
2011-10-15,6.8,2.36,25.95,20.45
2011-10-16,19.45,2.44,27.18,20.43
2011-10-17,5.12,3.23,27.38,20.43
2011-10-18,4.92,1.01,21.93,19.7
2011-10-19,0.0,2.7,25.48,18.38
2011-10-20,0.78,3.23,27.23,20.18
2011-10-21,0.75,3.31,27.5,19.52
2011-10-22,0.2,3.35,27.52,18.98
2011-10-23,0.25,3.74,28.65,19.8
2011-10-24,0.0,3.61,28.9,19.75
2011-10-25,0.1,3.95,29.07,20.35
2011-10-26,0.35,3.56,27.77,19.77
2011-10-27,0.45,3.6,28.02,20.48
2011-10-28,3.12,2.91,27.02,18.55
2011-10-29,4.8,2.82,26.82,18.2
2011-10-30,9.0,2.75,25.65,17.43
2011-10-31,1.0,2.89,25.65,17.98
2011-11-01,0.35,3.04,26.77,18.15
2011-11-02,1.1,3.13,26.85,18.05
2011-11-03,2.73,3.0,26.05,17.35
2011-11-04,1.23,2.84,25.85,17.52
2011-11-05,0.0,3.24,26.9,17.4
2011-11-06,0.0,3.25,27.45,17.7
2011-11-07,0.03,3.29,27.68,17.07
2011-11-08,0.35,3.26,27.57,18.15
2011-11-09,1.77,2.5,24.0,17.35
2011-11-10,0.0,3.26,25.1,15.57
2011-11-11,0.0,3.63,26.2,15.4
2011-11-12,0.0,3.44,26.18,15.05
2011-11-13,0.0,3.24,26.77,16.8
2011-11-14,0.0,3.73,27.07,15.55
2011-11-15,0.0,3.79,27.12,15.6
2011-11-16,0.0,3.63,27.7,15.32
2011-11-17,0.0,3.09,28.02,17.0
2011-11-18,0.08,3.34,27.9,17.38
2011-11-19,0.25,3.05,27.88,17.48
2011-11-20,0.0,3.57,27.9,17.0
2011-11-21,0.0,3.76,26.95,15.45
2011-11-22,0.0,3.31,27.27,15.93
2011-11-23,0.53,2.85,26.6,19.05
2011-11-24,0.0,2.84,26.4,16.98
2011-11-25,0.0,3.49,27.48,16.55
2011-11-26,0.0,3.21,27.32,16.2
2011-11-27,0.0,3.33,27.75,15.9
2011-11-28,0.0,2.96,26.82,16.4
2011-11-29,0.0,3.08,26.82,16.7
2011-11-30,0.23,2.58,25.85,17.77
2011-12-01,0.45,2.45,26.07,17.88
2011-12-02,0.78,1.56,23.35,17.6
2011-12-03,1.35,1.93,22.85,16.93
2011-12-04,0.88,2.41,23.98,16.45
2011-12-05,0.0,2.17,24.98,19.02
2011-12-06,0.0,3.01,26.95,17.12
2011-12-07,0.0,3.22,27.45,16.52
2011-12-08,0.0,2.86,27.85,16.3
2011-12-09,0.78,2.33,25.95,16.93
2011-12-10,4.15,1.79,23.32,17.4
2011-12-11,0.6,2.13,22.05,16.73
2011-12-12,0.0,2.12,23.57,14.03
2011-12-13,0.0,2.86,24.7,13.18
2011-12-14,0.0,3.02,25.32,15.0
2011-12-15,0.0,3.32,25.65,13.95
2011-12-16,0.0,2.79,25.25,13.22
2011-12-17,0.1,2.41,24.32,16.1
2011-12-18,0.0,2.52,24.4,14.35
2011-12-19,0.0,3.15,24.1,13.57
2011-12-20,0.0,3.28,24.38,12.0
2011-12-21,0.0,3.29,24.98,11.55
2011-12-22,0.0,3.37,25.32,11.57
2011-12-23,0.0,3.34,25.98,13.05
2011-12-24,0.1,2.31,23.75,15.35
2011-12-25,0.05,1.86,21.15,15.9
2011-12-26,0.0,2.79,21.9,13.07
2011-12-27,0.0,2.81,23.0,13.25
2011-12-28,0.0,2.79,24.07,15.95
2011-12-29,0.12,2.42,25.6,16.73
2011-12-30,0.0,2.52,27.15,16.48
2011-12-31,0.0,2.56,27.2,17.3
2012-01-01,0.0,2.83,27.65,17.55
2012-01-02,0.0,2.88,27.23,19.35
2012-01-03,0.23,2.96,28.02,19.5
2012-01-04,0.53,2.65,27.2,17.62
2012-01-05,0.4,2.95,27.93,18.98
2012-01-06,0.3,3.34,28.05,19.05
2012-01-07,0.0,3.34,27.95,17.9
2012-01-08,0.0,3.04,27.48,17.27
2012-01-09,0.0,3.09,27.15,17.15
2012-01-10,0.0,3.12,26.5,15.52
2012-01-11,0.0,3.27,26.65,15.53
2012-01-12,0.0,2.59,25.02,17.32
2012-01-13,0.53,2.04,25.0,16.88
2012-01-14,5.85,0.73,20.0,17.5
2012-01-15,0.05,3.32,24.77,16.05
2012-01-16,0.0,3.8,25.77,12.68
2012-01-17,0.0,3.94,26.9,12.4
2012-01-18,0.0,3.99,27.43,12.95
2012-01-19,0.0,3.94,27.77,12.57
2012-01-20,0.0,3.67,28.15,13.8
2012-01-21,0.0,4.17,28.85,16.32
2012-01-22,0.0,4.17,28.5,13.22
2012-01-23,0.0,4.14,28.2,12.57
2012-01-24,0.0,4.24,28.48,13.4
2012-01-25,0.0,4.2,28.07,13.12
2012-01-26,0.0,4.21,27.8,13.28
2012-01-27,0.0,4.18,28.05,14.25
2012-01-28,0.0,4.14,28.3,13.22
2012-01-29,0.0,3.98,28.35,14.03
2012-01-30,0.17,3.36,27.82,17.02
2012-01-31,2.2,2.2,25.52,18.15
2012-02-01,0.93,2.88,27.4,17.25
2012-02-02,0.0,3.74,29.2,17.38
2012-02-03,0.0,2.91,29.23,19.05
2012-02-04,0.0,3.97,29.42,16.77
2012-02-05,0.0,4.46,31.07,17.73
2012-02-06,0.0,4.91,32.27,15.95
2012-02-07,0.0,4.79,31.8,15.05
2012-02-08,0.0,4.85,32.2,16.2
2012-02-09,0.0,5.06,31.9,19.35
2012-02-10,0.0,4.95,31.62,18.4
2012-02-11,0.0,5.0,31.77,19.32
2012-02-12,0.0,4.9,32.05,19.27
2012-02-13,0.0,4.84,32.27,19.2
2012-02-14,0.0,4.84,32.85,17.2
2012-02-15,0.0,4.78,33.4,16.45
2012-02-16,0.0,4.85,32.83,16.75
2012-02-17,0.0,4.82,31.9,18.02
2012-02-18,0.03,4.81,32.18,20.65
2012-02-19,0.53,3.17,28.68,19.3
2012-02-20,0.0,4.33,28.5,18.2
2012-02-21,0.0,5.08,30.15,18.88
2012-02-22,0.0,5.22,32.05,17.38
2012-02-23,0.0,5.42,33.17,17.15
2012-02-24,0.0,5.3,33.7,16.95
2012-02-25,0.0,5.36,34.05,17.32
2012-02-26,0.0,5.52,33.85,18.32
2012-02-27,0.0,5.69,32.98,18.5
2012-02-28,0.0,5.6,32.18,17.73
2012-02-29,0.0,5.59,32.45,18.2
2012-03-01,0.0,5.5,32.4,17.55
2012-03-02,0.0,5.57,32.6,16.73
2012-03-03,0.0,5.92,32.58,17.77
2012-03-04,0.0,5.57,31.85,18.9
2012-03-05,0.0,5.44,31.8,16.1
2012-03-06,0.0,5.63,32.77,17.45
2012-03-07,0.0,5.72,33.02,17.25
2012-03-08,0.0,5.79,33.95,18.52
2012-03-09,0.0,5.75,34.5,18.32
2012-03-10,0.2,4.24,30.45,21.02
2012-03-11,7.47,1.92,26.88,22.32
2012-03-12,3.48,3.42,30.98,20.4
2012-03-13,0.28,3.34,29.2,19.35
2012-03-14,1.95,3.96,30.48,19.8
2012-03-15,0.0,4.8,31.88,20.05
2012-03-16,0.1,5.86,33.58,21.18
2012-03-17,0.0,6.02,32.98,19.23
2012-03-18,0.0,5.94,32.73,18.2
2012-03-19,0.0,5.82,32.9,18.9
2012-03-20,0.0,5.91,33.17,18.52
2012-03-21,0.0,5.47,32.9,19.25
2012-03-22,0.0,5.65,33.35,21.18
2012-03-23,0.0,5.6,34.83,21.93
2012-03-24,0.0,5.54,34.45,23.7
2012-03-25,0.1,5.01,32.15,21.77
2012-03-26,0.35,4.54,31.7,22.45
2012-03-27,0.75,4.67,31.88,21.85
2012-03-28,0.0,5.7,34.6,23.1
2012-03-29,0.0,6.36,35.85,22.25
2012-03-30,0.0,6.07,35.85,21.48
2012-03-31,0.1,5.37,35.1,23.62
2012-04-01,2.55,3.98,29.48,20.35
2012-04-02,0.88,5.0,33.42,21.12
2012-04-03,1.62,4.64,34.2,22.25
2012-04-04,1.5,4.53,32.75,21.08
2012-04-05,1.67,4.05,31.6,21.62
2012-04-06,1.45,5.0,32.92,21.62
2012-04-07,1.07,4.52,31.15,21.73
2012-04-08,0.78,4.5,30.25,19.73
2012-04-09,1.62,4.58,30.6,20.3
2012-04-10,0.35,4.73,31.23,20.48
2012-04-11,0.0,5.3,32.3,21.18
2012-04-12,0.0,5.79,34.42,20.75
2012-04-13,0.0,6.06,35.5,22.07
2012-04-14,0.0,6.12,35.8,22.75
2012-04-15,0.0,6.38,37.35,23.85
2012-04-16,0.0,6.12,36.42,23.12
2012-04-17,0.0,6.03,35.8,23.1
2012-04-18,0.0,5.64,35.05,23.27
2012-04-19,0.0,5.85,35.27,22.98
2012-04-20,0.9,5.26,35.67,23.55
2012-04-21,0.62,5.67,36.12,23.55
2012-04-22,0.17,5.45,33.62,23.82
2012-04-23,3.85,5.19,34.1,23.3
2012-04-24,0.03,5.95,35.58,22.93
2012-04-25,0.0,6.15,36.85,23.02
2012-04-26,0.55,5.79,36.88,23.95
2012-04-27,0.2,5.74,35.92,24.8
2012-04-28,0.85,5.25,34.62,22.68
2012-04-29,1.95,5.52,35.0,23.52
2012-04-30,0.15,4.42,33.12,22.72
2012-05-01,1.85,5.08,34.27,22.68
2012-05-02,0.07,5.29,34.08,22.65
2012-05-03,0.25,5.42,34.8,22.7
2012-05-04,1.52,4.78,34.88,22.45
2012-05-05,25.7,2.72,29.68,22.0
2012-05-06,102.0,0.86,22.88,21.02
2012-05-07,22.75,1.86,26.07,20.92
2012-05-08,9.6,3.07,27.25,20.3
2012-05-09,2.08,4.12,29.5,21.68
2012-05-10,1.75,4.01,30.8,22.55
2012-05-11,0.07,4.8,31.25,22.23
2012-05-12,0.12,5.15,31.62,22.18
2012-05-13,0.12,5.15,31.9,22.48
2012-05-14,1.32,5.12,32.48,22.8
2012-05-15,1.88,4.64,32.85,23.07
2012-05-16,4.35,3.64,29.8,22.4
2012-05-17,1.92,4.51,30.8,21.75
2012-05-18,2.62,3.62,30.23,21.8
2012-05-19,8.0,3.62,29.35,22.18
2012-05-20,9.82,2.72,27.52,22.6
2012-05-21,2.27,3.41,29.57,22.35
2012-05-22,0.23,3.06,29.02,22.7
2012-05-23,0.75,3.58,30.95,22.85
2012-05-24,1.6,4.45,32.12,22.58
2012-05-25,6.68,4.5,31.77,22.55
2012-05-26,73.1,0.92,24.93,22.15
2012-05-27,9.12,2.4,26.43,21.7
2012-05-28,10.65,1.98,25.55,21.38
2012-05-29,8.03,2.4,26.77,21.62
2012-05-30,6.53,2.35,27.27,21.62
2012-05-31,4.33,2.89,27.77,21.4
2012-06-01,6.28,3.01,27.98,21.3
2012-06-02,6.5,2.89,27.9,21.45
2012-06-03,4.65,3.35,28.0,21.85
2012-06-04,0.88,3.88,29.93,21.82
2012-06-05,3.88,4.43,31.7,22.85
2012-06-06,4.97,3.34,29.65,22.43
2012-06-07,19.27,3.18,28.05,22.48
2012-06-08,11.57,2.7,27.2,22.25
2012-06-09,15.35,1.76,26.73,22.55
2012-06-10,7.35,3.52,28.23,21.48
2012-06-11,6.77,3.51,28.88,21.98
2012-06-12,3.85,3.24,28.52,22.43
2012-06-13,0.0,3.69,29.2,22.18
2012-06-14,1.68,3.66,29.3,21.8
2012-06-15,0.42,3.95,29.62,21.68
2012-06-16,2.12,4.2,29.8,21.95
2012-06-17,2.85,3.91,29.5,22.7
2012-06-18,9.57,2.56,27.5,22.32
2012-06-19,6.2,3.09,28.07,22.05
2012-06-20,12.35,2.13,25.75,21.82
2012-06-21,4.3,2.94,27.75,21.52
2012-06-22,6.38,2.58,27.65,22.23
2012-06-23,0.88,2.74,27.82,21.52
2012-06-24,0.53,2.62,27.62,21.77
2012-06-25,4.38,2.87,27.85,22.05
2012-06-26,4.7,1.71,25.45,21.32
2012-06-27,2.6,2.42,27.3,21.32
2012-06-28,9.35,2.69,27.18,21.52
2012-06-29,2.38,2.44,27.2,21.73
2012-06-30,3.2,3.67,28.38,21.92
2012-07-01,7.12,3.39,28.43,21.6
2012-07-02,6.22,1.94,25.68,21.43
2012-07-03,6.55,3.18,28.48,21.38
2012-07-04,0.4,3.2,28.2,21.82
2012-07-05,8.88,2.83,28.1,22.05
2012-07-06,17.75,2.65,27.68,21.68
2012-07-07,16.1,3.34,27.55,20.93
2012-07-08,17.05,3.05,26.82,21.0
2012-07-09,16.07,3.4,27.9,20.82
2012-07-10,9.45,3.24,27.9,21.42
2012-07-11,0.35,4.16,29.88,21.88
2012-07-12,2.85,3.86,29.93,22.52
2012-07-13,6.12,3.31,28.95,22.43
2012-07-14,14.45,2.79,27.27,22.35
2012-07-15,3.97,3.63,28.98,22.05
2012-07-16,0.03,3.33,28.18,21.8
2012-07-17,5.75,2.16,27.02,22.02
2012-07-18,14.85,1.09,23.58,21.3
2012-07-19,18.4,1.57,24.82,21.23
2012-07-20,2.02,3.03,27.82,20.7
2012-07-21,0.15,3.14,28.05,21.8
2012-07-22,3.4,3.14,28.2,21.77
2012-07-23,21.73,1.2,23.82,20.65
2012-07-24,30.33,0.95,23.02,21.07
2012-07-25,6.12,2.09,26.52,21.1
2012-07-26,8.12,1.57,24.35,21.5
2012-07-27,18.45,1.26,24.35,20.93
2012-07-28,11.93,1.32,23.95,20.8
2012-07-29,4.85,1.99,25.65,20.93
2012-07-30,5.38,2.59,25.98,21.23
2012-07-31,7.65,2.85,26.43,20.35
2012-08-01,0.33,3.38,27.88,20.92
2012-08-02,7.08,3.28,28.18,22.25
2012-08-03,7.03,1.93,25.93,21.12
2012-08-04,14.78,1.94,25.95,20.68
2012-08-05,0.3,2.19,26.23,21.27
2012-08-06,5.35,2.75,28.18,21.45
2012-08-07,15.57,2.0,26.45,20.82
2012-08-08,16.9,1.83,25.82,21.07
2012-08-09,9.6,2.48,27.23,21.43
2012-08-10,13.0,1.95,25.45,21.42
2012-08-11,2.3,3.14,27.8,21.2
2012-08-12,3.4,2.67,26.32,21.65
2012-08-13,5.65,3.69,29.35,21.3
2012-08-14,6.78,3.33,29.23,21.82
2012-08-15,7.17,2.85,28.0,21.9
2012-08-16,12.05,2.5,26.62,21.45
2012-08-17,9.93,2.98,28.1,21.12
2012-08-18,3.33,3.0,27.6,21.18
2012-08-19,7.4,2.19,26.05,21.52
2012-08-20,6.22,2.75,28.12,21.32
2012-08-21,4.9,2.76,28.1,21.45
2012-08-22,3.92,3.01,28.38,21.52
2012-08-23,15.32,3.64,28.9,21.75
2012-08-24,10.62,2.75,27.18,20.85
2012-08-25,8.3,3.29,27.77,21.02
2012-08-26,2.7,3.44,29.25,21.7
2012-08-27,5.45,3.26,28.85,21.55
2012-08-28,2.08,4.27,29.52,22.05
2012-08-29,8.7,2.96,28.23,21.77
2012-08-30,8.97,3.47,28.18,21.45
2012-08-31,3.85,3.48,29.62,21.9
2012-09-01,5.17,3.39,29.57,22.27
2012-09-02,10.77,2.57,28.12,21.93
2012-09-03,14.3,2.21,26.0,21.45
2012-09-04,7.78,2.86,27.23,21.05
2012-09-05,3.27,3.88,29.5,20.85
2012-09-06,12.45,3.26,28.1,21.68
2012-09-07,27.03,1.76,26.35,21.6
2012-09-08,12.62,1.18,24.62,21.45
2012-09-09,20.02,2.41,25.75,20.88
2012-09-10,7.95,3.03,28.85,21.25
2012-09-11,12.62,3.17,26.98,21.23
2012-09-12,1.8,3.23,28.28,21.57
2012-09-13,5.53,3.26,29.1,21.93
2012-09-14,14.12,1.36,24.0,20.88
2012-09-15,1.85,1.89,24.98,20.32
2012-09-16,1.35,3.4,27.23,20.75
2012-09-17,3.18,3.55,27.75,21.93
2012-09-18,0.9,4.3,29.93,21.05
2012-09-19,3.42,3.48,29.52,22.45
2012-09-20,3.85,3.34,29.07,22.6
2012-09-21,3.62,3.59,29.6,22.07
2012-09-22,1.38,3.41,29.15,21.9
2012-09-23,0.9,3.9,30.25,22.12
2012-09-24,8.45,3.26,28.77,22.48
2012-09-25,15.95,3.04,28.35,21.8
2012-09-26,6.7,2.97,28.15,20.9
2012-09-27,3.4,3.31,29.1,21.23
2012-09-28,9.03,3.0,27.2,21.0
2012-09-29,13.07,3.14,27.98,21.05
2012-09-30,3.42,3.29,28.0,20.35
2012-10-01,6.03,2.83,27.15,20.8
2012-10-02,10.05,2.71,26.8,21.35
2012-10-03,5.47,3.16,28.45,21.23
2012-10-04,9.93,3.02,27.93,20.93
2012-10-05,8.53,3.12,28.25,21.38
2012-10-06,14.0,1.82,24.93,20.82
2012-10-07,3.3,3.01,27.3,20.32
2012-10-08,0.55,3.04,27.05,20.1
2012-10-09,2.85,2.7,27.43,21.7
2012-10-10,1.32,3.69,27.38,20.6
2012-10-11,1.15,3.44,26.98,20.75
2012-10-12,0.45,3.46,28.15,21.25
2012-10-13,1.9,3.38,28.38,20.65
2012-10-14,2.25,3.35,27.77,20.8
2012-10-15,0.23,3.54,28.7,20.35
2012-10-16,0.15,3.72,28.8,20.48
2012-10-17,3.8,3.51,28.92,20.35
2012-10-18,1.5,2.86,26.7,19.88
2012-10-19,0.07,3.46,28.15,19.52
2012-10-20,0.75,3.86,29.38,19.8
2012-10-21,0.42,3.6,29.1,20.02
2012-10-22,1.43,3.36,28.52,20.43
2012-10-23,0.57,3.13,27.93,19.18
2012-10-24,0.38,3.34,28.38,19.5
2012-10-25,0.33,3.4,28.25,19.88
2012-10-26,0.28,3.1,28.35,19.68
2012-10-27,0.53,3.51,28.55,19.57
2012-10-28,0.0,3.98,29.43,19.6
2012-10-29,0.0,3.52,29.65,20.45
2012-10-30,0.0,3.6,30.35,19.02
2012-10-31,2.52,2.46,26.05,19.48
2012-11-01,0.12,2.93,27.18,19.73
2012-11-02,0.03,3.51,28.62,19.25
2012-11-03,1.2,3.79,30.07,20.75
2012-11-04,0.9,3.18,28.32,19.18
2012-11-05,0.55,3.1,28.27,19.8
2012-11-06,0.4,3.52,29.18,20.45
2012-11-07,0.5,3.25,28.85,19.82
2012-11-08,0.0,3.45,29.3,19.18
2012-11-09,0.0,3.57,29.75,20.27
2012-11-10,0.0,3.54,30.07,19.7
2012-11-11,0.12,3.27,29.6,20.48
2012-11-12,0.8,2.19,26.6,20.62
2012-11-13,0.75,2.31,27.57,19.88
2012-11-14,1.35,2.84,27.75,19.85
2012-11-15,0.42,2.64,27.93,19.68
2012-11-16,0.25,2.87,28.5,19.4
2012-11-17,1.98,2.78,28.02,20.15
2012-11-18,1.9,2.84,27.15,19.52
2012-11-19,0.83,2.33,27.27,19.9
2012-11-20,2.95,2.4,27.0,19.93
2012-11-21,0.38,3.12,29.68,19.95
2012-11-22,0.0,3.13,29.27,20.0
2012-11-23,0.0,3.47,30.43,19.0
2012-11-24,2.05,3.29,30.02,21.1
2012-11-25,3.58,2.69,27.3,19.67
2012-11-26,0.82,2.73,27.6,20.3
2012-11-27,1.88,2.14,26.83,19.95
2012-11-28,3.48,2.15,26.7,19.85
2012-11-29,1.25,2.24,26.15,19.4
2012-11-30,1.18,2.48,27.25,19.52
2012-12-01,2.95,2.13,26.98,21.18
2012-12-02,1.7,2.58,28.55,19.8
2012-12-03,0.2,2.83,28.5,20.1
2012-12-04,0.0,3.28,28.9,19.2
2012-12-05,0.0,3.54,29.27,18.2
2012-12-06,0.28,3.27,28.93,18.3
2012-12-07,0.65,3.08,27.15,19.98
2012-12-08,0.0,3.36,27.52,16.38
2012-12-09,0.0,3.36,27.0,15.97
2012-12-10,0.0,3.57,27.48,14.7
2012-12-11,0.0,3.52,27.48,14.7
2012-12-12,0.0,3.34,27.65,15.68
2012-12-13,0.1,2.77,26.73,18.98
2012-12-14,0.0,3.26,28.57,17.27
2012-12-15,0.0,3.56,28.4,16.62
2012-12-16,0.0,3.55,28.0,14.43
2012-12-17,0.0,3.5,27.77,13.95
2012-12-18,0.0,3.5,27.65,13.6
2012-12-19,0.0,3.57,28.27,15.2
2012-12-20,0.0,3.62,28.25,17.8
2012-12-21,0.0,3.47,28.35,16.07
2012-12-22,0.0,3.45,27.73,14.47
2012-12-23,0.3,2.36,25.43,15.65
2012-12-24,0.3,2.53,25.05,17.5
2012-12-25,0.0,2.82,25.88,17.55
2012-12-26,0.0,3.18,26.75,17.02
2012-12-27,0.0,2.98,26.48,16.07
2012-12-28,0.0,3.02,27.27,17.48
2012-12-29,0.0,3.52,28.4,16.48
2012-12-30,0.0,3.48,28.18,16.52
2012-12-31,0.05,2.76,25.73,18.48
2013-01-01,0.0,2.1,24.02,16.8
2013-01-02,0.0,2.59,26.2,17.32
2013-01-03,0.07,2.96,26.8,18.9
2013-01-04,0.0,2.9,27.32,18.6
2013-01-05,0.0,3.35,27.4,18.4
2013-01-06,0.0,3.17,26.75,17.02
2013-01-07,0.0,3.81,27.82,17.8
2013-01-08,0.0,3.9,28.18,16.43
2013-01-09,0.0,3.93,27.5,14.33
2013-01-10,0.0,3.99,27.43,15.88
2013-01-11,0.0,3.88,26.27,15.05
2013-01-12,0.0,3.74,26.65,14.05
2013-01-13,0.1,2.8,24.4,13.15
2013-01-14,0.0,3.43,25.75,13.9
2013-01-15,0.0,3.62,26.82,14.48
2013-01-16,0.0,3.77,27.65,16.0
2013-01-17,0.0,3.46,28.07,15.85
2013-01-18,0.0,3.04,26.25,17.9
2013-01-19,0.0,3.77,26.38,15.83
2013-01-20,0.0,3.89,27.43,16.5
2013-01-21,0.0,3.77,27.82,16.0
2013-01-22,0.0,3.6,28.5,15.98
2013-01-23,0.0,3.75,29.3,17.0
2013-01-24,0.0,4.08,29.52,16.35
2013-01-25,0.0,4.28,29.98,15.15
2013-01-26,0.0,4.02,28.9,14.9
2013-01-27,0.05,4.09,28.7,15.4
2013-01-28,0.42,3.62,29.02,17.43
2013-01-29,7.45,1.96,23.8,17.32
2013-01-30,9.22,1.92,24.02,16.57
2013-01-31,0.53,2.68,24.0,16.02
2013-02-01,0.0,3.12,25.93,16.12
2013-02-02,0.4,3.32,26.82,16.88
2013-02-03,4.12,2.84,25.38,16.1
2013-02-04,0.0,3.45,27.4,14.9
2013-02-05,0.0,3.84,29.62,17.12
2013-02-06,0.0,4.28,30.7,17.75
2013-02-07,0.0,4.43,30.98,16.02
2013-02-08,0.0,4.47,31.3,16.15
2013-02-09,0.0,4.47,31.1,17.88
2013-02-10,0.7,3.43,28.8,20.12
2013-02-11,0.0,4.25,31.32,20.75
2013-02-12,0.0,3.59,30.2,22.1
2013-02-13,0.53,3.37,29.57,21.48
2013-02-14,0.0,4.08,30.18,21.2
2013-02-15,0.17,3.66,30.8,19.75
2013-02-16,0.0,4.37,31.8,20.4
2013-02-17,0.0,4.17,30.62,22.02
2013-02-18,0.45,3.81,29.8,21.0
2013-02-19,0.0,4.7,32.38,18.9
2013-02-20,0.12,4.48,31.57,20.2
2013-02-21,0.1,3.95,30.43,21.68
2013-02-22,1.52,3.68,29.32,21.0
2013-02-23,0.0,3.31,28.27,19.07
2013-02-24,0.05,3.83,29.4,18.77
2013-02-25,0.0,4.28,31.0,20.85
2013-02-26,0.0,4.79,33.7,21.75
2013-02-27,0.0,5.23,34.75,20.98
2013-02-28,0.0,5.57,34.77,18.55
2013-03-01,0.0,5.53,34.65,19.15
2013-03-02,0.0,4.83,33.8,20.88
2013-03-03,18.48,3.78,31.98,20.95
2013-03-04,13.58,1.55,23.48,20.32
2013-03-05,2.48,3.02,26.3,19.57
2013-03-06,0.53,3.68,26.52,17.88
2013-03-07,0.08,3.14,27.45,19.9
2013-03-08,3.55,3.28,27.07,18.62
2013-03-09,0.0,4.24,28.43,17.93
2013-03-10,0.0,4.92,29.43,17.23
2013-03-11,0.0,5.13,29.68,17.55
2013-03-12,0.0,5.26,29.95,16.77
2013-03-13,0.0,5.12,31.15,17.15
2013-03-14,0.0,5.25,31.7,18.02
2013-03-15,0.0,5.17,32.35,19.1
2013-03-16,0.0,5.81,33.67,21.27
2013-03-17,0.0,5.8,33.7,19.35
2013-03-18,0.0,6.12,33.7,19.73
2013-03-19,0.0,6.11,32.92,19.88
2013-03-20,0.0,5.89,32.93,16.98
2013-03-21,0.0,5.89,33.4,18.05
2013-03-22,0.0,5.97,33.6,18.68
2013-03-23,0.0,5.96,34.12,17.68
2013-03-24,0.0,5.97,34.52,17.65
2013-03-25,0.0,6.18,34.85,19.68
2013-03-26,0.0,5.87,34.73,19.7
2013-03-27,0.17,5.92,34.73,21.57
2013-03-28,0.0,6.29,35.9,21.3
2013-03-29,0.0,6.14,35.95,21.27
2013-03-30,0.5,5.59,35.6,22.47
2013-03-31,0.08,5.09,34.9,22.02
2013-04-01,0.0,5.19,34.45,22.5
2013-04-02,0.0,6.05,36.2,22.4
2013-04-03,0.0,6.46,37.02,21.9
2013-04-04,0.0,6.67,37.23,21.73
2013-04-05,0.0,6.4,35.55,21.52
2013-04-06,0.0,6.55,36.38,23.18
2013-04-07,0.0,6.81,36.38,20.95
2013-04-08,0.0,6.29,35.92,21.9
2013-04-09,0.0,5.97,35.33,22.23
2013-04-10,0.0,5.97,35.12,25.4
2013-04-11,0.05,6.2,35.33,25.05
2013-04-12,0.08,5.56,34.55,23.75
2013-04-13,0.15,5.56,35.02,23.38
2013-04-14,0.2,5.38,34.95,23.2
2013-04-15,0.0,6.2,35.25,23.73
2013-04-16,0.0,6.3,35.8,21.3
2013-04-17,0.0,5.28,33.33,22.68
2013-04-18,0.0,5.9,35.7,23.18
2013-04-19,0.0,5.67,35.6,22.23
2013-04-20,0.07,5.61,36.55,23.32
2013-04-21,1.1,5.19,36.1,25.25
2013-04-22,2.55,4.58,32.27,23.82
2013-04-23,1.6,4.88,33.3,23.27
2013-04-24,0.47,4.67,32.83,22.92
2013-04-25,2.2,4.97,34.1,22.02
2013-04-26,0.0,5.47,34.1,23.57
2013-04-27,0.0,6.34,35.58,22.93
2013-04-28,0.0,6.37,35.33,23.25
2013-04-29,0.17,5.87,34.88,23.38
2013-04-30,0.4,5.54,35.58,24.18
2013-05-01,0.2,5.72,35.73,23.3
2013-05-02,1.62,5.7,35.62,22.95
2013-05-03,0.62,5.5,34.55,23.52
2013-05-04,5.2,4.58,31.98,21.68
2013-05-05,11.4,3.49,28.95,20.9
2013-05-06,1.82,5.0,30.88,21.9
2013-05-07,3.88,4.45,31.07,20.95
2013-05-08,0.53,4.81,33.05,22.32
2013-05-09,0.25,5.16,32.15,23.8
2013-05-10,0.22,5.0,33.0,22.73
2013-05-11,0.05,5.44,34.35,24.23
2013-05-12,0.25,4.89,33.45,24.27
2013-05-13,0.0,5.43,34.38,23.95
2013-05-14,5.47,4.54,33.62,23.25
2013-05-15,1.42,4.42,32.62,23.88
2013-05-16,0.08,5.49,33.62,23.8
2013-05-17,0.07,5.45,34.55,24.48
2013-05-18,0.88,5.24,34.75,23.45
2013-05-19,0.15,4.01,32.67,23.18
2013-05-20,1.32,5.07,34.17,23.18
2013-05-21,0.17,5.23,33.55,22.93
2013-05-22,0.1,5.25,34.3,23.62
2013-05-23,3.88,3.62,31.73,24.62
2013-05-24,3.15,3.42,30.25,22.82
2013-05-25,2.33,2.77,29.75,22.98
2013-05-26,1.12,3.33,31.02,22.68
2013-05-27,2.75,3.1,29.32,21.92
2013-05-28,0.0,4.51,32.3,22.85
2013-05-29,0.88,5.12,33.1,23.52
2013-05-30,0.55,5.07,33.15,24.48
2013-05-31,3.73,3.28,31.02,23.42
2013-06-01,11.97,2.8,28.45,22.2
2013-06-02,2.62,4.0,30.9,23.43
2013-06-03,5.75,3.6,30.65,21.82
2013-06-04,5.5,3.53,28.73,22.1
2013-06-05,11.68,2.06,26.23,21.6
2013-06-06,3.53,2.09,26.25,21.62
2013-06-07,3.35,4.33,30.48,21.75
2013-06-08,3.68,3.79,29.98,23.1
2013-06-09,1.22,3.6,30.1,22.6
2013-06-10,4.45,3.8,31.5,22.8
2013-06-11,17.12,2.08,24.23,20.65
2013-06-12,0.6,2.58,27.18,21.2
2013-06-13,3.15,3.97,29.12,22.5
2013-06-14,0.55,4.79,30.57,23.48
2013-06-15,0.0,5.58,32.67,23.35
2013-06-16,0.0,5.73,33.62,23.43
2013-06-17,0.38,5.08,33.73,23.52
2013-06-18,0.62,3.83,32.4,24.7
2013-06-19,4.45,4.33,32.27,23.52
2013-06-20,1.65,3.52,29.7,23.52
2013-06-21,0.92,3.87,29.88,23.0
2013-06-22,0.93,3.81,30.55,23.02
2013-06-23,5.27,3.26,30.5,23.25
2013-06-24,6.53,2.67,29.23,22.68
2013-06-25,8.07,1.6,25.52,22.1
2013-06-26,3.12,3.1,28.65,21.48
2013-06-27,2.25,3.26,28.7,22.23
2013-06-28,2.62,2.98,28.82,22.02
2013-06-29,3.0,2.35,27.43,22.02
2013-06-30,0.33,4.13,30.52,22.6
2013-07-01,0.03,4.51,30.88,22.88
2013-07-02,1.15,3.63,30.35,23.05
2013-07-03,2.62,3.13,29.15,23.2
2013-07-04,10.6,2.73,28.7,21.93
2013-07-05,3.25,4.2,30.55,21.27
2013-07-06,1.6,4.74,31.28,22.7
2013-07-07,3.42,4.22,30.93,22.7
2013-07-08,13.7,2.55,27.7,21.68
2013-07-09,29.8,1.65,24.93,21.5
2013-07-10,20.82,2.08,26.35,21.1
2013-07-11,11.0,2.01,25.12,21.02
2013-07-12,8.85,1.88,25.0,20.98
2013-07-13,1.88,3.97,30.48,20.93
2013-07-14,5.98,3.3,29.4,22.18
2013-07-15,8.8,3.35,29.23,21.75
2013-07-16,14.28,2.34,26.18,21.77
2013-07-17,9.03,2.87,28.23,21.32
2013-07-18,4.67,2.34,27.4,21.38
2013-07-19,10.23,2.88,28.55,21.75
2013-07-20,1.95,2.14,26.85,21.57
2013-07-21,6.47,3.12,28.93,21.3
2013-07-22,5.75,3.33,28.45,22.73
2013-07-23,13.82,2.55,27.35,21.9
2013-07-24,13.35,2.57,26.55,21.25
2013-07-25,4.78,1.81,26.5,20.93
2013-07-26,10.25,2.13,26.4,21.57
2013-07-27,11.1,2.08,26.95,21.35
2013-07-28,12.65,1.4,24.85,21.57
2013-07-29,37.77,1.07,23.65,21.23
2013-07-30,21.3,1.4,23.98,21.27
2013-07-31,9.93,2.37,26.25,20.65
2013-08-01,2.88,3.13,27.82,21.43
2013-08-02,6.78,3.55,29.58,21.18
2013-08-03,5.92,2.98,28.2,22.35
2013-08-04,10.53,1.85,24.88,21.1
2013-08-05,2.98,2.93,26.6,20.85
2013-08-06,0.82,4.35,29.57,21.62
2013-08-07,1.25,3.72,29.47,21.57
2013-08-08,5.95,3.19,28.93,21.5
2013-08-09,25.02,1.64,24.98,21.27
2013-08-10,9.8,1.84,24.55,20.88
2013-08-11,10.28,2.97,27.0,20.65
2013-08-12,9.32,2.5,26.38,22.0
2013-08-13,10.1,3.64,28.73,21.73
2013-08-14,3.97,3.2,28.15,21.18
2013-08-15,8.45,3.17,28.0,21.5
2013-08-16,3.23,3.35,27.73,21.43
2013-08-17,0.82,3.06,28.15,20.77
2013-08-18,0.0,2.42,27.35,21.45
2013-08-19,2.92,3.27,28.88,22.32
2013-08-20,5.12,2.75,26.95,21.38
2013-08-21,12.32,2.65,27.05,21.77
2013-08-22,15.9,1.69,25.07,21.8
2013-08-23,8.65,3.12,28.43,21.52
2013-08-24,3.32,2.12,26.6,21.82
2013-08-25,5.3,2.46,26.68,21.7
2013-08-26,4.97,2.84,26.9,21.15
2013-08-27,0.1,3.91,29.25,21.27
2013-08-28,1.35,4.58,30.57,21.88
2013-08-29,0.28,4.54,30.7,22.05
2013-08-30,3.5,4.0,30.43,22.05
2013-08-31,17.88,1.76,25.3,21.55
2013-09-01,13.82,2.9,27.25,21.25
2013-09-02,4.1,3.07,27.6,21.1
2013-09-03,1.75,3.61,29.32,21.95
2013-09-04,0.55,3.09,28.43,22.7
2013-09-05,5.9,2.61,27.57,22.23
2013-09-06,25.4,2.52,26.1,21.12
2013-09-07,12.68,2.52,27.12,20.65
2013-09-08,20.55,2.11,25.7,20.93
2013-09-09,5.55,2.44,26.6,20.57
2013-09-10,2.03,4.09,28.32,20.23
2013-09-11,0.72,4.15,29.75,21.1
2013-09-12,10.3,2.77,27.38,22.05
2013-09-13,23.93,1.93,25.68,21.27
2013-09-14,16.38,2.06,25.67,21.07
2013-09-15,16.27,2.15,26.02,21.23
2013-09-16,6.33,2.04,25.6,21.43
2013-09-17,4.97,2.7,26.62,20.82
2013-09-18,1.38,3.48,28.25,21.12
2013-09-19,0.05,3.32,29.98,21.23
2013-09-20,0.7,3.58,29.43,21.07
2013-09-21,6.42,3.58,29.5,21.65
2013-09-22,2.15,3.83,29.88,21.52
2013-09-23,0.95,4.24,30.82,21.65
2013-09-24,8.57,3.11,28.98,22.07
2013-09-25,23.15,2.44,27.32,21.5
2013-09-26,28.97,2.1,26.98,21.2
2013-09-27,50.95,1.54,25.17,21.4
2013-09-28,34.38,1.88,25.95,20.75
2013-09-29,3.15,3.21,27.6,20.02
2013-09-30,0.0,4.67,29.1,20.65
2013-10-01,3.85,1.64,24.8,19.68
2013-10-02,11.03,2.75,26.2,19.88
2013-10-03,10.93,2.38,26.57,19.52
2013-10-04,0.95,3.45,28.35,20.35
2013-10-05,4.33,3.58,28.85,21.15
2013-10-06,8.67,2.42,26.77,20.65
2013-10-07,1.73,3.46,27.48,19.9
2013-10-08,0.03,4.23,28.55,19.32
2013-10-09,0.0,4.39,28.7,19.3
2013-10-10,0.0,3.99,28.55,19.38
2013-10-11,0.0,4.22,29.07,18.0
2013-10-12,0.0,3.89,28.98,18.68
2013-10-13,0.0,3.9,29.02,19.0
2013-10-14,0.0,3.68,29.4,19.38
2013-10-15,0.15,4.12,29.85,20.75
2013-10-16,0.07,4.37,29.7,20.3
2013-10-17,13.03,0.85,21.62,19.68
2013-10-18,29.5,0.55,20.7,19.48
2013-10-19,18.2,1.2,27.0,19.18
2013-10-20,16.93,1.41,24.3,20.15
2013-10-21,7.82,2.0,25.1,18.95
2013-10-22,9.53,2.01,24.7,19.48
2013-10-23,1.67,2.82,26.62,19.55
2013-10-24,18.3,1.91,24.15,19.32
2013-10-25,0.0,2.77,24.77,17.75
2013-10-26,2.4,2.31,23.98,19.73
2013-10-27,8.32,1.74,24.05,18.68
2013-10-28,17.1,1.02,22.12,18.57
2013-10-29,2.5,1.7,24.65,18.77
2013-10-30,1.52,2.21,24.9,19.4
2013-10-31,0.55,2.9,26.7,19.32
2013-11-01,0.23,3.29,27.82,18.82
2013-11-02,0.1,3.22,27.52,18.45
2013-11-03,0.0,3.63,28.18,17.95
2013-11-04,0.0,3.65,27.73,17.38
2013-11-05,0.0,3.9,26.98,17.6
2013-11-06,0.0,4.07,27.07,15.43
2013-11-07,0.0,3.9,27.68,16.3
2013-11-08,0.0,3.37,28.35,17.88
2013-11-09,0.03,3.14,28.07,19.28
2013-11-10,0.0,3.77,28.57,19.15
2013-11-11,0.0,3.86,29.55,19.1
2013-11-12,0.0,3.56,29.07,19.7
2013-11-13,0.07,3.11,28.68,18.55
2013-11-14,3.23,2.91,28.18,19.9
2013-11-15,3.32,2.26,25.75,19.7
2013-11-16,0.03,2.9,26.9,19.9
2013-11-17,1.07,2.19,25.57,20.6
2013-11-18,6.0,2.71,26.95,19.2
2013-11-19,16.2,1.08,23.1,19.2
2013-11-20,2.62,1.56,22.8,19.12
2013-11-21,1.12,2.32,24.3,19.45
2013-11-22,0.1,2.56,25.25,18.02
2013-11-23,0.05,2.83,26.3,17.75
2013-11-24,0.0,2.88,26.75,17.43
2013-11-25,0.62,2.73,26.35,18.35
2013-11-26,3.2,2.08,25.1,19.23
2013-11-27,1.93,2.35,26.65,19.73
2013-11-28,2.2,2.33,26.07,19.8
2013-11-29,7.47,1.37,23.18,19.62
2013-11-30,0.12,1.63,23.72,18.98
2013-12-01,0.33,1.19,20.9,18.07
2013-12-02,0.0,1.85,22.18,16.3
2013-12-03,0.0,2.81,24.9,15.6
2013-12-04,0.0,2.91,24.57,14.65
2013-12-05,0.0,2.97,24.65,14.1
2013-12-06,0.0,2.59,23.77,14.03
2013-12-07,0.0,2.42,23.12,13.95
2013-12-08,0.0,3.12,24.75,14.22
2013-12-09,0.0,2.73,25.43,15.75
2013-12-10,0.0,2.47,25.4,17.2
2013-12-11,1.93,1.29,23.18,18.12
2013-12-12,2.15,2.35,24.68,17.57
2013-12-13,18.07,2.04,24.15,17.85
2013-12-14,15.62,2.58,25.15,18.2
2013-12-15,13.53,1.68,22.45,16.5
2013-12-16,0.93,2.41,19.45,11.7
2013-12-17,0.0,2.96,17.62,8.1
2013-12-18,0.0,2.92,18.07,8.05
2013-12-19,0.0,2.62,18.23,8.03
2013-12-20,0.0,2.79,19.48,8.9
2013-12-21,0.0,2.88,20.57,9.1
2013-12-22,0.0,2.93,20.32,9.65
2013-12-23,0.0,3.02,20.93,9.38
2013-12-24,0.0,3.0,21.9,8.62
2013-12-25,0.0,3.04,22.52,8.93
2013-12-26,0.0,3.08,22.82,10.72
2013-12-27,0.0,2.5,22.0,9.95
2013-12-28,0.0,3.11,22.43,11.98
2013-12-29,0.0,3.05,22.32,11.43
2013-12-30,0.0,3.11,22.82,10.22
2013-12-31,0.0,3.12,23.05,10.77
2014-01-01,0.0,3.19,23.95,10.1
2014-01-02,0.0,3.31,26.07,13.45
2014-01-03,0.0,3.36,26.73,13.68
2014-01-04,0.0,3.17,26.3,11.92
2014-01-05,0.0,2.8,25.73,16.5
2014-01-06,0.0,3.43,26.48,16.8
2014-01-07,0.0,3.46,26.98,15.15
2014-01-08,0.0,3.52,26.62,13.03
2014-01-09,0.0,3.6,26.95,13.7
2014-01-10,0.35,2.89,25.2,17.3
2014-01-11,0.0,2.99,25.75,17.23
2014-01-12,0.0,3.48,25.43,16.35
2014-01-13,0.0,2.92,24.48,14.45
2014-01-14,0.1,2.34,22.12,13.43
2014-01-15,0.0,2.57,22.15,13.0
2014-01-16,0.0,2.79,23.3,12.75
2014-01-17,0.0,2.98,24.12,12.32
2014-01-18,0.05,2.5,21.6,12.45
2014-01-19,0.0,3.23,21.4,11.1
2014-01-20,0.0,3.27,23.43,10.8
2014-01-21,0.0,3.29,21.5,10.2
2014-01-22,0.0,3.51,21.55,9.68
2014-01-23,0.0,3.55,22.38,9.0
2014-01-24,0.0,3.68,24.65,11.85
2014-01-25,0.0,3.69,26.3,12.22
2014-01-26,0.0,3.82,26.25,13.58
2014-01-27,0.0,3.78,26.38,14.0
2014-01-28,0.0,3.71,26.8,16.02
2014-01-29,0.0,3.48,27.18,15.03
2014-01-30,0.0,3.69,27.57,15.03
2014-01-31,0.0,3.9,28.12,15.97
2014-02-01,0.0,3.89,29.38,15.82
2014-02-02,0.0,4.13,30.05,15.65
2014-02-03,0.0,4.2,29.93,15.07
2014-02-04,0.0,4.42,29.35,14.25
2014-02-05,0.0,4.45,28.95,14.4
2014-02-06,0.0,4.46,28.75,14.52
2014-02-07,0.0,4.47,28.85,13.97
2014-02-08,0.0,4.49,28.68,14.28
2014-02-09,0.0,4.44,28.7,13.43
2014-02-10,0.0,4.37,28.8,14.93
2014-02-11,0.0,4.39,28.6,15.45
2014-02-12,0.0,4.62,28.43,17.0
2014-02-13,0.0,4.06,28.7,16.85
2014-02-14,0.0,4.5,29.38,17.05
2014-02-15,0.0,4.66,29.7,17.32
2014-02-16,0.0,4.24,29.43,18.23
2014-02-17,0.0,4.28,29.43,18.73
2014-02-18,0.0,4.12,29.23,17.88
2014-02-19,0.0,3.16,27.43,16.9
2014-02-20,0.0,2.69,24.68,15.28
2014-02-21,0.0,3.91,27.85,16.62
2014-02-22,0.0,4.83,30.3,17.57
2014-02-23,0.0,5.04,31.4,17.02
2014-02-24,0.0,5.22,32.23,16.7
2014-02-25,0.0,5.12,32.23,15.85
2014-02-26,0.0,5.29,32.25,16.45
2014-02-27,0.0,5.32,32.35,17.82
2014-02-28,0.0,5.3,32.77,16.65
2014-03-01,0.0,5.32,33.77,17.07
2014-03-02,0.0,5.35,33.88,17.65
2014-03-03,0.0,5.42,33.23,17.65
2014-03-04,0.0,5.58,33.25,16.82
2014-03-05,0.0,5.74,32.8,17.12
2014-03-06,0.0,5.62,32.7,17.38
2014-03-07,0.0,5.54,32.85,17.2
2014-03-08,0.0,5.64,33.2,18.18
2014-03-09,0.0,5.6,33.12,18.25
2014-03-10,0.0,5.72,33.65,20.88
2014-03-11,0.0,5.78,33.73,21.23
2014-03-12,0.0,5.78,34.0,18.7
2014-03-13,0.0,5.84,34.4,17.95
2014-03-14,0.0,5.99,34.75,19.18
2014-03-15,0.0,5.9,34.58,21.48
2014-03-16,0.0,5.92,34.95,22.05
2014-03-17,0.0,6.14,35.48,21.98
2014-03-18,0.0,6.12,35.8,21.88
2014-03-19,0.0,6.16,36.0,19.38
2014-03-20,0.0,5.98,35.33,19.23
2014-03-21,0.0,6.05,34.88,19.18
2014-03-22,3.08,4.46,30.88,20.25
2014-03-23,3.1,3.43,28.1,19.45
2014-03-24,3.4,3.2,27.65,18.65
2014-03-25,0.03,4.56,30.02,17.7
2014-03-26,0.0,5.32,32.83,21.23
2014-03-27,0.0,6.02,34.42,19.8
2014-03-28,0.0,6.2,35.0,20.3
2014-03-29,0.0,6.27,35.3,20.77
2014-03-30,0.0,6.62,35.67,21.55
2014-03-31,0.0,6.51,36.12,19.77
2014-04-01,0.0,6.4,36.35,20.48
2014-04-02,0.0,6.1,36.12,21.48
2014-04-03,0.12,5.49,35.15,21.77
2014-04-04,0.33,5.38,33.62,22.95
2014-04-05,1.32,4.55,30.65,20.43
2014-04-06,1.73,5.1,32.23,20.1
2014-04-07,0.33,4.51,31.0,20.12
2014-04-08,0.0,5.39,32.6,21.48
2014-04-09,0.0,5.34,34.35,22.0
2014-04-10,0.15,5.2,34.0,23.3
2014-04-11,0.03,5.38,35.0,22.77
2014-04-12,0.03,5.68,35.45,23.5
2014-04-13,0.0,5.67,35.83,23.1
2014-04-14,0.17,5.76,35.77,24.12
2014-04-15,1.43,4.6,34.67,22.25
2014-04-16,0.38,5.2,34.88,22.65
2014-04-17,1.95,4.85,34.6,22.95
2014-04-18,0.03,5.19,35.5,24.02
2014-04-19,0.03,5.02,35.65,24.5
2014-04-20,0.75,4.88,36.08,25.1
2014-04-21,2.48,5.04,35.4,23.4
2014-04-22,0.65,5.25,34.88,22.55
2014-04-23,1.88,5.39,35.7,24.43
2014-04-24,1.32,5.83,36.4,24.5
2014-04-25,2.17,5.35,34.83,24.68
2014-04-26,0.57,4.91,34.25,23.78
2014-04-27,0.25,5.15,34.7,22.98
2014-04-28,0.67,5.32,34.0,24.85
2014-04-29,3.9,4.0,32.48,22.1
2014-04-30,2.67,4.31,31.73,21.98
2014-05-01,1.5,4.8,33.45,21.45
2014-05-02,2.83,4.67,32.85,22.57
2014-05-03,2.25,4.27,30.35,22.1
2014-05-04,1.62,4.08,31.23,22.4
2014-05-05,0.95,4.47,32.9,23.25
2014-05-06,5.3,4.09,32.12,21.88
2014-05-07,2.55,4.36,30.73,21.33
2014-05-08,0.88,4.74,31.57,22.32
2014-05-09,0.75,5.46,32.9,22.18
2014-05-10,1.73,4.71,32.98,21.38
2014-05-11,0.1,5.16,33.95,22.02
2014-05-12,2.08,5.28,34.15,22.6
2014-05-13,1.15,4.9,34.73,23.35
2014-05-14,0.05,5.63,34.88,23.43
2014-05-15,0.78,5.42,34.88,23.65
2014-05-16,0.33,5.48,34.58,23.18
2014-05-17,2.83,4.6,34.75,24.3
2014-05-18,3.05,4.45,32.85,24.7
2014-05-19,24.1,1.94,29.38,22.75
2014-05-20,4.48,3.49,29.8,22.07
2014-05-21,0.75,4.96,32.1,22.25
2014-05-22,0.3,4.83,31.4,22.18
2014-05-23,0.3,4.84,32.27,22.8
2014-05-24,0.78,5.06,33.48,22.93
2014-05-25,0.33,5.34,34.88,24.45
2014-05-26,0.3,4.58,33.95,25.15
2014-05-27,0.88,4.9,34.25,24.5
2014-05-28,10.55,3.33,31.4,23.12
2014-05-29,25.07,2.37,29.07,22.7
2014-05-30,7.88,2.72,29.95,22.05
2014-05-31,2.82,3.87,31.05,23.12
2014-06-01,6.4,3.51,29.23,23.1
2014-06-02,0.0,4.92,32.3,22.9
2014-06-03,0.48,5.02,32.8,23.05
2014-06-04,0.55,4.71,32.6,23.15
2014-06-05,1.07,4.47,32.3,23.43
2014-06-06,2.52,3.43,30.45,23.43
2014-06-07,11.88,2.61,28.65,22.7
2014-06-08,8.8,2.36,27.4,22.4
2014-06-09,7.85,2.02,29.27,22.23
2014-06-10,4.9,2.46,27.9,22.55
2014-06-11,0.85,3.44,29.75,22.85
2014-06-12,6.77,3.05,29.15,22.6
2014-06-13,12.7,3.1,28.4,22.32
2014-06-14,12.62,2.02,26.55,22.55
2014-06-15,1.47,2.08,26.25,22.32
2014-06-16,2.25,3.85,28.82,21.98
2014-06-17,10.35,2.52,27.4,22.5
2014-06-18,10.1,3.01,27.95,22.27
2014-06-19,6.58,3.44,28.62,22.32
2014-06-20,1.85,3.4,28.73,22.1
2014-06-21,1.98,4.09,30.4,22.5
2014-06-22,0.75,3.79,30.23,23.1
2014-06-23,0.35,4.26,30.75,22.82
2014-06-24,3.47,3.98,30.55,23.07
2014-06-25,8.53,2.32,27.18,22.4
2014-06-26,7.73,2.19,27.12,21.62
2014-06-27,0.15,2.97,28.7,22.5
2014-06-28,0.62,4.03,31.6,22.0
2014-06-29,5.12,3.41,30.43,23.0
2014-06-30,1.05,2.19,27.23,22.93
2014-07-01,2.75,1.93,26.15,22.4
2014-07-02,3.97,3.65,30.25,22.25
2014-07-03,7.23,3.4,29.0,22.43
2014-07-04,0.03,4.02,30.32,22.5
2014-07-05,0.38,4.41,31.78,23.05
2014-07-06,6.53,2.39,28.05,23.4
2014-07-07,7.95,1.9,27.5,22.6
2014-07-08,23.85,1.21,24.93,22.07
2014-07-09,3.92,2.03,27.05,21.73
2014-07-10,3.53,2.79,27.77,21.88
2014-07-11,9.65,3.06,27.75,22.32
2014-07-12,8.62,2.73,27.55,22.02
2014-07-13,20.55,2.08,26.15,22.02
2014-07-14,17.95,2.69,28.25,21.68
2014-07-15,10.48,2.79,27.82,21.23
2014-07-16,7.33,3.18,28.18,20.93
2014-07-17,9.75,3.06,28.95,22.35
2014-07-18,16.68,2.22,28.45,22.3
2014-07-19,34.4,1.43,24.7,22.05
2014-07-20,14.17,1.45,24.85,21.25
2014-07-21,10.4,1.24,24.25,21.35
2014-07-22,9.72,2.44,26.82,21.2
2014-07-23,5.05,3.17,29.27,21.25
2014-07-24,7.8,3.41,28.25,22.0
2014-07-25,1.07,3.58,29.15,22.7
2014-07-26,23.62,2.23,25.98,21.85
2014-07-27,24.93,1.65,25.68,21.52
2014-07-28,5.53,2.05,26.43,21.02
2014-07-29,3.85,3.8,29.07,21.43
2014-07-30,6.53,3.8,29.65,22.3
2014-07-31,9.33,3.79,29.93,22.48
2014-08-01,3.08,4.16,30.3,22.32
2014-08-02,10.18,3.3,28.55,22.57
2014-08-03,12.2,2.58,26.55,22.33
2014-08-04,9.28,2.34,27.77,22.3
2014-08-05,14.2,1.92,27.3,22.1
2014-08-06,18.68,1.33,24.73,21.88
2014-08-07,16.68,1.65,25.5,21.7
2014-08-08,3.45,3.17,28.55,20.95
2014-08-09,6.35,2.56,27.5,22.05
2014-08-10,4.65,2.16,27.5,21.65
2014-08-11,1.25,3.87,29.15,21.65
2014-08-12,6.28,3.59,29.38,21.82
2014-08-13,8.97,2.55,27.2,22.02
2014-08-14,22.48,1.19,24.1,21.55
2014-08-15,11.65,2.41,26.4,21.43
2014-08-16,9.85,2.44,26.95,21.55
2014-08-17,0.95,2.56,27.57,21.38
2014-08-18,0.35,4.14,29.62,22.38
2014-08-19,8.35,3.04,28.8,22.35
2014-08-20,25.23,2.27,26.57,21.75
2014-08-21,10.2,2.98,26.52,21.12
2014-08-22,9.07,3.33,27.3,20.52
2014-08-23,10.75,3.55,28.3,21.32
2014-08-24,1.2,4.13,30.35,21.32
2014-08-25,20.27,2.76,27.48,22.35
2014-08-26,12.15,2.67,27.48,21.7
2014-08-27,5.95,3.56,28.27,20.57
2014-08-28,16.32,2.82,27.52,20.7
2014-08-29,13.78,1.8,25.62,21.23
2014-08-30,10.65,1.8,25.48,21.2
2014-08-31,12.85,2.95,27.23,20.35
2014-09-01,2.38,4.49,30.4,20.93
2014-09-02,12.58,2.73,27.15,21.35
2014-09-03,20.52,1.4,24.8,21.32
2014-09-04,10.88,2.79,27.05,21.33
2014-09-05,12.93,1.97,27.82,21.05
2014-09-06,5.3,3.02,26.75,21.6
2014-09-07,4.98,3.49,28.18,20.55
2014-09-08,0.57,3.93,29.4,21.62
2014-09-09,1.68,4.09,30.12,22.07
2014-09-10,1.43,4.18,30.17,22.23
2014-09-11,0.97,3.84,30.12,22.05
2014-09-12,1.38,3.87,30.0,21.98
2014-09-13,3.6,3.89,30.23,21.93
2014-09-14,2.52,3.4,29.38,22.1
2014-09-15,1.92,3.88,30.15,21.57
2014-09-16,2.67,4.05,30.85,22.02
2014-09-17,2.05,3.54,30.0,22.02
2014-09-18,10.62,1.81,25.35,21.27
2014-09-19,0.53,3.35,28.25,20.8
2014-09-20,1.73,3.39,29.18,22.6
2014-09-21,3.5,2.39,28.32,21.38
2014-09-22,0.7,3.17,28.62,21.67
2014-09-23,0.07,4.15,30.38,20.82
2014-09-24,13.9,2.36,26.95,21.65
2014-09-25,2.58,2.8,26.55,20.7
2014-09-26,8.25,1.94,25.65,20.15
2014-09-27,5.08,3.12,28.4,21.27
2014-09-28,2.27,3.51,29.32,20.73
2014-09-29,5.67,2.98,28.7,22.05
2014-09-30,10.18,2.8,27.25,21.7
2014-10-01,0.78,3.92,28.98,20.38
2014-10-02,1.98,3.62,28.75,20.52
2014-10-03,0.07,4.03,29.15,20.65
2014-10-04,0.72,3.73,29.25,20.65
2014-10-05,6.67,3.59,28.27,20.35
2014-10-06,0.05,3.77,27.42,19.32
2014-10-07,0.0,4.18,27.45,20.57
2014-10-08,0.0,3.66,27.73,18.73
2014-10-09,0.35,3.43,27.12,20.4
2014-10-10,0.38,3.74,28.65,20.15
2014-10-11,2.62,3.57,28.85,19.85
2014-10-12,3.57,2.95,27.6,20.85
2014-10-13,7.83,3.03,26.88,19.93
2014-10-14,0.0,3.35,27.48,20.17
2014-10-15,0.0,3.77,28.75,18.95
2014-10-16,0.05,3.59,27.88,20.5
2014-10-17,0.0,3.92,28.1,20.73
2014-10-18,0.62,3.62,28.43,20.15
2014-10-19,0.42,3.54,28.3,19.95
2014-10-20,2.75,3.14,28.05,20.65
2014-10-21,1.23,2.92,27.8,21.35
2014-10-22,13.93,2.3,25.48,21.25
2014-10-23,14.38,1.75,24.95,19.6
2014-10-24,2.62,2.85,26.55,19.3
2014-10-25,2.18,2.6,26.98,19.43
2014-10-26,0.4,3.44,28.02,18.98
2014-10-27,0.42,3.38,28.45,19.7
2014-10-28,0.53,3.1,28.15,20.18
2014-10-29,1.35,3.08,27.7,19.62
2014-10-30,2.85,3.16,27.8,19.55
2014-10-31,0.38,3.06,28.48,20.18
2014-11-01,0.7,3.18,28.9,20.7
2014-11-02,1.7,3.11,29.2,20.57
2014-11-03,6.88,1.76,26.2,19.58
2014-11-04,1.25,2.13,26.3,19.68
2014-11-05,16.0,0.73,23.27,19.73
2014-11-06,8.07,0.79,22.32,19.48
2014-11-07,0.85,2.02,25.0,19.62
2014-11-08,0.15,3.06,27.88,19.38
2014-11-09,0.62,2.96,27.9,19.68
2014-11-10,0.4,3.08,27.95,20.4
2014-11-11,0.3,3.08,27.9,19.6
2014-11-12,0.17,2.9,27.62,19.07
2014-11-13,0.17,3.3,27.98,18.8
2014-11-14,0.38,3.14,27.15,19.02
2014-11-15,0.05,3.07,27.0,20.02
2014-11-16,0.68,2.8,26.52,19.6
2014-11-17,0.2,2.72,26.68,18.43
2014-11-18,0.45,2.63,26.12,18.88
2014-11-19,0.78,2.5,24.95,18.18
2014-11-20,0.03,2.89,26.02,19.23
2014-11-21,0.0,3.42,27.05,18.38
2014-11-22,0.0,3.17,26.73,18.6
2014-11-23,0.0,3.4,27.35,17.1
2014-11-24,0.0,3.54,27.65,16.55
2014-11-25,0.0,3.51,27.98,14.97
2014-11-26,0.0,3.56,28.18,15.43
2014-11-27,0.0,3.54,27.65,16.95
2014-11-28,0.0,3.54,27.98,15.82
2014-11-29,0.0,3.58,28.2,15.43
2014-11-30,0.0,3.53,27.38,13.47
2014-12-01,0.0,3.5,26.5,13.93
2014-12-02,0.07,3.26,27.25,14.0
2014-12-03,0.0,2.75,27.05,18.7
2014-12-04,0.15,2.33,26.68,17.43
2014-12-05,0.93,2.38,26.4,20.43
2014-12-06,0.57,2.77,27.52,19.38
2014-12-07,0.0,3.17,28.15,19.2
2014-12-08,0.88,2.81,27.18,18.45
2014-12-09,1.38,2.85,26.98,19.43
2014-12-10,0.0,2.9,26.4,17.45
2014-12-11,0.0,2.81,26.48,17.75
2014-12-12,0.0,3.04,26.85,16.45
2014-12-13,0.0,2.7,25.07,17.75
2014-12-14,0.0,3.17,26.38,13.65
2014-12-15,0.0,3.23,27.4,16.02
2014-12-16,0.55,2.73,25.77,16.73
2014-12-17,0.3,1.8,19.57,14.32
2014-12-18,0.0,2.43,22.1,13.0
2014-12-19,0.0,3.21,23.93,13.03
2014-12-20,0.0,3.13,24.45,12.38
2014-12-21,0.0,3.21,25.32,13.9
2014-12-22,0.0,2.76,21.05,14.18
2014-12-23,0.0,3.11,23.15,10.43
2014-12-24,0.0,3.24,24.48,11.32
2014-12-25,0.0,3.33,25.4,11.93
2014-12-26,0.0,3.25,26.35,13.1
2014-12-27,0.0,2.87,27.5,15.93
2014-12-28,0.33,2.77,26.85,18.3
2014-12-29,0.92,2.29,24.32,16.55
2014-12-30,0.0,2.82,26.15,16.38
2014-12-31,0.0,3.28,26.9,14.68
2015-01-01,0.0,2.5,24.27,16.3
2015-01-02,0.0,3.31,24.9,13.7
2015-01-03,0.0,3.33,25.8,14.8
2015-01-04,0.0,3.39,27.95,16.15
2015-01-05,0.0,3.53,29.02,18.07
2015-01-06,0.0,3.73,29.02,16.4
2015-01-07,0.0,3.4,28.48,17.45
2015-01-08,7.83,0.81,21.98,17.88
2015-01-09,36.35,0.39,18.52,16.52
2015-01-10,10.4,0.65,16.55,13.3
2015-01-11,0.8,1.27,18.15,13.07
2015-01-12,0.0,2.67,20.1,11.95
2015-01-13,0.0,3.21,19.95,9.07
2015-01-14,0.0,2.29,19.75,10.8
2015-01-15,0.0,2.99,22.9,11.3
2015-01-16,0.0,2.05,24.62,16.1
2015-01-17,1.33,1.27,20.73,16.2
2015-01-18,0.0,3.18,23.25,14.28
2015-01-19,0.0,2.15,21.85,16.15
2015-01-20,0.0,2.4,23.15,16.8
2015-01-21,0.35,2.71,24.32,14.78
2015-01-22,0.0,2.71,25.25,13.75
2015-01-23,0.0,3.71,25.9,13.38
2015-01-24,0.0,3.85,26.28,13.98
2015-01-25,0.0,3.79,27.02,13.8
2015-01-26,0.0,3.87,27.12,14.28
2015-01-27,0.0,3.96,27.43,14.1
2015-01-28,0.0,4.0,27.8,14.42
2015-01-29,0.0,3.98,28.45,14.72
2015-01-30,0.0,4.15,28.57,15.9
2015-01-31,0.0,4.31,28.43,16.7
2015-02-01,0.0,3.21,25.4,19.18
2015-02-02,0.0,3.25,26.07,18.73
2015-02-03,0.0,3.25,26.83,16.07
2015-02-04,0.0,4.01,28.4,15.68
2015-02-05,0.0,3.96,27.9,16.12
2015-02-06,0.0,3.52,26.38,18.1
2015-02-07,0.0,4.17,27.82,17.27
2015-02-08,0.0,3.25,26.23,15.88
2015-02-09,0.0,3.34,26.5,17.55
2015-02-10,0.0,3.98,28.02,17.9
2015-02-11,0.0,3.73,28.2,17.52
2015-02-12,0.0,4.12,28.82,17.75
2015-02-13,0.0,4.34,28.35,19.4
2015-02-14,0.0,4.77,28.38,15.65
2015-02-15,0.0,4.76,28.2,14.05
2015-02-16,0.0,4.75,28.8,14.32
2015-02-17,0.0,4.74,29.2,14.62
2015-02-18,0.0,4.83,29.35,15.4
2015-02-19,0.0,4.86,30.02,16.28
2015-02-20,0.0,4.8,30.23,17.88
2015-02-21,0.0,4.93,30.65,15.43
2015-02-22,0.0,4.8,30.35,16.05
2015-02-23,0.0,4.95,30.93,16.1
2015-02-24,0.0,5.25,31.73,15.55
2015-02-25,0.0,5.39,31.93,15.97
2015-02-26,0.0,5.42,31.73,16.53
2015-02-27,0.0,5.41,32.32,16.52
2015-02-28,0.0,5.3,33.42,16.32
2015-03-01,0.0,5.25,33.77,17.1
2015-03-02,0.0,5.52,35.0,18.73
2015-03-03,0.0,5.78,34.88,17.77
2015-03-04,0.0,5.18,33.52,19.05
2015-03-05,0.0,5.61,34.38,19.5
2015-03-06,0.0,5.78,34.48,18.62
2015-03-07,0.0,5.72,33.95,20.02
2015-03-08,0.0,5.78,34.65,19.98
2015-03-09,0.0,5.65,35.15,19.4
2015-03-10,0.0,5.37,34.48,21.4
2015-03-11,0.0,5.17,34.33,21.23
2015-03-12,0.0,5.84,35.15,21.8
2015-03-13,0.0,5.98,34.8,21.05
2015-03-14,0.0,6.1,34.92,19.55
2015-03-15,0.0,5.7,35.65,18.2
2015-03-16,0.0,5.71,36.05,18.8
2015-03-17,0.0,5.88,36.4,19.77
2015-03-18,0.0,6.12,36.6,19.98
2015-03-19,0.0,5.95,37.2,20.27
2015-03-20,0.0,5.95,37.0,20.82
2015-03-21,0.0,6.17,36.65,22.7
2015-03-22,0.4,4.5,31.52,22.88
2015-03-23,0.2,4.92,32.98,22.2
2015-03-24,6.58,3.19,29.2,19.9
2015-03-25,6.77,3.38,26.32,18.8
2015-03-26,9.22,2.9,25.6,18.52
2015-03-27,2.77,3.59,27.45,17.75
2015-03-28,0.55,4.29,29.57,18.4
2015-03-29,0.82,4.6,30.67,20.2
2015-03-30,0.1,5.38,32.62,19.85
2015-03-31,0.0,5.75,32.83,21.05
2015-04-01,0.0,6.11,33.48,20.85
2015-04-02,0.0,6.15,33.92,20.98
2015-04-03,0.03,6.14,33.88,20.9
2015-04-04,0.0,6.08,35.52,21.32
2015-04-05,0.0,6.03,35.7,22.18
2015-04-06,0.0,5.58,35.02,22.62
2015-04-07,0.0,5.3,35.2,22.52
2015-04-08,6.65,4.61,32.92,22.5
2015-04-09,0.95,4.61,31.98,21.73
2015-04-10,0.43,5.4,33.42,21.35
2015-04-11,0.93,4.27,31.55,21.05
2015-04-12,11.6,3.41,29.62,20.18
2015-04-13,0.2,4.44,29.57,19.95
2015-04-14,0.0,5.22,30.35,20.27
2015-04-15,0.0,5.82,33.4,21.82
2015-04-16,0.22,4.93,33.35,23.82
2015-04-17,0.1,5.21,33.48,21.65
2015-04-18,0.0,5.65,34.05,23.62
2015-04-19,0.0,5.87,34.73,24.0
2015-04-20,0.0,6.49,36.55,23.4
2015-04-21,0.05,6.55,37.33,22.75
2015-04-22,1.38,5.36,35.55,24.73
2015-04-23,3.62,4.01,31.02,22.23
2015-04-24,0.92,4.01,30.5,20.68
2015-04-25,8.6,3.74,30.27,21.32
2015-04-26,8.65,3.18,26.9,19.9
2015-04-27,2.5,4.21,30.88,20.18
2015-04-28,0.93,4.53,31.5,20.18
2015-04-29,1.07,4.74,31.18,21.55
2015-04-30,0.0,5.39,32.5,23.2
2015-05-01,0.0,6.05,34.2,22.32
2015-05-02,0.0,5.57,34.1,23.9
2015-05-03,0.03,5.38,34.25,24.12
2015-05-04,1.73,5.41,35.45,24.45
2015-05-05,0.65,5.2,34.88,22.07
2015-05-06,0.53,5.37,34.77,22.62
2015-05-07,0.62,5.64,36.23,22.38
2015-05-08,2.65,5.39,36.42,23.88
2015-05-09,0.2,5.33,34.35,21.9
2015-05-10,0.7,5.36,34.08,23.25
2015-05-11,0.23,5.45,35.77,25.82
2015-05-12,0.1,5.3,35.48,26.55
2015-05-13,0.0,5.52,34.97,26.93
2015-05-14,0.25,5.53,35.0,24.38
2015-05-15,1.1,5.02,34.9,24.77
2015-05-16,1.65,4.61,34.35,23.9
2015-05-17,1.95,4.44,33.08,24.18
2015-05-18,0.53,4.8,33.08,23.4
2015-05-19,4.22,3.12,31.8,23.3
2015-05-20,13.9,3.25,29.8,22.5
2015-05-21,14.38,1.55,25.98,22.25
2015-05-22,32.5,1.54,25.98,21.68
2015-05-23,12.53,2.39,28.0,21.38
2015-05-24,1.3,3.48,30.12,21.43
2015-05-25,3.0,4.91,32.12,22.98
2015-05-26,0.2,5.13,32.62,23.27
2015-05-27,0.15,5.47,32.8,23.2
2015-05-28,0.0,5.06,32.58,23.07
2015-05-29,0.35,5.08,32.75,23.35
2015-05-30,0.65,4.35,32.02,22.88
2015-05-31,0.68,4.84,32.35,22.6
2015-06-01,0.15,4.93,32.45,22.82
2015-06-02,0.0,4.62,32.1,23.15
2015-06-03,3.12,4.0,31.65,23.12
2015-06-04,1.7,4.08,30.88,23.98
2015-06-05,0.73,5.1,33.27,23.02
2015-06-06,0.08,5.29,33.38,24.05
2015-06-07,0.77,5.43,33.42,23.5
2015-06-08,0.65,4.1,31.78,24.05
2015-06-09,3.77,3.2,30.7,23.6
2015-06-10,0.25,4.85,31.43,22.5
2015-06-11,4.03,4.19,32.62,23.82
2015-06-12,0.18,5.25,33.05,22.4
2015-06-13,0.05,4.45,32.65,24.02
2015-06-14,3.12,4.59,32.62,23.7
2015-06-15,40.83,1.58,25.9,22.48
2015-06-16,21.43,2.73,26.62,22.05
2015-06-17,0.95,4.19,29.17,22.12
2015-06-18,1.18,4.34,30.12,22.93
2015-06-19,0.93,3.92,30.48,23.18
2015-06-20,0.1,4.29,31.2,23.43
2015-06-21,0.07,4.5,30.62,22.73
2015-06-22,0.5,3.46,29.52,22.55
2015-06-23,0.0,3.72,30.12,22.68
2015-06-24,0.0,4.33,30.32,23.05
2015-06-25,35.77,0.98,24.07,22.57
2015-06-26,27.23,0.83,23.75,21.95
2015-06-27,15.68,2.04,26.82,21.38
2015-06-28,9.65,3.15,28.43,21.6
2015-06-29,0.23,4.58,29.88,21.6
2015-06-30,0.05,4.2,29.68,21.75
2015-07-01,0.0,4.66,30.45,21.65
2015-07-02,0.03,4.77,30.82,22.32
2015-07-03,0.03,4.46,31.38,22.83
2015-07-04,0.0,4.57,31.65,22.82
2015-07-05,1.12,4.43,31.32,22.77
2015-07-06,2.33,2.93,28.5,22.95
2015-07-07,13.28,2.39,27.9,22.85
2015-07-08,40.5,1.49,26.88,22.35
2015-07-09,16.02,1.27,25.62,21.7
2015-07-10,1.98,4.34,30.73,20.5
2015-07-11,2.3,4.8,31.65,22.38
2015-07-12,5.83,3.81,30.27,23.15
2015-07-13,10.95,3.66,29.73,23.25
2015-07-14,4.8,3.34,29.52,23.2
2015-07-15,15.15,3.03,28.07,22.25
2015-07-16,12.57,2.18,28.43,21.9
2015-07-17,13.43,1.52,25.57,22.1
2015-07-18,15.85,1.36,25.35,21.98
2015-07-19,6.75,2.38,26.88,21.6
2015-07-20,24.27,1.73,26.3,21.6
2015-07-21,34.27,1.6,25.55,21.05
2015-07-22,11.05,1.94,26.4,21.47
2015-07-23,11.0,1.34,24.58,21.27
2015-07-24,11.5,1.16,24.4,21.55
2015-07-25,2.28,3.26,28.85,21.02
2015-07-26,44.73,1.43,24.55,21.15
2015-07-27,17.6,1.41,24.4,21.1
2015-07-28,18.85,1.58,24.4,20.77
2015-07-29,12.65,0.92,23.6,20.55
2015-07-30,8.28,2.5,25.68,20.5
2015-07-31,11.93,2.49,25.88,20.45
2015-08-01,4.3,3.13,27.73,20.45
2015-08-02,21.73,1.85,25.57,21.43
2015-08-03,66.3,0.76,23.07,21.25
2015-08-04,26.2,1.56,24.57,20.88
2015-08-05,82.88,1.29,25.1,21.12
2015-08-06,7.72,2.86,27.0,20.1
2015-08-07,5.0,2.97,27.23,21.12
2015-08-08,12.45,3.13,27.4,21.05
2015-08-09,0.85,3.93,30.0,22.35
2015-08-10,0.98,4.04,30.27,22.27
2015-08-11,2.62,4.01,30.45,22.85
2015-08-12,19.7,2.59,28.1,22.35
2015-08-13,8.62,3.36,29.23,22.38
2015-08-14,12.9,2.73,27.68,21.8
2015-08-15,2.23,2.27,26.48,22.05
2015-08-16,3.05,2.57,27.25,21.6
2015-08-17,1.0,2.14,27.05,22.05
2015-08-18,15.07,1.07,24.18,21.48
2015-08-19,15.93,1.52,24.85,21.38
2015-08-20,9.78,2.54,27.9,21.6
2015-08-21,13.15,3.1,28.48,21.47
2015-08-22,3.73,2.63,26.52,21.32
2015-08-23,1.95,3.46,28.68,22.07
2015-08-24,0.4,4.17,29.15,22.17
2015-08-25,4.58,3.22,28.48,22.3
2015-08-26,1.55,2.87,28.0,22.6
2015-08-27,1.8,3.63,28.52,21.57
2015-08-28,0.05,3.49,28.98,21.55
2015-08-29,3.33,3.19,29.35,22.48
2015-08-30,0.35,3.4,29.68,21.88
2015-08-31,4.05,2.72,28.6,22.38
2015-09-01,0.65,2.59,28.07,21.85
2015-09-02,5.12,3.3,29.32,22.2
2015-09-03,9.53,1.82,26.1,21.88
2015-09-04,14.33,1.25,24.77,21.5
2015-09-05,8.72,2.35,26.4,21.27
2015-09-06,11.03,2.67,26.62,20.93
2015-09-07,0.85,3.27,27.92,21.52
2015-09-08,2.27,3.56,29.45,22.35
2015-09-09,5.05,3.13,28.9,21.98
2015-09-10,5.62,2.2,26.48,21.07
2015-09-11,0.57,3.85,29.05,20.9
2015-09-12,5.1,3.38,28.38,21.88
2015-09-13,13.65,2.77,27.35,21.18
2015-09-14,10.47,3.0,27.32,20.18
2015-09-15,0.43,4.05,30.12,21.18
2015-09-16,1.02,4.32,30.12,22.38
2015-09-17,4.33,3.86,28.3,21.93
2015-09-18,27.4,0.62,23.73,21.43
2015-09-19,2.7,2.52,26.65,21.32
2015-09-20,0.0,3.83,29.18,20.9
2015-09-21,0.17,3.68,29.88,21.88
2015-09-22,0.12,3.98,30.55,21.77
2015-09-23,5.17,2.92,28.88,22.32
2015-09-24,5.5,3.5,29.3,21.93
2015-09-25,1.32,3.65,29.48,22.2
2015-09-26,0.98,3.26,28.75,21.88
2015-09-27,4.65,3.05,28.65,22.35
2015-09-28,6.4,3.08,28.1,21.62
2015-09-29,1.18,3.98,30.05,21.52
2015-09-30,1.7,3.48,30.0,22.8
2015-10-01,4.12,3.22,28.98,22.57
2015-10-02,4.12,3.01,28.55,21.5
2015-10-03,5.72,2.86,27.0,21.48
2015-10-04,6.72,3.14,27.3,20.52
2015-10-05,2.33,3.25,27.7,20.55
2015-10-06,5.08,2.92,27.3,21.3
2015-10-07,3.8,3.0,27.5,21.55
2015-10-08,3.42,3.14,28.95,22.05
2015-10-09,21.57,2.02,25.77,21.5
2015-10-10,2.75,2.81,27.98,21.0
2015-10-11,5.58,1.98,22.2,18.77
2015-10-12,7.25,0.61,18.75,17.38
2015-10-13,3.42,0.9,18.35,16.8
2015-10-14,0.0,3.24,26.52,15.78
2015-10-15,0.0,3.45,27.6,17.93
2015-10-16,0.25,3.56,28.07,19.18
2015-10-17,0.05,3.56,28.75,19.85
2015-10-18,0.72,3.28,28.92,20.52
2015-10-19,2.35,3.46,28.73,20.08
2015-10-20,0.92,3.52,28.62,20.38
2015-10-21,0.2,3.71,29.05,19.75
2015-10-22,0.45,3.42,28.85,20.15
2015-10-23,0.65,3.33,27.82,20.9
2015-10-24,1.82,2.71,26.75,20.25
2015-10-25,0.78,3.16,28.02,19.75
2015-10-26,0.28,3.46,28.2,19.4
2015-10-27,0.05,3.6,28.2,18.8
2015-10-28,2.32,3.22,28.82,21.45
2015-10-29,0.12,3.19,28.82,20.15
2015-10-30,1.2,3.3,28.85,20.62
2015-10-31,0.88,2.62,26.98,20.05
2015-11-01,1.85,3.25,27.5,19.07
2015-11-02,4.97,2.35,25.6,19.52
2015-11-03,9.0,2.21,25.93,19.38
2015-11-04,0.47,2.7,26.2,18.95
2015-11-05,0.07,3.35,28.3,19.12
2015-11-06,0.2,3.41,28.43,19.12
2015-11-07,0.28,3.32,28.45,18.95
2015-11-08,0.12,3.15,28.38,19.27
2015-11-09,0.68,2.89,28.1,20.07
2015-11-10,10.65,2.02,25.9,20.15
2015-11-11,9.5,1.91,25.95,20.18
2015-11-12,1.82,2.75,27.48,19.43
2015-11-13,2.27,3.06,27.45,19.6
2015-11-14,0.82,3.05,27.85,19.25
2015-11-15,0.0,3.12,28.48,19.73
2015-11-16,0.0,3.37,28.85,18.77
2015-11-17,0.0,3.62,29.38,17.75
2015-11-18,0.0,3.15,28.77,19.15
2015-11-19,0.1,3.04,28.65,18.7
2015-11-20,0.1,3.27,28.6,19.48
2015-11-21,0.0,3.34,28.07,17.6
2015-11-22,0.0,3.73,28.75,17.98
2015-11-23,0.0,3.55,28.3,16.6
2015-11-24,0.0,3.34,28.52,17.7
2015-11-25,0.0,2.96,28.2,18.35
2015-11-26,0.65,2.54,26.6,19.73
2015-11-27,1.23,2.16,25.18,19.43
2015-11-28,0.95,2.58,25.77,19.0
2015-11-29,0.0,2.53,26.95,17.07
2015-11-30,0.0,3.12,28.38,17.88
2015-12-01,0.0,3.35,28.78,16.88
2015-12-02,0.0,3.28,29.05,18.4
2015-12-03,0.12,3.1,28.35,19.77
2015-12-04,7.67,1.29,22.4,17.6
2015-12-05,8.05,2.91,23.15,15.62
2015-12-06,0.0,2.86,23.95,12.9
2015-12-07,0.05,1.41,22.38,16.3
2015-12-08,0.6,2.01,23.32,18.1
2015-12-09,0.73,2.5,25.02,16.82
2015-12-10,0.0,3.04,25.65,15.0
2015-12-11,0.0,3.36,25.88,14.38
2015-12-12,0.0,3.34,26.82,16.02
2015-12-13,0.0,3.27,27.5,15.43
2015-12-14,0.0,3.4,27.88,16.5
2015-12-15,0.0,3.33,27.85,16.3
2015-12-16,0.23,3.03,27.12,17.9
2015-12-17,8.12,0.94,20.82,14.9
2015-12-18,0.9,1.65,20.8,14.68
2015-12-19,0.08,1.89,22.2,16.68
2015-12-20,0.0,2.5,23.73,15.82
2015-12-21,0.0,2.79,24.8,14.25
2015-12-22,0.0,3.21,25.98,14.38
2015-12-23,0.0,3.12,27.18,16.7
2015-12-24,0.0,3.01,27.9,17.65
2015-12-25,4.08,2.01,27.07,18.27
2015-12-26,0.48,2.27,25.55,18.05
2015-12-27,0.43,2.52,26.55,17.7
2015-12-28,1.43,2.4,25.88,19.15
2015-12-29,1.15,1.81,24.67,19.27
2015-12-30,0.93,2.38,24.5,19.15
2015-12-31,0.95,2.45,24.68,17.27
2016-01-01,0.22,2.6,24.6,17.12
2016-01-02,0.0,2.62,25.05,16.07
2016-01-03,0.0,2.89,25.85,16.9
2016-01-04,0.0,3.17,26.0,16.52
2016-01-05,0.0,3.46,26.23,13.53
2016-01-06,0.0,3.59,26.52,14.05
2016-01-07,0.0,3.58,26.7,14.2
2016-01-08,0.0,3.67,26.3,14.22
2016-01-09,0.0,3.61,25.8,12.85
2016-01-10,0.0,3.62,26.1,12.55
2016-01-11,0.0,3.4,25.2,12.78
2016-01-12,0.0,3.63,25.57,12.85
2016-01-13,0.0,2.98,25.27,12.85
2016-01-14,0.12,3.01,26.35,15.75
2016-01-15,0.0,3.73,27.07,15.0
2016-01-16,0.0,3.91,26.9,13.6
2016-01-17,0.0,3.74,26.3,12.05
2016-01-18,0.0,3.71,26.6,11.88
2016-01-19,0.0,3.96,27.77,13.12
2016-01-20,0.0,3.93,28.8,14.05
2016-01-21,0.0,3.96,29.32,15.2
2016-01-22,0.0,4.11,29.85,16.38
2016-01-23,0.57,3.52,29.48,18.02
2016-01-24,14.88,1.73,24.25,9.25
2016-01-25,1.95,0.65,10.45,7.95
2016-01-26,2.8,0.69,10.15,7.6
2016-01-27,0.0,1.94,17.68,8.17
2016-01-28,0.0,3.21,23.18,8.72
2016-01-29,0.0,3.42,25.18,11.85
2016-01-30,0.0,3.6,26.1,13.28
2016-01-31,0.0,4.08,27.35,12.2
2016-02-01,0.0,4.03,27.48,11.72
2016-02-02,0.0,4.29,28.3,13.55
2016-02-03,0.0,3.95,27.4,17.4
2016-02-04,0.0,4.13,27.77,16.75
2016-02-05,0.0,4.06,28.12,15.6
2016-02-06,0.15,2.2,23.65,15.6
2016-02-07,0.0,3.47,20.68,13.2
2016-02-08,0.0,3.85,22.98,10.3
2016-02-09,0.0,4.15,25.0,11.27
2016-02-10,0.0,4.57,27.07,14.98
2016-02-11,0.0,4.65,28.3,14.77
2016-02-12,0.0,4.59,29.23,16.1
2016-02-13,0.0,4.67,30.45,14.95
2016-02-14,0.0,4.64,31.07,15.82
2016-02-15,0.0,4.58,31.07,16.8
2016-02-16,0.0,4.85,31.48,17.55
2016-02-17,0.0,4.82,30.95,18.77
2016-02-18,0.0,4.96,31.5,19.75
2016-02-19,0.0,5.02,31.88,18.27
2016-02-20,0.0,4.87,31.85,17.95
2016-02-21,0.0,4.44,31.0,20.32
2016-02-22,0.0,5.01,31.7,19.82
2016-02-23,0.0,4.54,31.27,19.62
2016-02-24,4.65,4.21,31.12,20.43
2016-02-25,4.5,2.62,25.65,18.82
2016-02-26,0.47,2.54,24.62,17.43
2016-02-27,0.12,2.79,24.25,14.45
2016-02-28,0.1,3.44,25.62,15.68
2016-02-29,0.17,3.41,26.27,16.52
2016-03-01,0.0,3.42,26.95,17.07
2016-03-02,0.0,4.12,28.18,17.3
2016-03-03,0.0,4.54,30.12,17.95
2016-03-04,0.0,5.09,31.75,18.15
2016-03-05,0.0,5.16,32.3,17.75
2016-03-06,0.0,4.98,32.77,19.27
2016-03-07,0.0,5.62,33.77,18.45
2016-03-08,0.0,5.77,34.25,18.98
2016-03-09,0.0,5.85,34.83,18.65
2016-03-10,0.0,5.5,35.5,19.75
2016-03-11,0.0,5.54,35.35,20.32
2016-03-12,0.0,5.96,34.98,22.82
2016-03-13,0.0,5.83,35.23,19.77
2016-03-14,0.0,5.56,35.7,20.65
2016-03-15,0.0,6.25,36.38,21.18
2016-03-16,0.0,6.21,35.85,20.57
2016-03-17,0.0,6.17,35.85,20.3
2016-03-18,0.0,6.23,35.38,20.32
2016-03-19,0.0,6.1,35.77,20.52
2016-03-20,0.0,6.11,35.9,20.7
2016-03-21,0.0,6.09,35.7,21.27
2016-03-22,0.0,6.11,35.08,21.73
2016-03-23,0.0,6.12,35.55,20.77
2016-03-24,0.0,5.45,34.4,20.95
2016-03-25,0.0,5.41,32.58,20.3
2016-03-26,0.0,5.6,33.0,20.75
2016-03-27,0.15,5.34,33.25,21.65
2016-03-28,0.15,4.9,32.8,21.57
2016-03-29,0.0,5.12,31.95,20.73
2016-03-30,0.0,5.71,34.7,21.93
2016-03-31,0.0,6.4,35.77,21.8
2016-04-01,0.05,6.26,35.23,21.98
2016-04-02,0.0,6.0,34.5,21.48
2016-04-03,0.0,6.32,35.92,21.3
2016-04-04,0.0,6.16,36.33,22.15
2016-04-05,0.0,6.95,37.02,22.62
2016-04-06,0.0,6.46,36.4,21.9
2016-04-07,0.0,6.0,36.65,22.65
2016-04-08,0.0,5.54,36.73,23.38
2016-04-09,0.15,5.66,36.73,23.4
2016-04-10,0.0,6.05,36.4,22.77
2016-04-11,0.0,6.96,38.4,22.57
2016-04-12,0.0,6.71,37.73,22.5
2016-04-13,0.0,6.39,37.23,22.6
2016-04-14,0.05,6.58,37.52,22.98
2016-04-15,0.0,7.04,37.85,22.12
2016-04-16,0.0,6.9,38.35,23.32
2016-04-17,0.0,6.54,37.95,23.3
2016-04-18,0.05,6.46,38.75,24.05
2016-04-19,0.0,6.88,37.98,25.65
2016-04-20,0.0,6.88,38.27,24.95
2016-04-21,0.0,6.98,37.95,23.4
2016-04-22,0.2,6.71,36.52,22.43
2016-04-23,0.0,7.13,37.65,23.0
2016-04-24,0.0,6.75,37.48,23.6
2016-04-25,0.0,5.59,36.15,24.95
2016-04-26,0.0,6.19,38.12,24.07
2016-04-27,0.0,6.47,39.23,23.98
2016-04-28,0.0,6.46,39.67,25.23
2016-04-29,1.73,6.0,37.62,25.72
2016-04-30,3.15,5.23,35.2,24.18
2016-05-01,1.25,5.07,33.5,21.3
2016-05-02,0.68,5.46,33.9,21.75
2016-05-03,2.45,5.44,35.2,23.85
2016-05-04,0.0,6.1,35.08,23.48
2016-05-05,0.03,6.12,35.8,22.52
2016-05-06,0.0,6.18,35.58,23.95
2016-05-07,0.0,6.33,37.27,23.35
2016-05-08,0.0,6.73,38.0,24.73
2016-05-09,0.0,6.58,37.88,24.83
2016-05-10,0.0,6.17,38.17,25.25
2016-05-11,0.5,5.79,38.2,25.62
2016-05-12,0.45,6.01,38.27,25.7
2016-05-13,0.0,6.03,38.15,26.18
2016-05-14,0.05,5.94,36.42,24.95
2016-05-15,0.0,5.55,36.08,25.98
2016-05-16,5.38,4.88,33.35,24.02
2016-05-17,1.55,4.84,33.5,23.65
2016-05-18,0.48,5.36,34.3,23.85
2016-05-19,3.42,3.42,31.93,23.98
2016-05-20,7.97,2.37,30.95,22.95
2016-05-21,12.95,2.14,26.55,21.77
2016-05-22,9.65,1.95,27.1,22.85
2016-05-23,54.02,2.24,27.73,22.55
2016-05-24,5.15,2.79,28.8,22.62
2016-05-25,16.98,2.14,27.95,22.62
2016-05-26,0.3,4.77,30.98,22.1
2016-05-27,0.08,4.99,31.43,22.88
2016-05-28,0.82,4.71,31.75,23.5
2016-05-29,0.32,4.14,31.07,23.73
2016-05-30,16.28,2.37,27.27,22.35
2016-05-31,6.03,2.22,26.6,21.9
2016-06-01,4.38,2.44,27.1,21.27
2016-06-02,4.42,2.77,26.62,21.5
2016-06-03,11.07,2.93,28.92,21.77
2016-06-04,10.23,3.0,27.85,21.62
2016-06-05,3.93,3.68,29.07,22.4
2016-06-06,2.9,3.94,30.73,22.25
2016-06-07,2.2,2.96,29.95,22.98
2016-06-08,2.42,2.83,28.2,22.25
2016-06-09,5.85,1.71,26.18,21.95
2016-06-10,5.45,1.8,26.98,22.0
2016-06-11,47.33,0.58,23.12,22.05
2016-06-12,10.38,1.41,24.82,21.9
2016-06-13,17.6,3.34,28.43,21.27
2016-06-14,15.47,2.58,27.5,22.12
2016-06-15,10.8,3.14,28.25,22.07
2016-06-16,11.3,2.29,27.1,21.2
2016-06-17,8.38,3.24,28.82,21.98
2016-06-18,11.05,2.57,26.18,21.12
2016-06-19,0.8,4.74,30.9,21.88
2016-06-20,6.57,4.0,29.75,22.15
2016-06-21,0.12,4.79,31.5,23.12
2016-06-22,3.85,3.71,30.02,23.32
2016-06-23,6.22,4.06,30.05,23.23
2016-06-24,5.05,3.44,28.6,22.43
2016-06-25,11.53,2.91,27.48,21.85
2016-06-26,0.33,3.5,28.35,21.73
2016-06-27,0.2,3.9,29.48,22.45
2016-06-28,0.7,4.37,31.02,22.3
2016-06-29,3.25,4.04,30.65,23.07
2016-06-30,12.8,2.76,29.18,22.82
2016-07-01,13.32,2.04,26.4,22.35
2016-07-02,7.75,2.43,27.5,21.77
2016-07-03,7.82,1.97,25.68,22.18
2016-07-04,11.25,2.63,27.57,22.18
2016-07-05,8.2,1.24,24.2,21.18
2016-07-06,5.83,2.72,28.48,21.38
2016-07-07,64.28,1.5,25.18,22.18
2016-07-08,5.53,2.74,26.77,22.02
2016-07-09,13.78,3.42,29.07,21.62
2016-07-10,12.15,3.36,27.88,21.65
2016-07-11,2.77,3.3,28.55,21.52
2016-07-12,1.05,4.03,30.38,21.77
2016-07-13,2.33,3.33,30.02,22.25
2016-07-14,8.88,2.71,27.62,22.25
2016-07-15,16.25,2.12,28.2,21.88
2016-07-16,11.27,1.71,25.67,21.62
2016-07-17,5.45,3.69,29.62,21.75
2016-07-18,3.08,3.14,28.55,22.32
2016-07-19,2.2,4.76,30.98,22.32
2016-07-20,7.95,2.92,27.9,22.45
2016-07-21,22.38,1.25,24.0,21.45
2016-07-22,3.97,3.47,27.73,20.82
2016-07-23,1.57,3.07,28.23,21.0
2016-07-24,4.22,2.78,28.4,22.18
2016-07-25,5.42,3.78,30.68,22.3
2016-07-26,1.8,4.92,31.65,21.38
2016-07-27,4.22,4.68,32.0,22.38
2016-07-28,9.8,2.87,27.93,22.65
2016-07-29,10.2,2.79,26.73,21.55
2016-07-30,14.6,1.71,25.12,21.77
2016-07-31,5.35,2.08,26.6,21.48
2016-08-01,8.05,3.28,28.18,21.23
2016-08-02,5.17,3.36,28.32,21.85
2016-08-03,1.35,3.82,29.95,21.27
2016-08-04,13.85,2.63,26.68,22.02
2016-08-05,9.93,2.82,26.93,21.8
2016-08-06,7.02,2.71,27.07,20.8
2016-08-07,7.17,3.14,28.38,21.68
2016-08-08,5.92,2.84,27.8,22.1
2016-08-09,1.15,3.61,28.55,21.9
2016-08-10,0.4,2.99,28.7,22.02
2016-08-11,1.23,2.87,29.23,22.38
2016-08-12,9.4,2.12,26.48,22.18
2016-08-13,9.18,1.57,25.77,22.18
2016-08-14,10.53,1.69,25.88,21.48
2016-08-15,4.27,2.03,26.23,21.4
2016-08-16,10.12,2.9,27.45,21.5
2016-08-17,1.93,3.29,28.8,22.25
2016-08-18,0.33,4.3,30.5,22.07
2016-08-19,1.1,3.6,29.45,22.18
2016-08-20,54.85,0.92,23.7,21.15
2016-08-21,2.15,3.74,28.75,20.95
2016-08-22,5.42,4.16,31.02,21.62
2016-08-23,19.7,1.27,25.98,22.15
2016-08-24,11.97,3.0,28.38,21.05
2016-08-25,1.2,3.74,30.12,22.45
2016-08-26,2.8,3.9,30.1,22.65
2016-08-27,2.02,3.22,28.93,23.23
2016-08-28,19.05,1.52,26.15,22.2
2016-08-29,10.12,2.34,26.5,21.88
2016-08-30,9.53,2.29,26.32,21.93
2016-08-31,9.72,2.63,27.23,21.88
2016-09-01,2.58,2.93,27.48,22.12
2016-09-02,0.5,3.15,28.7,21.88
2016-09-03,2.23,3.68,29.1,22.45
2016-09-04,1.8,2.62,27.73,22.32
2016-09-05,1.33,2.5,27.75,22.38
2016-09-06,0.5,2.85,28.55,22.32
2016-09-07,7.35,3.03,28.68,21.88
2016-09-08,15.75,1.8,25.8,21.1
2016-09-09,24.07,2.0,26.18,21.48
2016-09-10,2.05,3.53,29.4,21.32
2016-09-11,27.45,0.99,24.3,21.77
2016-09-12,13.85,1.09,23.65,21.02
2016-09-13,3.2,3.98,29.38,20.45
2016-09-14,27.1,1.2,24.75,21.77
2016-09-15,5.83,2.92,28.3,21.88
2016-09-16,3.52,2.99,28.85,21.4
2016-09-17,2.05,3.52,29.07,21.95
2016-09-18,8.45,2.63,29.18,22.38
2016-09-19,0.72,4.23,29.07,20.7
2016-09-20,10.45,2.71,26.4,21.2
2016-09-21,15.93,1.96,25.57,20.93
2016-09-22,0.0,4.22,29.62,20.2
2016-09-23,1.43,4.2,28.88,22.88
2016-09-24,4.58,3.2,28.25,22.75
2016-09-25,11.57,2.65,26.9,21.05
2016-09-26,21.5,1.6,25.4,21.2
2016-09-27,0.93,3.71,29.25,21.2
2016-09-28,2.3,3.79,30.1,22.25
2016-09-29,9.78,3.4,28.23,21.45
2016-09-30,1.47,3.69,29.82,21.48
2016-10-01,8.1,3.05,28.38,21.82
2016-10-02,11.47,2.96,28.23,21.43
2016-10-03,9.25,3.14,28.75,21.32
2016-10-04,5.08,2.55,27.1,20.73
2016-10-05,1.55,3.32,27.78,20.95
2016-10-06,13.45,2.12,26.6,21.15
2016-10-07,4.3,2.97,27.45,20.98
2016-10-08,0.23,3.71,28.75,20.6
2016-10-09,1.38,3.55,28.83,21.65
2016-10-10,1.77,3.4,29.27,22.07
2016-10-11,1.88,3.16,28.83,22.35
2016-10-12,7.62,2.56,27.52,21.38
2016-10-13,4.6,2.83,27.5,20.8
2016-10-14,0.0,3.69,28.48,19.65
2016-10-15,0.28,3.28,28.0,20.4
2016-10-16,10.45,1.35,25.1,21.05
2016-10-17,1.12,3.12,28.23,20.08
2016-10-18,0.05,3.89,28.88,19.38
2016-10-19,0.1,3.92,29.57,20.48
2016-10-20,0.82,3.44,29.43,21.2
2016-10-21,0.55,3.64,29.4,21.23
2016-10-22,1.35,3.29,29.25,21.77
2016-10-23,0.28,3.31,28.75,21.73
2016-10-24,2.0,3.54,28.27,21.25
2016-10-25,7.1,1.76,25.35,20.98
2016-10-26,6.3,2.18,25.65,20.57
2016-10-27,1.93,2.96,28.15,20.27
2016-10-28,0.3,2.9,27.65,20.88
2016-10-29,3.25,2.16,26.45,20.27
2016-10-30,0.62,2.98,27.1,19.62
2016-10-31,0.15,3.03,27.62,20.18
2016-11-01,5.4,2.7,27.05,20.55
2016-11-02,2.12,1.96,25.62,19.45
2016-11-03,0.03,2.72,26.75,20.25
2016-11-04,0.0,3.17,27.52,18.12
2016-11-05,0.0,3.25,28.48,20.27
2016-11-06,0.4,3.27,27.93,21.38
2016-11-07,0.33,3.21,28.15,20.27
2016-11-08,5.35,1.92,26.2,21.25
2016-11-09,10.65,1.94,25.82,21.12
2016-11-10,19.77,0.89,23.5,20.82
2016-11-11,16.2,1.08,23.25,20.85
2016-11-12,0.62,2.13,25.65,19.95
2016-11-13,0.35,3.08,27.9,19.48
2016-11-14,0.15,3.03,28.15,19.62
2016-11-15,1.95,2.79,27.52,20.02
2016-11-16,0.35,3.07,27.68,19.25
2016-11-17,0.0,3.23,27.82,19.07
2016-11-18,0.1,3.19,27.68,18.07
2016-11-19,0.03,2.97,27.57,18.35
2016-11-20,0.0,3.4,28.5,18.23
2016-11-21,0.0,3.52,27.9,16.53
2016-11-22,0.0,3.52,27.23,15.48
2016-11-23,0.0,3.56,26.48,15.07
2016-11-24,0.0,2.43,26.1,15.43
2016-11-25,0.07,2.77,27.1,17.9
2016-11-26,1.78,2.42,26.7,20.4
2016-11-27,9.43,1.63,23.68,18.88
2016-11-28,3.05,2.12,24.35,18.98
2016-11-29,1.77,1.72,23.48,19.52
2016-11-30,0.0,2.46,25.27,17.02
2016-12-01,0.0,2.56,25.38,16.6
2016-12-02,0.0,2.55,25.88,17.95
2016-12-03,0.0,3.14,25.8,15.53
2016-12-04,0.05,2.34,25.58,16.15
2016-12-05,0.0,2.46,25.6,17.43
2016-12-06,0.0,2.55,25.2,17.12
2016-12-07,0.0,3.1,25.62,16.18
2016-12-08,0.0,3.08,25.65,17.18
2016-12-09,0.0,3.33,25.97,15.8
2016-12-10,0.0,3.25,26.45,15.3
2016-12-11,0.0,3.31,26.32,15.05
2016-12-12,0.0,2.86,26.88,16.2
2016-12-13,0.0,2.62,26.65,17.23
2016-12-14,0.0,2.89,27.05,17.75
2016-12-15,0.0,3.15,26.98,15.93
2016-12-16,0.4,0.83,20.9,18.7
2016-12-17,0.0,1.67,23.02,17.82
2016-12-18,0.0,2.33,24.62,15.2
2016-12-19,0.0,3.02,26.57,14.05
2016-12-20,0.0,3.38,27.4,16.82
2016-12-21,0.0,3.4,27.08,16.73
2016-12-22,0.0,3.09,27.23,15.45
2016-12-23,0.0,2.87,26.35,15.75
2016-12-24,0.0,3.06,26.88,16.65
2016-12-25,0.0,3.33,28.07,16.77
2016-12-26,0.0,3.29,28.3,16.8
2016-12-27,0.03,2.82,26.7,18.15
2016-12-28,0.12,2.75,25.4,17.0
2016-12-29,0.0,2.87,25.25,15.5
2016-12-30,0.0,3.27,23.98,13.07
2016-12-31,0.0,3.08,24.5,12.12
2017-01-01,3.1,1.27,20.3,16.85
2017-01-02,0.97,1.94,23.02,15.22
2017-01-03,3.38,1.63,23.68,16.57
2017-01-04,13.03,0.99,21.25,16.38
2017-01-05,5.12,1.14,19.08,15.05
2017-01-06,0.03,2.01,23.18,15.68
2017-01-07,0.08,2.88,25.9,15.35
2017-01-08,0.0,3.11,25.9,15.28
2017-01-09,0.35,2.79,26.32,16.55
2017-01-10,12.77,1.0,22.05,18.07
2017-01-11,9.62,1.16,22.48,18.65
2017-01-12,5.0,1.64,23.6,18.7
2017-01-13,0.12,3.04,24.82,18.18
2017-01-14,0.0,3.53,25.35,14.1
2017-01-15,0.0,3.55,25.82,13.82
2017-01-16,0.0,3.52,25.68,13.5
2017-01-17,0.0,3.36,26.18,15.25
2017-01-18,0.07,3.23,26.77,15.05
2017-01-19,0.0,3.59,27.85,16.38
2017-01-20,0.0,3.52,27.98,16.45
2017-01-21,0.0,3.1,27.07,15.95
2017-01-22,0.0,3.23,26.5,15.4
2017-01-23,0.0,3.39,26.05,14.22
2017-01-24,0.0,3.18,25.45,14.72
2017-01-25,0.0,3.58,26.82,14.32
2017-01-26,0.0,3.45,25.95,14.2
2017-01-27,0.0,3.29,26.25,13.95
2017-01-28,0.0,3.5,26.62,14.53
2017-01-29,0.0,3.78,27.73,15.15
2017-01-30,0.07,3.46,26.82,15.3
2017-01-31,0.0,3.39,27.0,15.12
2017-02-01,0.0,3.55,27.02,15.58
2017-02-02,0.0,3.96,27.73,15.03
2017-02-03,0.0,3.83,28.07,15.1
2017-02-04,0.0,4.37,29.7,14.62
2017-02-05,0.0,4.41,29.2,13.12
2017-02-06,0.0,4.36,29.23,12.7
2017-02-07,0.0,4.33,29.0,13.47
2017-02-08,0.0,4.27,29.18,13.78
2017-02-09,0.0,4.51,29.35,14.18
2017-02-10,0.0,4.45,29.05,15.25
2017-02-11,0.12,3.56,27.2,17.18
2017-02-12,0.08,3.02,25.82,16.53
2017-02-13,0.03,3.21,26.27,14.8
2017-02-14,0.0,3.61,26.52,15.15
2017-02-15,0.0,3.56,25.8,14.82
2017-02-16,0.05,3.62,26.8,15.15
2017-02-17,0.0,3.74,28.02,14.32
2017-02-18,0.0,3.97,28.52,14.78
2017-02-19,0.0,4.24,29.05,15.38
2017-02-20,0.0,4.72,29.52,16.65
2017-02-21,0.0,4.84,29.82,15.78
2017-02-22,0.0,4.98,31.35,16.6
2017-02-23,0.0,5.0,31.93,15.38
2017-02-24,0.0,5.23,32.35,15.85
2017-02-25,0.0,5.31,31.83,16.32
2017-02-26,0.0,5.23,30.6,16.55
2017-02-27,0.38,4.39,30.27,18.82
2017-02-28,0.0,4.99,30.55,18.65
2017-03-01,0.0,5.12,31.35,16.93
2017-03-02,0.6,3.79,27.95,18.02
2017-03-03,0.0,5.05,31.12,17.7
2017-03-04,0.0,5.17,31.9,16.55
2017-03-05,0.0,5.29,32.35,16.35
2017-03-06,0.0,5.43,32.72,17.05
2017-03-07,0.0,5.44,32.7,17.88
2017-03-08,0.0,4.78,31.1,18.3
2017-03-09,0.0,4.96,31.83,18.8
2017-03-10,0.28,4.64,31.62,18.95
2017-03-11,0.0,4.94,32.35,19.38
2017-03-12,0.0,5.38,34.45,19.7
2017-03-13,0.0,5.72,34.05,19.15
2017-03-14,0.0,5.61,33.83,18.33
2017-03-15,0.0,5.77,33.42,18.43
2017-03-16,0.0,5.86,33.4,16.7
2017-03-17,0.0,5.92,32.65,18.65
2017-03-18,0.0,5.91,33.0,19.02
2017-03-19,0.0,5.76,33.5,18.32
2017-03-20,0.07,5.66,32.98,18.9
2017-03-21,0.23,5.41,32.55,19.0
2017-03-22,0.0,5.47,32.3,16.18
2017-03-23,0.0,5.93,33.1,17.15
2017-03-24,0.0,5.81,33.98,18.52
2017-03-25,0.0,5.75,33.67,19.8
2017-03-26,0.0,5.39,33.5,18.88
2017-03-27,3.95,4.35,29.62,20.0
2017-03-28,0.53,4.64,31.05,19.5
2017-03-29,0.07,5.14,32.38,20.95
2017-03-30,0.0,5.91,33.4,20.27
2017-03-31,0.0,4.86,32.98,19.88
2017-04-01,1.68,4.54,31.38,21.12
2017-04-02,2.08,3.56,26.82,20.3
2017-04-03,1.55,4.45,29.3,19.3
2017-04-04,1.3,4.89,30.43,20.0
2017-04-05,1.02,5.04,30.48,18.15
2017-04-06,0.0,5.32,33.0,19.5
2017-04-07,0.0,5.82,33.7,21.27
2017-04-08,0.0,5.71,34.35,21.55
2017-04-09,0.38,5.53,34.92,21.8
2017-04-10,0.12,5.68,35.42,22.62
2017-04-11,0.0,5.71,35.05,21.75
2017-04-12,0.33,5.64,34.67,22.6
2017-04-13,3.8,5.31,33.48,23.25
2017-04-14,6.98,3.75,29.95,21.57
2017-04-15,6.98,2.68,27.38,20.62
2017-04-16,9.05,2.76,27.9,20.23
2017-04-17,6.5,2.04,25.35,20.6
2017-04-18,0.65,4.4,29.05,19.6
2017-04-19,0.07,5.18,31.07,19.1
2017-04-20,0.47,5.3,31.0,19.8
2017-04-21,0.12,5.15,31.2,19.43
2017-04-22,0.75,5.25,32.23,20.9
2017-04-23,2.33,4.96,31.98,21.35
2017-04-24,0.33,5.15,32.12,20.48
2017-04-25,0.4,4.88,31.33,20.27
2017-04-26,0.07,5.24,32.67,20.6
2017-04-27,0.38,4.98,32.52,21.77
2017-04-28,10.28,4.52,32.42,22.3
2017-04-29,0.62,3.81,29.48,21.05
2017-04-30,0.15,4.62,31.6,21.2
2017-05-01,0.47,5.23,33.38,21.52
2017-05-02,2.95,5.09,32.8,21.58
2017-05-03,0.07,5.33,34.42,22.25
2017-05-04,0.15,5.02,33.8,22.32
2017-05-05,4.25,4.69,31.48,23.25
2017-05-06,0.83,4.61,32.4,22.02
2017-05-07,3.02,4.53,31.35,22.43
2017-05-08,0.48,5.08,33.2,21.82
2017-05-09,1.0,5.12,33.4,21.58
2017-05-10,4.7,3.92,29.55,22.75
2017-05-11,1.05,4.81,31.43,22.02
2017-05-12,4.42,4.39,31.25,22.2
2017-05-13,4.05,3.73,29.48,21.9
2017-05-14,1.75,4.27,30.27,22.15
2017-05-15,3.08,4.35,30.3,21.62
2017-05-16,21.5,2.88,27.8,21.7
2017-05-17,17.1,1.18,22.85,21.1
2017-05-18,1.12,3.32,27.48,20.25
2017-05-19,0.4,3.46,29.02,20.68
2017-05-20,1.95,4.69,31.23,21.52
2017-05-21,0.88,4.92,31.88,22.25
2017-05-22,0.25,5.16,33.02,23.25
2017-05-23,0.65,4.43,31.78,23.68
2017-05-24,3.15,4.0,30.43,24.1
2017-05-25,4.7,4.6,32.25,23.15
2017-05-26,11.75,2.65,27.85,22.62
2017-05-27,7.75,3.69,28.2,21.82
2017-05-28,8.12,3.33,28.07,22.27
2017-05-29,3.35,2.5,27.6,22.15
2017-05-30,15.38,2.58,27.27,21.95
2017-05-31,7.5,1.65,25.35,21.73
2017-06-01,1.18,4.02,30.05,22.23
2017-06-02,2.62,4.49,30.1,22.15
2017-06-03,0.7,4.63,30.6,21.98
2017-06-04,4.4,4.76,30.4,22.3
2017-06-05,2.93,4.54,31.05,21.57
2017-06-06,1.85,4.67,30.68,22.57
2017-06-07,12.35,3.28,28.88,23.05
2017-06-08,13.6,2.68,27.2,21.7
2017-06-09,5.9,3.48,28.82,22.15
2017-06-10,16.43,2.25,26.85,22.12
2017-06-11,8.03,2.5,26.98,22.2
2017-06-12,4.28,3.37,28.03,21.98
2017-06-13,14.23,2.98,27.32,22.43
2017-06-14,9.97,3.32,27.57,22.27
2017-06-15,2.7,3.25,29.62,21.8
2017-06-16,2.88,2.09,27.07,21.68
2017-06-17,0.7,3.5,29.88,21.75
2017-06-18,4.22,3.73,28.4,22.2
2017-06-19,2.52,3.42,28.27,22.05
2017-06-20,8.38,2.35,27.2,21.85
2017-06-21,6.25,2.76,27.62,21.55
2017-06-22,1.27,3.57,28.77,21.9
2017-06-23,2.35,4.14,29.77,22.05
2017-06-24,0.65,4.62,29.42,21.62
2017-06-25,2.38,4.12,29.7,21.92
2017-06-26,8.53,3.58,29.15,22.2
2017-06-27,13.03,3.36,29.12,22.38
2017-06-28,12.9,3.36,28.68,22.12
2017-06-29,44.05,1.92,26.23,22.1
2017-06-30,9.22,2.54,26.85,21.48
2017-07-01,8.57,2.65,26.9,21.15
2017-07-02,3.48,2.65,27.4,22.05
2017-07-03,12.72,2.94,27.1,21.48
2017-07-04,15.97,1.08,23.57,21.52
2017-07-05,6.3,2.37,27.12,21.35
2017-07-06,0.47,2.97,27.62,20.82
2017-07-07,6.08,3.67,28.32,21.85
2017-07-08,4.92,3.17,28.07,22.0
2017-07-09,13.73,2.36,26.88,21.77
2017-07-10,25.95,1.96,25.98,21.9
2017-07-11,12.7,2.37,25.85,21.52
2017-07-12,15.18,2.44,25.65,21.38
2017-07-13,17.1,2.24,26.15,21.5
2017-07-14,18.6,1.78,25.98,21.2
2017-07-15,17.75,2.0,25.17,21.27
2017-07-16,1.75,2.68,26.43,21.1
2017-07-17,30.23,1.73,25.7,21.32
2017-07-18,19.27,1.21,23.6,21.32
2017-07-19,15.5,1.7,25.5,21.4
2017-07-20,12.1,1.78,25.65,21.62
2017-07-21,21.55,1.39,24.48,21.45
2017-07-22,34.55,1.6,24.8,21.07
2017-07-23,29.88,2.57,27.07,21.38
2017-07-24,18.77,2.86,27.68,21.27
2017-07-25,24.38,1.48,25.15,21.68
2017-07-26,13.35,3.87,29.43,21.78
2017-07-27,1.5,4.16,29.65,21.93
2017-07-28,7.38,3.78,29.05,22.0
2017-07-29,1.47,4.09,29.02,22.68
2017-07-30,5.88,3.88,29.48,22.57
2017-07-31,1.95,3.98,29.88,22.6
2017-08-01,3.88,3.77,29.57,22.43
2017-08-02,10.32,2.92,27.48,22.35
2017-08-03,5.4,3.58,28.68,22.25
2017-08-04,3.75,2.9,28.2,22.02
2017-08-05,12.6,2.12,26.12,22.57
2017-08-06,27.5,1.29,24.5,21.93
2017-08-07,5.7,1.98,25.77,21.6
2017-08-08,3.08,3.73,28.57,21.52
2017-08-09,2.45,2.89,27.55,21.82
2017-08-10,3.58,3.51,28.5,21.82
2017-08-11,2.4,2.21,26.5,21.6
2017-08-12,3.3,2.9,27.48,21.8
2017-08-13,1.92,3.8,29.4,21.77
2017-08-14,3.42,2.49,27.8,22.5
2017-08-15,14.4,2.05,26.25,22.43
2017-08-16,24.55,1.14,24.35,21.52
2017-08-17,6.3,2.03,26.27,21.18
2017-08-18,23.3,2.74,26.73,20.75
2017-08-19,7.82,3.36,27.95,20.43
2017-08-20,9.12,2.85,27.0,21.6
2017-08-21,27.5,1.49,24.23,21.23
2017-08-22,4.15,4.0,29.07,21.18
2017-08-23,0.35,4.38,30.2,21.77
2017-08-24,6.45,2.47,27.15,22.25
2017-08-25,11.07,1.23,24.42,21.82
2017-08-26,7.85,1.89,25.65,21.27
2017-08-27,10.97,3.78,28.07,21.0
2017-08-28,1.55,4.01,29.25,21.7
2017-08-29,12.43,2.84,27.98,22.1
2017-08-30,12.9,2.12,26.12,21.75
2017-08-31,5.82,3.21,27.95,21.45
2017-09-01,8.6,2.95,27.6,21.48
2017-09-02,11.4,2.82,28.32,21.82
2017-09-03,3.1,3.32,28.38,21.73
2017-09-04,3.6,3.15,28.35,22.25
2017-09-05,35.83,3.1,27.75,22.5
2017-09-06,20.68,1.87,26.32,22.12
2017-09-07,20.6,1.52,25.15,21.9
2017-09-08,22.25,1.83,26.2,21.65
2017-09-09,11.9,1.94,26.4,21.88
2017-09-10,0.82,2.79,27.95,22.0
2017-09-11,2.12,3.64,29.05,22.1
2017-09-12,6.7,2.92,28.57,21.73
2017-09-13,1.65,3.98,29.5,21.85
2017-09-14,4.1,4.0,29.35,21.45
2017-09-15,1.05,4.2,30.02,22.07
2017-09-16,23.73,0.77,24.45,22.07
2017-09-17,41.65,1.9,25.98,21.52
2017-09-18,13.28,2.62,26.93,21.78
2017-09-19,0.82,3.87,28.98,20.98
2017-09-20,0.85,4.02,29.88,21.7
2017-09-21,3.85,3.54,29.62,21.85
2017-09-22,7.88,3.52,28.9,22.2
2017-09-23,2.65,3.25,28.5,21.85
2017-09-24,1.52,3.74,29.15,22.25
2017-09-25,3.4,3.57,29.8,22.15
2017-09-26,13.03,2.08,26.02,22.23
2017-09-27,6.62,2.67,26.93,20.8
2017-09-28,3.85,3.4,27.98,21.55
2017-09-29,5.08,2.96,27.43,21.82
2017-09-30,2.6,3.21,28.07,21.95
2017-10-01,4.88,3.69,28.8,21.68
2017-10-02,6.72,2.93,27.65,21.85
2017-10-03,11.28,2.79,26.98,21.73
2017-10-04,13.3,3.14,28.12,21.3
2017-10-05,15.88,2.61,27.18,20.8
2017-10-06,2.62,2.98,26.88,20.55
2017-10-07,11.4,3.13,27.6,21.1
2017-10-08,7.77,2.49,26.82,21.02
2017-10-09,2.08,3.5,28.55,20.6
2017-10-10,7.38,3.15,30.23,21.05
2017-10-11,5.83,1.26,24.4,21.25
2017-10-12,5.38,2.87,27.12,21.4
2017-10-13,13.93,2.38,26.23,21.23
2017-10-14,0.57,2.29,26.38,21.4
2017-10-15,7.05,2.51,26.85,21.3
2017-10-16,5.92,2.07,26.02,21.43
2017-10-17,6.02,2.88,27.43,21.05
2017-10-18,1.62,1.68,25.32,21.07
2017-10-19,5.47,2.52,26.07,19.8
2017-10-20,3.02,2.85,27.6,21.0
2017-10-21,0.72,3.57,28.62,20.8
2017-10-22,3.2,3.22,28.18,20.48
2017-10-23,6.12,3.13,27.35,20.93
2017-10-24,16.4,1.77,25.4,21.2
2017-10-25,17.7,2.44,25.48,20.62
2017-10-26,6.6,2.71,26.88,20.02
2017-10-27,0.42,2.84,26.8,20.38
2017-10-28,3.67,2.5,25.62,20.1
2017-10-29,0.95,3.15,27.15,19.73
2017-10-30,0.15,3.74,25.93,17.38
2017-10-31,0.0,3.79,24.8,15.07
2017-11-01,0.0,3.9,26.15,14.35
2017-11-02,0.38,2.11,24.3,15.7
2017-11-03,0.48,3.47,26.38,17.98
2017-11-04,0.0,4.13,25.82,17.45
2017-11-05,0.0,3.89,25.38,15.4
2017-11-06,7.5,1.85,22.25,17.28
2017-11-07,5.22,1.79,22.77,17.4
2017-11-08,0.25,1.98,25.45,18.02
2017-11-09,12.9,1.39,23.18,18.82
2017-11-10,8.38,2.4,25.1,19.23
2017-11-11,0.7,3.08,27.1,19.02
2017-11-12,1.12,2.98,27.0,19.32
2017-11-13,0.05,3.21,27.5,19.32
2017-11-14,0.28,3.27,28.38,19.85
2017-11-15,6.0,2.51,27.27,20.07
2017-11-16,2.23,3.09,27.52,19.02
2017-11-17,0.35,3.1,28.32,20.55
2017-11-18,0.0,3.45,29.7,20.2
2017-11-19,1.07,3.41,29.27,20.27
2017-11-20,2.3,2.7,26.5,20.98
2017-11-21,2.98,2.82,27.3,19.62
2017-11-22,5.78,1.48,24.25,19.85
2017-11-23,7.42,1.88,24.8,20.1
2017-11-24,32.48,1.3,23.6,20.07
2017-11-25,6.82,1.22,22.52,19.25
2017-11-26,0.0,2.11,23.73,17.55
2017-11-27,0.1,2.24,24.0,16.23
2017-11-28,0.12,2.44,24.93,16.23
2017-11-29,0.05,3.11,26.38,16.18
2017-11-30,0.0,3.41,26.45,15.47
2017-12-01,0.07,2.95,25.9,14.82
2017-12-02,0.1,2.99,25.82,16.62
2017-12-03,0.0,3.26,26.0,15.35
2017-12-04,0.0,3.31,26.15,14.47
2017-12-05,0.0,3.04,25.7,15.1
2017-12-06,0.0,2.08,24.7,17.7
2017-12-07,0.2,2.14,25.73,17.95
2017-12-08,3.62,2.15,25.7,20.05
2017-12-09,19.4,1.56,24.32,20.6
2017-12-10,2.55,2.2,26.32,20.12
2017-12-11,2.17,2.45,26.93,19.7
2017-12-12,0.68,2.7,26.8,19.05
2017-12-13,0.03,3.11,27.2,18.1
2017-12-14,0.0,3.38,26.65,15.4
2017-12-15,0.0,3.31,26.12,14.62
2017-12-16,0.48,2.54,25.15,14.97
2017-12-17,0.82,1.84,21.95,15.7
2017-12-18,0.0,2.58,21.93,13.95
2017-12-19,0.0,3.16,19.65,10.88
2017-12-20,0.0,3.14,17.93,9.07
2017-12-21,0.0,3.05,19.27,7.15
2017-12-22,0.0,3.09,22.23,8.03
2017-12-23,0.0,3.21,24.75,10.0
2017-12-24,0.0,3.39,25.38,11.32
2017-12-25,0.0,3.21,23.98,12.97
2017-12-26,0.55,2.68,24.23,11.2
2017-12-27,10.47,0.47,17.35,15.62
2017-12-28,1.57,0.95,19.35,15.38
2017-12-29,0.7,1.43,22.95,17.27
2017-12-30,2.12,2.27,24.73,17.15
2017-12-31,3.95,2.1,24.07,17.2
2018-01-01,1.2,1.83,22.9,17.2
2018-01-02,0.82,2.0,23.1,16.85
2018-01-03,0.3,1.3,21.88,16.6
2018-01-04,0.35,1.55,23.52,17.9
2018-01-05,4.67,1.14,22.02,17.32
2018-01-06,0.12,1.65,23.65,17.3
2018-01-07,0.57,2.18,25.62,17.65
2018-01-08,0.57,2.6,26.57,18.58
2018-01-09,0.03,2.88,27.45,18.23
2018-01-10,1.75,3.13,27.0,18.02
2018-01-11,12.25,0.97,21.7,13.4
2018-01-12,1.8,0.86,13.8,11.6
2018-01-13,0.3,1.26,16.7,11.38
2018-01-14,0.03,2.19,20.85,12.57
2018-01-15,0.0,2.77,22.9,12.18
2018-01-16,0.0,2.9,24.07,13.12
2018-01-17,0.0,3.38,25.23,13.88
2018-01-18,0.0,3.54,25.55,13.72
2018-01-19,0.0,3.49,25.95,13.32
2018-01-20,0.0,3.59,26.05,13.53
2018-01-21,0.0,3.64,26.15,13.22
2018-01-22,0.0,3.66,26.43,12.7
2018-01-23,0.0,3.75,26.67,12.97
2018-01-24,0.0,3.71,26.35,12.03
2018-01-25,0.0,3.75,27.15,12.47
2018-01-26,0.0,3.37,27.6,14.97
2018-01-27,0.05,3.35,27.65,16.57
2018-01-28,0.0,3.59,28.0,15.6
2018-01-29,0.0,3.91,27.75,14.95
2018-01-30,0.0,4.08,27.43,13.4
2018-01-31,0.0,4.12,26.15,11.55
2018-02-01,0.0,3.97,25.32,11.48
2018-02-02,0.05,3.3,24.77,12.95
2018-02-03,1.18,2.5,22.9,14.35
2018-02-04,0.08,2.89,24.65,13.85
2018-02-05,0.0,2.98,25.02,14.82
2018-02-06,0.0,2.46,24.05,14.75
2018-02-07,0.0,3.62,26.52,14.53
2018-02-08,0.0,4.04,26.98,15.0
2018-02-09,0.0,3.74,27.52,15.2
2018-02-10,0.0,3.92,28.7,14.85
2018-02-11,0.0,4.13,29.18,14.97
2018-02-12,0.12,3.73,28.07,15.28
2018-02-13,0.03,3.56,28.6,17.07
2018-02-14,0.0,4.16,29.85,16.52
2018-02-15,0.0,4.33,31.45,16.77
2018-02-16,0.0,4.6,30.15,14.43
2018-02-17,0.0,4.67,30.43,14.4
2018-02-18,0.0,4.51,30.25,13.88
2018-02-19,0.0,4.48,30.75,15.72
2018-02-20,0.0,4.36,31.02,15.95
2018-02-21,0.07,4.19,30.9,16.23
2018-02-22,0.75,3.8,29.0,16.45
2018-02-23,1.32,3.52,27.88,19.02
2018-02-24,0.25,3.49,29.2,18.98
2018-02-25,0.0,4.44,31.62,17.3
2018-02-26,0.78,3.63,29.25,16.68
2018-02-27,0.0,4.47,31.8,17.07
2018-02-28,0.0,4.39,30.88,16.9
2018-03-01,0.0,4.4,31.22,16.1
2018-03-02,0.0,4.46,31.45,16.55
2018-03-03,0.0,4.88,31.8,16.02
2018-03-04,0.0,4.7,32.17,15.85
2018-03-05,0.0,4.62,32.92,16.95
2018-03-06,0.0,4.82,33.05,17.65
2018-03-07,0.0,4.83,33.05,17.4
2018-03-08,0.0,4.75,32.65,17.25
2018-03-09,1.4,1.86,23.82,19.1
2018-03-10,0.03,2.16,26.25,18.2
2018-03-11,0.25,3.44,27.75,18.18
2018-03-12,0.93,3.74,28.8,17.32
2018-03-13,0.07,4.15,30.3,16.25
2018-03-14,0.0,4.21,30.43,15.97
2018-03-15,0.0,4.66,31.23,15.9
2018-03-16,0.0,4.53,31.45,16.98
2018-03-17,1.07,4.06,30.62,18.62
2018-03-18,1.35,3.65,30.27,19.02
2018-03-19,0.0,4.09,31.62,18.4
2018-03-20,0.0,4.75,32.6,17.48
2018-03-21,0.0,4.23,30.73,18.4
2018-03-22,0.0,4.21,30.15,19.5
2018-03-23,1.48,3.52,28.98,19.65
2018-03-24,0.42,4.0,30.07,19.0
2018-03-25,0.0,4.31,32.7,19.38
2018-03-26,0.0,4.34,32.17,20.3
2018-03-27,0.33,4.38,30.65,20.48
2018-03-28,0.3,3.96,30.27,19.88
2018-03-29,0.03,4.09,32.12,20.15
2018-03-30,0.03,3.94,31.75,20.45
2018-03-31,2.4,3.77,31.2,20.25
2018-04-01,3.15,3.51,29.43,20.32
2018-04-02,0.88,3.61,29.6,19.75
2018-04-03,0.03,4.12,30.8,18.43
2018-04-04,4.88,3.81,31.2,20.27
2018-04-05,2.5,3.9,30.45,20.12
2018-04-06,0.0,4.22,31.18,19.48
2018-04-07,8.38,3.19,23.77,17.82
2018-04-08,0.0,4.39,27.05,16.38
2018-04-09,0.0,4.37,29.43,17.1
2018-04-10,0.78,4.44,31.27,18.8
2018-04-11,0.4,4.47,32.3,19.85
2018-04-12,0.23,4.87,33.9,20.93
2018-04-13,0.85,4.94,34.52,20.7
2018-04-14,0.5,4.74,34.92,20.88
2018-04-15,2.08,4.38,34.33,22.45
2018-04-16,1.18,4.69,32.23,21.88
2018-04-17,2.48,4.09,29.65,19.45
2018-04-18,3.5,3.42,28.7,18.85
2018-04-19,1.18,4.56,30.88,19.98
2018-04-20,0.1,4.62,31.32,19.75
2018-04-21,0.05,4.83,32.08,20.18
2018-04-22,0.3,4.71,33.17,21.07
2018-04-23,0.15,4.63,33.9,21.73
2018-04-24,1.1,4.74,34.45,22.4
2018-04-25,4.65,4.54,33.33,22.1
2018-04-26,2.8,3.55,30.3,20.85
2018-04-27,1.07,4.1,30.77,21.4
2018-04-28,2.35,3.69,28.73,20.98
2018-04-29,5.72,3.87,28.77,21.25
2018-04-30,1.2,4.24,30.77,20.48
2018-05-01,5.62,4.31,31.52,20.85
2018-05-02,28.68,1.19,23.9,21.25
2018-05-03,17.5,2.41,26.8,20.4
2018-05-04,6.25,3.54,28.32,19.62
2018-05-05,1.07,4.08,29.2,20.93
2018-05-06,0.7,4.54,30.27,21.33
2018-05-07,0.82,4.87,31.27,21.3
2018-05-08,2.4,4.86,31.85,21.68
2018-05-09,0.23,5.08,32.83,21.62
2018-05-10,1.58,5.01,32.9,23.45
2018-05-11,1.05,3.86,29.95,22.23
2018-05-12,6.35,3.19,27.93,22.0
2018-05-13,0.4,4.55,29.5,20.98
2018-05-14,1.23,4.96,30.82,20.75
2018-05-15,0.85,4.96,30.5,21.4
2018-05-16,0.8,4.61,30.57,21.32
2018-05-17,1.88,4.3,29.4,21.7
2018-05-18,4.1,4.49,29.88,20.57
2018-05-19,1.88,4.85,31.15,22.05
2018-05-20,1.43,4.8,30.93,21.25
2018-05-21,0.65,4.97,31.5,22.23
2018-05-22,1.88,4.14,30.1,22.25
2018-05-23,7.85,4.47,30.25,21.98
2018-05-24,11.3,2.87,28.43,21.73
2018-05-25,2.38,4.4,30.38,22.07
2018-05-26,4.35,4.46,30.32,22.25
2018-05-27,14.45,4.33,30.18,21.82
2018-05-28,14.02,1.74,24.75,21.48
2018-05-29,11.2,2.83,27.5,21.0
2018-05-30,12.9,1.1,23.98,21.38
2018-05-31,3.17,3.35,28.8,21.4
2018-06-01,5.6,2.95,28.12,21.9
2018-06-02,3.9,3.67,28.62,21.75
2018-06-03,2.2,4.62,30.02,21.85
2018-06-04,1.05,4.45,30.38,22.12
2018-06-05,11.58,4.5,31.1,22.73
2018-06-06,4.97,4.0,29.9,22.35
2018-06-07,14.85,3.97,29.98,22.88
2018-06-08,14.35,3.79,29.73,22.38
2018-06-09,7.88,3.34,27.57,22.23
2018-06-10,11.4,1.53,24.68,21.9
2018-06-11,12.0,2.65,26.98,22.05
2018-06-12,12.57,1.84,25.52,21.65
2018-06-13,7.22,3.0,27.82,21.43
2018-06-14,5.75,3.67,28.68,21.32
2018-06-15,29.43,1.67,25.08,21.77
2018-06-16,14.12,3.68,29.55,21.8
2018-06-17,7.1,3.16,28.1,22.07
2018-06-18,20.9,2.95,28.45,22.35
2018-06-19,7.35,2.37,26.6,22.23
2018-06-20,6.6,3.76,29.0,21.85
2018-06-21,11.97,2.69,27.02,22.05
2018-06-22,9.8,2.04,25.7,21.38
2018-06-23,11.55,3.37,28.02,21.6
2018-06-24,3.05,1.96,25.62,21.95
2018-06-25,8.15,2.21,26.1,21.73
2018-06-26,26.2,1.58,24.52,21.25
2018-06-27,9.12,1.94,24.9,20.8
2018-06-28,10.7,3.07,26.18,20.95
2018-06-29,4.95,3.96,28.43,20.62
2018-06-30,3.28,4.48,29.18,20.82
2018-07-01,8.67,3.75,28.5,21.55
2018-07-02,3.33,4.06,28.65,21.5
2018-07-03,2.35,3.72,29.02,21.8
2018-07-04,3.52,4.46,28.7,21.68
2018-07-05,6.45,4.13,28.82,21.88
2018-07-06,5.08,4.51,29.95,21.77
2018-07-07,1.0,3.78,28.55,21.93
2018-07-08,19.77,1.5,24.55,22.3
2018-07-09,8.93,2.54,27.3,21.93
2018-07-10,1.43,3.06,27.62,22.1
2018-07-11,7.2,2.99,27.2,22.0
2018-07-12,5.22,3.92,28.98,21.77
2018-07-13,3.7,4.37,29.4,21.88
2018-07-14,6.0,2.8,27.05,21.98
2018-07-15,4.38,4.03,29.07,22.0
2018-07-16,3.8,3.19,28.93,21.9
2018-07-17,12.9,3.45,29.85,21.98
2018-07-18,10.05,3.48,28.9,22.2
2018-07-19,5.47,3.69,29.77,22.27
2018-07-20,22.45,1.1,23.98,22.12
2018-07-21,7.88,3.45,28.77,22.0
2018-07-22,15.88,2.91,27.93,21.98
2018-07-23,13.53,3.65,28.57,22.05
2018-07-24,15.12,2.61,27.23,21.9
2018-07-25,9.97,1.39,24.4,21.88
2018-07-26,15.72,1.83,25.07,22.07
2018-07-27,15.6,2.17,26.0,21.73
2018-07-28,24.0,1.92,26.1,22.12
2018-07-29,21.15,2.14,25.98,21.57
2018-07-30,15.95,2.21,25.52,21.73
2018-07-31,15.75,2.13,26.25,21.25
2018-08-01,5.85,3.23,27.93,21.1
2018-08-02,5.58,3.1,27.4,21.6
2018-08-03,11.95,3.05,26.98,21.23
2018-08-04,9.97,2.65,26.68,22.0
2018-08-05,11.65,2.5,26.18,20.62
2018-08-06,7.6,3.68,28.4,21.23
2018-08-07,6.25,4.18,28.57,21.62
2018-08-08,7.0,3.78,28.65,21.43
2018-08-09,10.17,2.77,27.5,22.07
2018-08-10,10.7,3.0,26.6,22.02
2018-08-11,17.73,2.97,27.8,21.25
2018-08-12,6.58,2.29,26.48,21.93
2018-08-13,23.45,2.38,26.12,21.57
2018-08-14,6.88,2.92,27.73,20.98
2018-08-15,5.85,2.9,27.38,21.0
2018-08-16,2.62,3.86,30.95,21.42
2018-08-17,38.45,1.15,24.5,22.07
2018-08-18,32.2,1.58,24.88,21.45
2018-08-19,9.62,3.93,28.7,21.52
2018-08-20,11.6,3.72,28.68,21.3
2018-08-21,5.12,3.33,28.75,21.82
2018-08-22,9.68,3.39,28.73,21.58
2018-08-23,29.88,1.73,26.25,21.9
2018-08-24,19.23,2.12,26.07,21.4
2018-08-25,30.1,1.97,25.62,21.43
2018-08-26,12.25,2.35,26.43,21.38
2018-08-27,13.22,3.12,26.95,20.62
2018-08-28,6.67,2.21,25.9,21.05
2018-08-29,3.67,2.78,27.38,20.75
2018-08-30,4.8,3.0,28.15,21.62
2018-08-31,7.75,2.27,26.57,21.85
2018-09-01,7.05,2.88,27.0,21.2
2018-09-02,6.6,3.88,29.0,21.02
2018-09-03,20.5,1.75,25.57,21.6
2018-09-04,7.97,2.1,25.2,21.02
2018-09-05,5.97,3.1,26.95,20.73
2018-09-06,0.2,4.05,29.27,20.23
2018-09-07,5.4,3.88,29.43,21.08
2018-09-08,18.0,2.98,28.12,21.27
2018-09-09,4.2,3.54,27.65,20.38
2018-09-10,3.65,3.84,27.9,20.43
2018-09-11,5.45,3.8,28.2,21.75
2018-09-12,7.3,3.45,28.7,21.2
2018-09-13,9.45,3.34,27.98,21.15
2018-09-14,12.88,3.34,28.35,20.85
2018-09-15,3.25,3.98,28.82,21.2
2018-09-16,0.65,4.45,30.25,21.73
2018-09-17,2.08,4.13,30.75,22.35
2018-09-18,10.47,2.69,27.18,21.88
2018-09-19,21.8,2.75,26.75,21.7
2018-09-20,4.47,3.76,27.32,20.8
2018-09-21,1.65,4.19,29.7,20.75
2018-09-22,2.48,4.02,29.82,21.72
2018-09-23,3.58,4.1,28.85,20.97
2018-09-24,0.23,4.19,29.2,20.93
2018-09-25,1.05,4.18,29.43,21.4
2018-09-26,1.02,4.06,29.62,21.48
2018-09-27,1.32,3.83,29.7,21.88
2018-09-28,1.88,3.34,28.93,22.15
2018-09-29,9.38,3.33,28.15,21.23
2018-09-30,2.33,3.7,28.57,21.73
2018-10-01,10.82,3.38,27.98,20.65
2018-10-02,20.0,2.29,25.85,20.43
2018-10-03,18.2,2.29,25.5,20.45
2018-10-04,3.27,3.3,27.65,20.48
2018-10-05,1.23,3.64,27.65,19.2
2018-10-06,2.2,3.6,27.45,20.4
2018-10-07,1.93,3.7,27.77,20.6
2018-10-08,2.62,3.56,27.73,20.25
2018-10-09,1.05,3.33,27.57,20.8
2018-10-10,1.4,3.29,27.38,20.07
2018-10-11,4.83,2.79,26.27,20.1
2018-10-12,1.5,2.74,26.38,20.1
2018-10-13,0.35,3.59,28.35,20.38
2018-10-14,0.15,3.93,29.27,20.73
2018-10-15,0.62,3.92,29.48,21.0
2018-10-16,1.25,3.58,29.4,21.55
2018-10-17,1.2,3.71,29.45,20.73
2018-10-18,0.15,3.87,29.43,20.8
2018-10-19,0.82,3.47,29.18,20.98
2018-10-20,0.68,3.43,29.1,20.88
2018-10-21,7.95,2.52,27.5,20.8
2018-10-22,18.0,1.8,24.68,20.82
2018-10-23,15.8,1.95,24.8,19.65
2018-10-24,15.48,2.89,27.05,20.0
2018-10-25,3.88,2.75,27.1,19.95
2018-10-26,1.73,3.56,28.3,19.67
2018-10-27,1.95,3.27,28.07,19.52
2018-10-28,0.72,3.5,27.85,19.23
2018-10-29,0.78,3.38,27.48,19.25
2018-10-30,1.95,3.27,27.32,19.05
2018-10-31,3.05,2.92,26.3,18.57
2018-11-01,0.03,3.6,25.85,16.73
2018-11-02,0.0,3.74,26.27,14.88
2018-11-03,0.0,3.81,26.4,15.18
2018-11-04,0.0,3.85,27.4,16.23
2018-11-05,0.0,3.89,28.2,16.52
2018-11-06,0.0,3.98,28.68,16.25
2018-11-07,0.0,3.94,28.35,17.2
2018-11-08,0.05,3.72,28.18,16.2
2018-11-09,6.0,3.1,27.03,17.57
2018-11-10,9.55,2.04,25.48,19.0
2018-11-11,3.7,2.81,26.82,18.3
2018-11-12,7.42,1.47,24.25,19.3
2018-11-13,1.6,2.3,25.85,20.0
2018-11-14,0.1,2.41,27.2,19.7
2018-11-15,0.62,3.29,28.48,19.95
2018-11-16,2.15,3.38,28.75,20.1
2018-11-17,1.18,3.4,28.65,19.3
2018-11-18,0.53,3.4,28.73,19.73
2018-11-19,0.08,3.3,28.55,19.93
2018-11-20,0.12,3.47,28.55,19.18
2018-11-21,0.0,3.61,28.7,18.18
2018-11-22,0.0,3.41,28.35,17.52
2018-11-23,0.23,3.17,27.43,17.82
2018-11-24,0.75,2.67,26.2,18.23
2018-11-25,1.05,2.96,26.45,17.77
2018-11-26,0.18,3.17,26.65,16.18
2018-11-27,0.03,3.33,26.1,14.78
2018-11-28,0.0,3.66,26.07,12.82
2018-11-29,0.0,2.78,25.77,14.35
2018-11-30,0.03,3.05,27.02,16.43
2018-12-01,0.22,2.8,26.55,16.98
2018-12-02,0.17,3.14,27.93,17.68
2018-12-03,0.08,3.11,28.3,17.73
2018-12-04,0.05,3.13,28.72,18.52
2018-12-05,0.08,3.32,29.02,18.27
2018-12-06,0.0,3.56,29.43,17.6
2018-12-07,0.08,2.69,28.35,18.93
2018-12-08,6.72,1.43,24.82,19.1
2018-12-09,5.17,2.09,24.35,18.12
2018-12-10,3.15,2.48,25.52,17.55
2018-12-11,3.17,2.39,25.57,17.07
2018-12-12,36.45,0.85,21.5,18.62
2018-12-13,2.35,1.62,23.4,18.88
2018-12-14,0.95,2.06,24.05,17.6
2018-12-15,0.1,2.38,24.73,16.68
2018-12-16,0.0,3.12,26.27,14.8
2018-12-17,0.0,3.24,26.32,15.0
2018-12-18,0.0,3.0,25.5,15.25
2018-12-19,0.0,2.98,26.0,16.7
2018-12-20,1.62,2.59,26.35,17.98
2018-12-21,0.07,2.8,26.48,17.8
2018-12-22,0.0,3.21,26.82,15.68
2018-12-23,0.0,3.43,26.52,14.58
2018-12-24,0.0,3.32,25.65,12.85
2018-12-25,0.0,3.37,25.82,13.82
2018-12-26,0.0,3.39,25.75,12.68
2018-12-27,0.0,3.34,25.4,12.68
2018-12-28,0.0,3.29,26.05,13.45
2018-12-29,13.82,1.04,20.6,16.93
2018-12-30,3.5,1.58,21.7,17.73
2018-12-31,3.05,1.96,22.45,17.65
2019-01-01,1.5,2.42,22.65,16.07
2019-01-02,0.33,2.24,22.78,13.5
2019-01-03,0.0,2.88,23.27,12.7
2019-01-04,0.0,3.03,24.27,11.93
2019-01-05,0.07,2.95,25.93,15.28
2019-01-06,3.62,2.78,25.98,16.57
2019-01-07,6.83,2.01,23.8,17.85
2019-01-08,55.17,0.48,19.7,16.52
2019-01-09,7.35,2.21,24.05,15.95
2019-01-10,0.88,2.34,24.77,18.23
2019-01-11,0.03,2.98,25.77,16.3
2019-01-12,0.08,2.97,26.1,16.3
2019-01-13,0.08,3.12,26.5,16.35
2019-01-14,0.0,3.36,26.75,15.3
2019-01-15,0.0,3.24,26.27,15.35
2019-01-16,0.0,3.5,25.3,14.03
2019-01-17,0.72,2.35,23.95,14.15
2019-01-18,0.75,2.73,24.15,14.93
2019-01-19,0.28,3.05,25.1,15.57
2019-01-20,0.0,3.31,25.98,14.43
2019-01-21,0.0,3.75,26.57,14.43
2019-01-22,0.12,3.19,25.43,14.3
2019-01-23,0.55,2.91,25.35,15.22
2019-01-24,0.0,3.38,25.98,13.68
2019-01-25,0.0,3.61,26.82,14.28
2019-01-26,0.03,3.46,26.25,12.6
2019-01-27,0.03,3.21,25.15,13.62
2019-01-28,0.0,3.42,26.05,14.25
2019-01-29,0.0,3.46,26.02,14.2
2019-01-30,0.0,3.59,27.0,14.65
2019-01-31,0.0,3.81,27.75,14.68
2019-02-01,0.0,3.63,27.65,14.78
2019-02-02,0.0,3.87,28.48,15.7
2019-02-03,0.0,3.9,28.85,14.25
2019-02-04,0.0,4.05,29.32,14.62
2019-02-05,0.0,4.21,28.7,13.97
2019-02-06,0.0,4.22,29.1,12.95
2019-02-07,0.0,4.2,29.77,13.5
2019-02-08,0.0,4.21,29.82,14.03
2019-02-09,0.0,4.28,30.0,13.78
2019-02-10,0.0,4.33,30.62,14.5
2019-02-11,0.0,4.41,30.5,15.18
2019-02-12,0.05,3.83,28.6,16.95
2019-02-13,0.0,3.9,30.48,18.27
2019-02-14,0.0,4.42,31.02,16.2
2019-02-15,0.0,4.23,30.98,16.1
2019-02-16,0.08,4.08,30.43,17.25
2019-02-17,0.0,4.49,30.58,17.1
2019-02-18,0.0,4.39,29.1,16.02
2019-02-19,0.0,4.25,28.7,14.35
2019-02-20,0.0,4.36,29.68,14.62
2019-02-21,0.0,4.54,30.7,14.85
2019-02-22,0.0,4.56,30.95,14.93
2019-02-23,0.0,4.62,31.65,15.2
2019-02-24,0.0,4.61,31.75,15.35
2019-02-25,0.0,4.74,31.68,16.43
2019-02-26,0.0,4.5,31.35,16.1
2019-02-27,0.0,4.48,30.9,15.7
2019-02-28,0.0,4.3,31.1,15.53
2019-03-01,0.0,4.56,31.62,15.95
2019-03-02,0.0,4.63,31.83,16.02
2019-03-03,0.0,4.76,31.52,16.18
2019-03-04,0.0,4.5,30.65,17.03
2019-03-05,0.0,4.56,30.9,16.7
2019-03-06,0.0,4.35,30.7,17.35
2019-03-07,0.03,4.13,31.32,17.52
2019-03-08,0.08,4.46,32.5,18.57
2019-03-09,0.0,5.08,32.5,17.9
2019-03-10,0.0,4.63,30.55,15.68
2019-03-11,0.0,4.73,31.15,15.78
2019-03-12,0.0,4.76,32.12,15.85
2019-03-13,0.0,4.78,32.85,16.62
2019-03-14,0.0,4.91,32.92,16.92
2019-03-15,0.0,4.77,33.33,17.27
2019-03-16,0.0,4.43,32.8,18.6
2019-03-17,0.0,4.61,33.05,18.7
2019-03-18,0.0,4.69,33.23,18.4
2019-03-19,0.07,4.39,31.68,19.93
2019-03-20,0.0,4.83,33.9,18.75
2019-03-21,0.0,5.02,33.92,18.43
2019-03-22,0.0,4.95,33.28,17.68
2019-03-23,0.0,5.12,34.17,18.55
2019-03-24,0.0,5.0,34.02,18.38
2019-03-25,0.0,5.29,33.45,19.15
2019-03-26,0.0,4.63,32.95,20.85
2019-03-27,0.33,4.06,32.2,20.18
2019-03-28,0.0,5.22,34.58,19.68
2019-03-29,0.0,5.22,33.52,17.38
2019-03-30,0.0,5.17,34.38,18.77
2019-03-31,0.0,5.67,34.0,19.05
2019-04-01,0.0,5.62,33.75,17.27
2019-04-02,0.0,5.37,33.98,19.05
2019-04-03,0.0,4.81,33.0,20.43
2019-04-04,0.0,5.12,34.45,20.48
2019-04-05,0.0,4.98,34.15,19.6
2019-04-06,0.0,5.04,34.22,20.2
2019-04-07,0.0,5.2,34.35,20.9
2019-04-08,0.0,5.43,35.02,19.57
2019-04-09,0.0,5.03,34.92,20.6
2019-04-10,0.0,5.42,35.08,20.42
2019-04-11,0.0,5.19,35.1,19.62
2019-04-12,0.0,5.42,35.77,20.75
2019-04-13,0.0,5.53,35.75,21.23
2019-04-14,0.0,5.58,35.38,21.82
2019-04-15,0.0,5.72,35.83,22.05
2019-04-16,0.0,4.71,35.1,21.9
2019-04-17,0.0,5.13,36.15,22.95
2019-04-18,0.0,5.19,36.8,22.0
2019-04-19,0.0,5.35,36.8,23.38
2019-04-20,0.0,5.25,36.45,22.25
2019-04-21,0.05,4.97,35.7,23.05
2019-04-22,0.0,5.46,35.83,21.68
2019-04-23,0.0,5.52,35.75,22.82
2019-04-24,0.03,5.08,35.02,22.07
2019-04-25,0.05,5.06,35.48,22.7
2019-04-26,0.0,5.33,35.7,21.68
2019-04-27,0.0,5.81,35.45,22.4
2019-04-28,0.0,5.98,35.17,22.48
2019-04-29,0.0,5.56,34.88,21.85
2019-04-30,0.0,5.74,35.88,22.45
2019-05-01,0.0,5.81,35.88,22.4
2019-05-02,0.0,5.83,36.38,23.05
2019-05-03,0.28,5.3,35.95,24.12
2019-05-04,0.3,5.37,35.42,24.4
2019-05-05,0.05,6.17,37.7,23.98
2019-05-06,0.35,5.58,35.4,23.65
2019-05-07,0.15,5.19,35.12,23.73
2019-05-08,0.17,4.95,35.58,23.95
2019-05-09,0.15,5.87,36.85,23.62
2019-05-10,0.6,5.01,35.5,24.62
2019-05-11,0.2,5.16,35.92,24.73
2019-05-12,0.23,4.56,34.02,23.4
2019-05-13,4.12,3.29,31.23,22.88
2019-05-14,6.9,4.45,33.58,22.88
2019-05-15,2.52,3.64,31.55,22.93
2019-05-16,2.0,4.74,32.98,22.9
2019-05-17,0.17,5.47,34.55,22.77
2019-05-18,0.08,5.78,36.0,22.52
2019-05-19,0.0,5.66,36.88,23.18
2019-05-20,0.07,5.83,36.15,23.98
2019-05-21,12.28,4.65,34.73,22.65
2019-05-22,2.62,4.54,33.2,21.93
2019-05-23,1.47,3.87,30.65,22.4
2019-05-24,3.1,4.55,32.6,22.85
2019-05-25,0.62,5.11,33.02,22.5
2019-05-26,1.35,5.07,34.15,22.5
2019-05-27,0.03,5.45,34.95,23.2
2019-05-28,1.5,3.95,30.3,23.77
2019-05-29,21.3,3.81,30.75,22.32
2019-05-30,13.03,2.53,27.77,22.35
2019-05-31,27.32,2.48,27.5,21.85
2019-06-01,9.75,3.32,28.3,22.0
2019-06-02,12.15,4.09,30.05,21.77
2019-06-03,2.02,3.32,28.9,22.43
2019-06-04,1.28,4.8,30.85,21.9
2019-06-05,8.3,3.83,29.02,22.27
2019-06-06,0.7,4.6,30.85,21.9
2019-06-07,0.35,5.43,32.4,22.88
2019-06-08,0.48,4.62,31.4,23.6
2019-06-09,6.25,4.8,32.05,23.32
2019-06-10,1.4,5.31,31.97,23.23
2019-06-11,2.75,4.53,30.68,23.52
2019-06-12,13.4,3.34,29.43,23.3
2019-06-13,12.28,3.63,29.05,23.02
2019-06-14,12.78,3.92,30.35,22.27
2019-06-15,7.53,4.02,29.12,21.88
2019-06-16,12.45,3.91,29.65,22.32
2019-06-17,21.68,3.72,29.55,22.82
2019-06-18,21.73,2.07,27.25,22.38
2019-06-19,8.32,3.58,28.43,21.9
2019-06-20,2.25,4.73,30.4,22.27
2019-06-21,0.6,5.13,31.12,22.38
2019-06-22,0.12,5.44,33.15,22.38
2019-06-23,0.1,5.07,33.38,23.93
2019-06-24,7.28,3.59,30.4,24.45
2019-06-25,4.98,3.95,29.88,24.18
2019-06-26,2.95,4.39,31.27,23.15
2019-06-27,1.6,4.47,31.85,22.8
2019-06-28,3.7,4.96,31.4,22.3
2019-06-29,5.92,3.73,29.62,22.7
2019-06-30,5.8,2.84,28.2,22.1
2019-07-01,10.8,2.87,28.25,22.02
2019-07-02,19.25,1.18,24.15,22.05
2019-07-03,2.83,3.07,28.12,21.8
2019-07-04,2.75,2.42,27.4,22.23
2019-07-05,7.75,2.8,27.25,21.93
2019-07-06,1.45,3.04,27.85,21.9
2019-07-07,0.6,3.27,28.73,22.12
2019-07-08,9.1,3.31,28.12,21.3
2019-07-09,4.75,3.04,27.93,21.68
2019-07-10,2.73,2.88,27.2,21.98
2019-07-11,2.2,3.46,28.95,21.88
2019-07-12,0.23,3.5,29.12,21.88
2019-07-13,0.38,3.91,30.85,22.05
2019-07-14,0.72,4.07,30.05,23.15
2019-07-15,10.07,3.35,29.85,22.32
2019-07-16,0.42,4.76,30.82,22.0
2019-07-17,2.15,4.85,31.88,23.0
2019-07-18,0.2,5.25,32.77,22.9
2019-07-19,0.48,4.95,33.15,23.05
2019-07-20,3.08,4.61,31.9,24.07
2019-07-21,4.38,3.28,30.88,23.1
2019-07-22,1.95,3.75,29.25,22.7
2019-07-23,20.57,1.81,26.3,22.62
2019-07-24,20.05,1.09,23.75,21.85
2019-07-25,7.88,1.65,25.38,21.85
2019-07-26,22.5,1.23,23.82,21.52
2019-07-27,27.93,1.23,23.65,20.95
2019-07-28,3.27,3.7,28.32,20.75
2019-07-29,5.58,4.18,29.85,21.82
2019-07-30,7.72,3.68,29.7,22.3
2019-07-31,11.32,2.4,25.95,22.15
2019-08-01,25.98,3.4,28.23,21.77
2019-08-02,8.72,2.61,26.65,21.8
2019-08-03,1.78,3.72,29.62,21.32
2019-08-04,27.88,0.97,23.6,21.8
2019-08-05,21.35,1.91,25.95,21.6
2019-08-06,5.92,3.59,28.25,21.52
2019-08-07,8.62,2.17,26.62,21.55
2019-08-08,3.12,4.12,31.02,21.45
2019-08-09,7.15,2.67,28.12,22.52
2019-08-10,31.95,3.08,28.62,22.45
2019-08-11,19.27,2.81,27.8,22.05
2019-08-12,17.98,3.42,28.38,22.18
2019-08-13,4.8,2.6,28.23,22.2
2019-08-14,5.6,2.13,26.82,22.48
2019-08-15,8.43,3.04,27.27,22.48
2019-08-16,13.0,1.81,26.2,22.57
2019-08-17,16.18,2.69,26.45,22.07
2019-08-18,1.43,3.61,28.82,21.7
2019-08-19,3.88,4.12,30.18,21.47
2019-08-20,15.05,3.53,29.95,22.35
2019-08-21,21.27,2.21,26.2,21.68
2019-08-22,27.4,2.15,26.7,21.9
2019-08-23,36.35,2.35,26.95,21.55
2019-08-24,25.48,2.0,26.18,21.62
2019-08-25,4.92,3.76,28.27,21.32
2019-08-26,7.02,3.75,29.12,21.95
2019-08-27,3.55,3.77,29.07,22.4
2019-08-28,15.2,3.19,27.57,21.88
2019-08-29,1.23,4.16,29.52,21.62
2019-08-30,12.12,1.85,26.68,22.43
2019-08-31,42.92,2.29,26.8,22.23
2019-09-01,27.27,2.21,26.92,21.6
2019-09-02,9.05,2.99,26.35,21.93
2019-09-03,9.38,3.53,28.7,21.32
2019-09-04,8.62,4.04,29.73,21.38
2019-09-05,3.0,3.67,28.4,22.08
2019-09-06,3.33,3.65,29.23,21.82
2019-09-07,1.82,3.98,28.65,21.55
2019-09-08,3.75,3.79,28.65,22.25
2019-09-09,3.1,3.87,29.35,22.12
2019-09-10,17.15,3.19,27.8,22.05
2019-09-11,19.27,1.57,24.45,21.3
2019-09-12,1.9,2.04,25.98,21.15
2019-09-13,5.85,3.68,28.88,20.85
2019-09-14,10.18,3.68,28.73,21.67
2019-09-15,0.75,4.45,29.57,21.62
2019-09-16,0.03,4.87,30.32,21.15
2019-09-17,0.12,4.75,30.68,21.57
2019-09-18,6.65,4.09,29.23,22.1
2019-09-19,12.05,3.0,27.48,21.77
2019-09-20,12.55,3.32,28.07,21.5
2019-09-21,8.43,3.63,28.27,21.38
2019-09-22,5.47,3.54,28.4,20.65
2019-09-23,3.23,3.24,27.17,19.8
2019-09-24,1.43,3.79,27.35,19.15
2019-09-25,0.78,3.59,28.07,21.23
2019-09-26,1.25,3.58,28.15,20.15
2019-09-27,4.47,2.52,25.93,20.4
2019-09-28,4.65,3.66,28.07,19.45
2019-09-29,1.15,3.98,28.85,20.62
2019-09-30,0.88,4.26,29.88,20.75
2019-10-01,0.5,3.96,29.55,20.73
2019-10-02,0.47,4.03,29.95,20.8
2019-10-03,2.23,3.97,29.8,21.35
2019-10-04,8.1,3.61,28.6,21.23
2019-10-05,3.73,3.09,27.23,20.8
2019-10-06,13.3,3.49,27.6,20.6
2019-10-07,0.55,3.8,28.0,18.7
2019-10-08,1.7,4.03,28.82,19.75
2019-10-09,1.68,4.08,29.23,20.35
2019-10-10,3.7,3.49,28.2,21.27
2019-10-11,1.45,3.65,28.77,21.2
2019-10-12,1.15,3.57,29.12,21.38
2019-10-13,6.38,3.19,27.95,21.23
2019-10-14,19.98,1.96,25.73,20.5
2019-10-15,5.85,3.46,27.83,19.02
2019-10-16,4.12,3.49,27.88,19.93
2019-10-17,9.47,3.33,27.12,20.27
2019-10-18,5.0,3.22,27.03,20.07
2019-10-19,2.17,3.16,27.4,20.45
2019-10-20,0.42,3.8,28.57,20.23
2019-10-21,0.45,3.76,28.55,20.8
2019-10-22,0.45,3.87,29.6,20.73
2019-10-23,0.53,3.65,29.57,21.57
2019-10-24,0.53,3.67,29.93,22.0
2019-10-25,3.35,2.69,26.98,21.48
2019-10-26,1.12,3.42,28.57,21.18
2019-10-27,2.0,3.37,29.25,20.8
2019-10-28,0.4,3.42,29.25,21.82
2019-10-29,3.57,3.15,28.05,21.05
2019-10-30,0.48,3.59,29.02,20.15
2019-10-31,0.0,4.3,29.82,17.68
2019-11-01,0.0,4.21,29.1,16.17
2019-11-02,0.42,3.61,29.05,19.5
2019-11-03,1.6,3.41,29.1,19.67
2019-11-04,5.62,2.83,26.62,20.0
2019-11-05,1.38,3.06,27.2,19.85
2019-11-06,10.12,2.81,26.88,19.88
2019-11-07,5.3,2.82,26.88,20.3
2019-11-08,9.45,1.86,23.75,19.88
2019-11-09,3.7,1.49,23.7,20.2
2019-11-10,1.35,2.98,26.85,19.68
2019-11-11,0.68,3.17,27.4,19.02
2019-11-12,0.5,3.25,27.88,19.48
2019-11-13,0.92,3.35,28.35,20.1
2019-11-14,2.98,2.51,26.07,20.27
2019-11-15,0.4,3.15,26.93,19.35
2019-11-16,0.1,3.26,28.15,18.48
2019-11-17,0.0,3.6,29.15,18.82
2019-11-18,0.0,3.58,28.55,17.9
2019-11-19,0.17,3.08,27.05,17.12
2019-11-20,1.0,2.94,25.8,17.52
2019-11-21,0.25,3.15,26.35,17.02
2019-11-22,0.08,3.21,26.95,17.15
2019-11-23,0.08,3.1,26.85,18.1
2019-11-24,0.0,3.36,27.43,17.82
2019-11-25,0.0,3.12,27.43,16.6
2019-11-26,0.0,3.52,27.1,15.68
2019-11-27,0.0,3.55,27.85,15.35
2019-11-28,0.0,3.31,27.52,16.57
2019-11-29,0.07,3.25,27.25,17.05
2019-11-30,0.0,3.31,27.38,16.35
2019-12-01,0.0,3.4,27.7,16.55
2019-12-02,0.08,3.13,26.48,15.65
2019-12-03,1.2,2.23,23.62,16.3
2019-12-04,0.0,2.63,24.32,15.6
2019-12-05,0.0,3.28,23.85,13.53
2019-12-06,0.0,3.42,21.62,11.93
2019-12-07,0.0,3.41,20.55,9.6
2019-12-08,0.0,3.23,20.73,7.85
2019-12-09,0.0,3.2,21.15,7.62
2019-12-10,0.0,3.14,21.95,7.78
2019-12-11,0.0,3.17,22.93,9.28
2019-12-12,0.0,3.25,23.9,9.7
2019-12-13,0.0,3.3,25.12,11.57
2019-12-14,0.0,3.3,25.3,11.9
2019-12-15,0.0,3.33,26.18,12.85
2019-12-16,0.0,3.4,27.0,13.15
2019-12-17,0.0,3.4,28.02,14.38
2019-12-18,0.0,3.4,28.1,15.03
2019-12-19,0.0,3.45,28.12,15.45
2019-12-20,0.3,3.02,26.52,17.15
2019-12-21,0.0,3.42,27.62,15.72
2019-12-22,0.0,3.54,27.82,15.17
2019-12-23,0.0,3.46,27.3,13.32
2019-12-24,0.0,3.5,27.5,13.93
2019-12-25,0.0,3.47,27.62,14.07
2019-12-26,0.0,3.4,27.38,14.35
2019-12-27,0.12,2.99,26.0,15.38
2019-12-28,3.17,2.5,24.6,17.27
2019-12-29,6.3,2.16,22.35,15.68
2019-12-30,0.08,2.37,23.95,15.28
2019-12-31,0.6,2.68,25.05,15.2
2020-01-01,0.1,2.84,25.93,15.65
2020-01-02,0.15,2.87,26.12,15.98
2020-01-03,0.05,3.05,26.7,16.1
2020-01-04,0.05,3.04,26.9,16.7
2020-01-05,0.6,3.04,26.3,17.0
2020-01-06,0.03,3.41,28.07,16.3
2020-01-07,0.05,3.31,27.57,16.05
2020-01-08,0.0,3.44,27.93,16.52
2020-01-09,0.0,3.5,28.3,15.8
2020-01-10,0.0,3.74,28.5,15.55
2020-01-11,0.0,3.65,27.95,13.93
2020-01-12,0.0,3.79,27.85,14.1
2020-01-13,0.0,3.46,27.0,14.25
2020-01-14,0.0,3.62,27.68,15.28
2020-01-15,0.0,3.65,27.57,14.18
2020-01-16,0.0,3.75,28.05,13.65
2020-01-17,0.0,3.85,28.32,14.5
2020-01-18,0.0,3.74,28.15,15.0
2020-01-19,0.0,3.73,27.88,15.07
2020-01-20,0.0,3.65,27.85,14.85
2020-01-21,0.0,3.6,28.05,15.57
2020-01-22,0.0,3.78,29.27,15.5
2020-01-23,0.0,3.85,29.02,13.8
2020-01-24,0.0,3.73,28.07,12.95
2020-01-25,0.0,3.83,27.05,12.57
2020-01-26,0.0,3.92,25.62,11.43
2020-01-27,0.0,3.79,24.85,9.6
2020-01-28,0.0,3.78,25.07,10.68
2020-01-29,0.0,3.78,25.93,11.1
2020-01-30,0.0,3.79,26.48,13.43
2020-01-31,0.2,3.25,25.32,14.68
2020-02-01,0.08,3.54,26.25,15.55
2020-02-02,0.0,3.9,27.82,15.0
2020-02-03,0.0,4.0,28.8,14.57
2020-02-04,0.0,4.06,28.1,13.35
2020-02-05,0.0,4.26,28.68,14.15
2020-02-06,0.0,4.14,29.2,13.8
2020-02-07,0.0,4.3,29.65,15.05
2020-02-08,0.0,4.09,29.55,16.38
2020-02-09,0.55,3.37,27.6,17.43
2020-02-10,0.57,3.73,27.65,17.77
2020-02-11,0.0,4.12,29.55,16.25
2020-02-12,0.0,4.52,30.15,14.65
2020-02-13,0.0,4.6,29.12,14.47
2020-02-14,0.0,4.64,28.52,14.45
2020-02-15,0.0,4.36,29.0,12.62
2020-02-16,0.0,4.52,29.95,14.05
2020-02-17,0.0,4.68,30.23,14.78
2020-02-18,0.23,3.54,27.38,16.93
2020-02-19,0.25,3.7,27.62,17.68
2020-02-20,0.0,3.8,28.48,17.0
2020-02-21,0.0,3.65,28.27,16.23
2020-02-22,0.03,3.52,28.55,16.43
2020-02-23,0.0,4.07,28.43,15.55
2020-02-24,0.0,3.82,28.77,16.38
2020-02-25,0.0,4.17,30.2,16.93
2020-02-26,0.0,4.03,30.9,18.35
2020-02-27,0.0,3.79,30.3,18.5
2020-02-28,0.07,4.0,30.45,18.75
2020-02-29,0.0,4.59,31.75,17.25
2020-03-01,0.0,4.62,32.2,16.52
2020-03-02,0.0,4.6,32.48,17.2
2020-03-03,0.03,4.15,30.6,16.95
2020-03-04,0.1,4.05,30.55,17.3
2020-03-05,0.0,4.38,30.52,17.3
2020-03-06,0.0,4.58,32.45,17.43
2020-03-07,0.0,4.9,33.48,17.5
2020-03-08,0.0,5.07,33.38,17.2
2020-03-09,0.0,4.99,33.88,18.23
2020-03-10,0.0,5.08,33.75,17.27
2020-03-11,0.0,5.29,34.62,18.65
2020-03-12,0.0,5.23,35.4,17.7
2020-03-13,0.0,5.08,35.92,18.9
2020-03-14,0.0,5.0,36.08,19.3
2020-03-15,0.0,4.9,34.42,20.5
2020-03-16,0.0,4.61,33.48,21.68
2020-03-17,0.0,4.97,34.67,20.5
2020-03-18,0.0,5.15,35.12,20.25
2020-03-19,0.0,5.09,35.15,19.15
2020-03-20,0.0,5.01,33.92,20.57
2020-03-21,0.0,5.06,33.33,19.2
2020-03-22,0.03,4.74,33.27,18.95
2020-03-23,0.0,4.87,33.27,18.38
2020-03-24,0.0,5.09,33.45,18.55
2020-03-25,0.0,5.41,33.9,18.15
2020-03-26,0.0,5.5,34.48,18.57
2020-03-27,0.0,5.44,34.92,19.25
2020-03-28,0.0,5.65,35.85,19.6
2020-03-29,0.0,5.85,36.67,19.62
2020-03-30,0.0,5.54,36.38,20.85
2020-03-31,0.0,5.6,37.08,21.4
2020-04-01,0.0,5.92,37.08,21.27
2020-04-02,0.0,5.76,36.42,20.07
2020-04-03,0.0,5.89,36.45,19.73
2020-04-04,0.0,5.71,36.27,20.0
2020-04-05,0.0,5.25,35.17,21.32
2020-04-06,0.0,5.46,35.6,22.12
2020-04-07,0.0,5.43,36.65,21.5
2020-04-08,0.0,5.25,34.95,20.9
2020-04-09,0.0,5.18,34.8,22.73
2020-04-10,0.0,5.89,35.25,22.02
2020-04-11,0.0,4.85,35.08,21.48
2020-04-12,0.0,4.8,34.6,23.3
2020-04-13,3.1,5.14,32.95,20.88
2020-04-14,15.6,3.36,29.12,19.75
2020-04-15,0.07,4.67,32.1,20.57
2020-04-16,0.0,5.19,33.65,20.95
2020-04-17,0.0,5.31,34.33,21.15
2020-04-18,0.0,5.09,33.4,21.73
2020-04-19,0.0,5.16,34.73,22.75
2020-04-20,0.0,5.2,35.02,22.98
2020-04-21,0.0,5.69,36.65,22.65
2020-04-22,0.03,5.48,36.58,23.68
2020-04-23,0.08,5.52,34.83,22.55
2020-04-24,0.42,5.62,33.48,23.6
2020-04-25,17.2,3.41,29.15,20.52
2020-04-26,30.62,2.76,26.65,20.15
2020-04-27,44.33,2.79,24.88,19.02
2020-04-28,2.1,3.88,28.18,19.27
2020-04-29,14.3,3.91,28.43,20.0
2020-04-30,4.2,3.51,27.95,20.83
2020-05-01,6.9,3.88,28.52,21.02
2020-05-02,3.05,4.08,29.7,20.88
2020-05-03,3.62,3.39,29.1,22.05
2020-05-04,0.55,4.67,31.62,21.82
2020-05-05,0.0,5.29,33.83,22.35
2020-05-06,0.2,5.5,35.1,23.98
2020-05-07,0.23,5.33,35.0,23.82
2020-05-08,12.9,4.94,34.38,23.77
2020-05-09,0.6,5.0,34.38,23.68
2020-05-10,1.48,4.46,33.25,23.18
2020-05-11,3.88,5.25,34.75,22.88
2020-05-12,1.0,5.49,35.45,22.55
2020-05-13,6.22,5.22,34.23,23.23
2020-05-14,1.57,4.62,31.88,21.93
2020-05-15,0.93,5.15,34.38,23.23
2020-05-16,0.0,5.44,34.6,23.48
2020-05-17,0.15,5.68,35.67,23.98
2020-05-18,0.08,5.41,35.12,23.57
2020-05-19,4.12,3.33,30.98,24.43
2020-05-20,3.08,5.11,32.6,23.02
2020-05-21,4.7,4.63,31.58,23.02
2020-05-22,0.4,5.21,33.92,22.68
2020-05-23,0.03,5.81,35.92,23.0
2020-05-24,0.0,5.67,34.23,22.9
2020-05-25,0.12,5.84,35.23,23.48
2020-05-26,0.0,6.13,36.0,23.65
2020-05-27,0.03,6.13,36.35,23.18
2020-05-28,4.33,3.73,29.9,23.5
2020-05-29,3.12,4.79,32.8,22.73
2020-05-30,4.2,3.93,30.9,22.95
2020-05-31,4.95,4.09,30.77,23.2
2020-06-01,5.78,4.27,31.1,22.55
2020-06-02,2.38,5.1,33.52,22.73
2020-06-03,3.05,4.64,33.55,22.62
2020-06-04,8.78,4.45,33.15,22.65
2020-06-05,5.05,3.39,30.05,22.93
2020-06-06,5.42,4.13,31.75,23.02
2020-06-07,5.8,3.88,30.5,22.88
2020-06-08,8.32,3.58,29.45,22.45
2020-06-09,2.15,4.67,31.9,22.62
2020-06-10,3.2,4.46,31.5,22.75
2020-06-11,4.88,4.87,31.85,22.23
2020-06-12,0.25,4.97,34.08,22.57
2020-06-13,1.48,4.03,33.55,23.3
2020-06-14,11.07,3.04,29.8,23.88
2020-06-15,16.0,2.6,27.3,23.1
2020-06-16,13.07,1.94,25.82,22.35
2020-06-17,20.1,2.37,27.62,22.52
2020-06-18,14.32,2.53,27.35,21.95
2020-06-19,15.8,2.64,27.07,21.93
2020-06-20,2.02,4.1,29.8,21.85
2020-06-21,0.58,4.54,30.82,22.53
2020-06-22,2.2,4.22,30.43,22.98
2020-06-23,4.75,3.87,31.0,23.23
2020-06-24,3.1,2.6,29.1,23.6
2020-06-25,8.25,3.37,30.43,23.1
2020-06-26,8.6,2.06,26.55,23.15
2020-06-27,5.2,2.52,27.1,22.98
2020-06-28,4.58,4.67,30.68,22.48
2020-06-29,0.82,5.29,32.3,22.7
2020-06-30,5.0,4.45,31.12,23.23
2020-07-01,9.18,2.93,28.05,22.93
2020-07-02,14.07,2.84,27.98,22.6
2020-07-03,18.03,2.77,27.38,22.62
2020-07-04,11.9,3.04,28.5,22.5
2020-07-05,48.05,3.11,28.45,22.2
2020-07-06,4.55,4.48,30.38,22.18
2020-07-07,7.23,3.54,29.7,23.1
2020-07-08,8.18,3.87,29.5,22.75
2020-07-09,4.7,3.99,29.82,22.3
2020-07-10,3.3,3.0,28.57,22.62
2020-07-11,3.02,2.58,27.75,22.62
2020-07-12,17.05,3.2,28.82,22.3
2020-07-13,24.95,2.13,26.68,22.35
2020-07-14,14.7,3.89,28.52,21.43
2020-07-15,2.45,4.92,30.38,21.62
2020-07-16,4.58,4.7,30.62,22.23
2020-07-17,8.95,4.29,30.25,22.45
2020-07-18,13.5,3.74,29.2,22.12
2020-07-19,0.5,2.75,28.18,22.75
2020-07-20,0.08,2.79,28.45,22.65
2020-07-21,9.28,2.88,27.68,22.88
2020-07-22,5.78,3.7,29.02,22.05
2020-07-23,3.25,4.17,29.32,21.8
2020-07-24,3.2,4.57,30.75,22.52
2020-07-25,4.42,4.92,31.6,22.65
2020-07-26,2.25,4.54,31.25,22.85
2020-07-27,5.4,3.98,30.77,23.58
2020-07-28,12.68,2.21,27.1,22.38
2020-07-29,8.88,3.2,27.88,21.98
2020-07-30,11.65,3.68,28.98,22.57
2020-07-31,4.3,3.98,30.23,22.8
2020-08-01,19.7,3.44,29.15,23.15
2020-08-02,22.43,2.05,27.1,23.2
2020-08-03,36.98,1.2,24.65,22.85
2020-08-04,40.35,1.15,24.4,22.32
2020-08-05,15.42,2.68,26.62,22.38
2020-08-06,11.5,2.39,27.23,22.4
2020-08-07,19.15,2.67,28.07,22.25
2020-08-08,20.45,3.61,28.35,22.07
2020-08-09,5.7,4.25,30.25,21.88
2020-08-10,1.55,2.87,28.15,22.5
2020-08-11,15.57,2.53,27.73,22.38
2020-08-12,14.4,2.48,27.73,21.7
2020-08-13,19.82,3.11,27.73,22.05
2020-08-14,35.42,1.58,24.82,22.02
2020-08-15,19.93,2.16,25.98,21.57
2020-08-16,6.42,1.5,24.4,21.4
2020-08-17,13.18,2.04,26.23,21.25
2020-08-18,19.1,1.25,23.9,21.65
2020-08-19,12.25,2.07,25.82,21.2
2020-08-20,12.75,2.34,25.77,21.5
2020-08-21,18.45,1.92,25.38,21.48
2020-08-22,49.88,1.61,25.23,21.8
2020-08-23,22.6,2.42,26.43,22.12
2020-08-24,9.93,2.32,25.73,21.15
2020-08-25,1.25,3.81,28.88,21.43
2020-08-26,3.9,2.99,27.98,22.35
2020-08-27,2.62,4.1,31.25,22.2
2020-08-28,4.08,4.61,30.7,21.15
2020-08-29,9.28,3.75,29.8,22.15
2020-08-30,3.08,3.83,29.7,22.68
2020-08-31,3.8,2.92,27.65,22.18
2020-09-01,3.5,2.37,26.82,21.32
2020-09-02,0.12,4.64,30.82,21.43
2020-09-03,1.3,4.51,31.2,22.5
2020-09-04,7.53,3.3,28.65,22.75
2020-09-05,3.15,4.33,30.8,22.38
2020-09-06,7.3,3.81,30.12,22.45
2020-09-07,5.58,2.78,28.27,22.52
2020-09-08,25.75,1.89,26.07,22.38
2020-09-09,11.62,2.99,28.25,21.62
2020-09-10,2.45,3.97,28.98,22.12
2020-09-11,6.72,3.61,29.4,22.07
2020-09-12,8.8,3.21,28.65,22.43
2020-09-13,5.12,3.72,29.08,21.95
2020-09-14,7.75,3.52,28.48,21.82
2020-09-15,7.4,3.29,28.15,22.0
2020-09-16,5.85,3.84,29.52,22.15
2020-09-17,2.77,3.76,29.65,22.12
2020-09-18,5.7,3.81,30.62,22.65
2020-09-19,23.4,2.61,28.45,22.62
2020-09-20,80.2,1.84,26.38,22.35
2020-09-21,5.17,1.48,25.6,21.85
2020-09-22,4.0,2.84,28.27,21.45
2020-09-23,9.47,2.8,28.05,21.9
2020-09-24,23.12,2.12,26.95,22.35
2020-09-25,9.55,2.56,27.5,22.08
2020-09-26,4.25,3.42,27.92,21.7
2020-09-27,3.67,3.34,29.05,21.73
2020-09-28,7.0,3.69,29.27,21.78
2020-09-29,17.12,3.49,28.4,21.62
2020-09-30,8.45,3.03,27.48,21.9
2020-10-01,6.92,3.24,28.25,21.75
2020-10-02,22.02,3.1,28.07,21.6
2020-10-03,12.95,3.21,27.73,21.68
2020-10-04,12.68,3.02,27.6,21.6
2020-10-05,12.5,3.24,27.57,21.43
2020-10-06,19.98,3.06,27.0,21.43
2020-10-07,3.8,3.83,29.3,20.48
2020-10-08,0.0,4.07,29.25,20.73
2020-10-09,0.38,2.83,26.88,20.75
2020-10-10,0.15,2.84,26.62,18.95
2020-10-11,0.05,4.38,29.8,19.27
2020-10-12,0.0,4.63,29.88,18.48
2020-10-13,0.0,3.97,28.25,20.05
2020-10-14,0.18,4.27,30.32,19.75
2020-10-15,6.47,1.99,26.05,21.8
2020-10-16,9.55,2.98,28.07,21.2
2020-10-17,5.25,1.55,24.25,20.25
2020-10-18,0.35,3.06,27.6,19.1
2020-10-19,11.88,1.12,22.45,19.62
2020-10-20,8.7,1.28,22.35,18.8
2020-10-21,1.22,1.7,23.75,19.07
2020-10-22,0.5,2.82,26.68,20.02
2020-10-23,0.3,3.04,27.18,19.12
2020-10-24,0.12,3.44,27.85,19.15
2020-10-25,0.0,4.02,28.93,18.62
2020-10-26,0.0,4.16,30.23,19.05
2020-10-27,11.45,2.14,25.48,20.57
2020-10-28,0.72,3.35,28.5,19.93
2020-10-29,5.7,1.98,27.1,20.12
2020-10-30,18.68,1.1,22.4,19.9
2020-10-31,7.72,3.05,27.4,19.35
2020-11-01,1.4,3.31,27.88,19.9
2020-11-02,2.05,3.24,28.23,20.6
2020-11-03,4.53,2.37,26.43,21.23
2020-11-04,19.45,2.4,26.38,20.4
2020-11-05,3.45,2.96,27.2,20.45
2020-11-06,3.02,3.02,27.43,20.32
2020-11-07,1.4,2.98,27.55,19.9
2020-11-08,0.0,3.51,28.1,18.77
2020-11-09,0.0,4.01,27.55,18.27
2020-11-10,0.0,4.1,27.25,16.43
2020-11-11,0.0,3.99,27.1,15.1
2020-11-12,0.0,3.75,27.75,15.62
2020-11-13,0.0,3.59,28.4,18.4
2020-11-14,0.0,3.96,28.35,17.32
2020-11-15,0.0,3.99,27.8,14.55
2020-11-16,0.23,3.14,27.85,17.62
2020-11-17,0.35,3.06,27.55,18.62
2020-11-18,0.28,3.33,28.57,18.98
2020-11-19,0.0,3.82,29.7,18.07
2020-11-20,0.0,3.91,29.8,17.52
2020-11-21,0.0,3.83,29.7,16.95
2020-11-22,0.0,3.81,29.75,16.57
2020-11-23,0.12,3.44,28.68,18.38
2020-11-24,1.62,2.92,27.52,18.82
2020-11-25,0.55,3.04,27.43,18.43
2020-11-26,0.28,3.07,27.6,17.7
2020-11-27,0.23,2.9,27.8,17.8
2020-11-28,0.28,2.84,26.85,17.73
2020-11-29,0.0,3.27,27.07,16.85
2020-11-30,0.0,3.67,26.27,15.25
2020-12-01,0.0,3.51,26.52,13.78
2020-12-02,0.0,3.43,26.88,14.15
2020-12-03,1.35,2.55,25.38,16.48
2020-12-04,8.3,2.13,23.38,17.12
2020-12-05,0.28,2.55,24.3,16.2
2020-12-06,0.0,2.81,24.85,14.35
2020-12-07,0.0,3.31,26.2,14.22
2020-12-08,0.0,3.33,26.25,14.72
2020-12-09,0.0,3.39,25.65,13.93
2020-12-10,0.0,3.42,25.98,13.7
2020-12-11,0.0,3.41,26.65,13.43
2020-12-12,0.0,3.48,26.93,13.1
2020-12-13,0.0,3.43,27.02,13.35
2020-12-14,0.0,3.48,27.62,14.53
2020-12-15,0.0,3.45,27.62,15.03
2020-12-16,0.0,3.19,27.8,16.62
2020-12-17,0.17,2.95,27.3,18.25
2020-12-18,0.07,3.12,27.0,18.25
2020-12-19,0.03,2.75,25.88,17.45
2020-12-20,0.03,2.52,24.82,15.65
2020-12-21,0.0,3.23,22.52,11.75
2020-12-22,0.0,3.14,22.83,9.53
2020-12-23,0.0,3.26,24.35,9.65
2020-12-24,0.0,3.35,25.57,11.22
2020-12-25,0.0,3.39,26.02,11.32
2020-12-26,0.0,3.23,27.25,14.7
2020-12-27,0.0,3.35,28.23,16.4
2020-12-28,0.0,3.54,28.32,15.72
2020-12-29,0.0,3.58,27.9,13.15
2020-12-30,0.0,3.51,27.6,12.7
2020-12-31,0.8,1.98,23.7,16.93
2021-01-01,0.0,2.68,23.35,13.72
2021-01-02,0.0,3.05,23.9,11.62
2021-01-03,0.0,3.3,25.82,12.3
2021-01-04,0.0,3.36,26.12,12.55
2021-01-05,0.0,3.47,27.57,14.1
2021-01-06,0.0,3.58,27.88,14.8
2021-01-07,0.0,3.48,28.3,16.15
2021-01-08,0.2,2.68,27.05,18.65
2021-01-09,0.08,2.16,24.88,17.75
2021-01-10,0.0,2.92,25.48,17.25
2021-01-11,0.38,2.73,24.98,17.38
2021-01-12,0.82,1.61,16.9,11.05
2021-01-13,0.0,2.52,20.95,8.8
2021-01-14,0.0,3.21,24.5,10.0
2021-01-15,0.0,3.27,24.77,13.0
2021-01-16,0.0,3.69,25.8,13.27
2021-01-17,0.47,3.17,24.58,13.28
2021-01-18,0.03,2.34,23.27,14.92
2021-01-19,0.0,3.12,23.77,11.35
2021-01-20,0.0,3.43,25.05,14.3
2021-01-21,0.0,3.7,26.52,15.0
2021-01-22,0.0,3.42,26.73,14.22
2021-01-23,0.0,3.66,26.65,16.27
2021-01-24,0.0,3.96,27.38,13.3
2021-01-25,0.0,3.94,28.2,13.65
2021-01-26,0.0,3.96,28.62,14.55
2021-01-27,0.0,3.99,28.6,15.8
2021-01-28,0.0,3.94,29.32,15.8
2021-01-29,1.07,3.15,26.68,17.38
2021-01-30,4.75,2.59,24.7,17.6
2021-01-31,3.0,2.76,25.32,16.73
2021-02-01,0.05,3.76,28.4,15.65
2021-02-02,0.0,4.17,28.55,14.43
2021-02-03,0.0,4.3,28.82,14.45
2021-02-04,0.0,3.95,28.55,15.4
2021-02-05,0.0,3.73,28.73,15.68
2021-02-06,0.0,3.9,28.68,16.45
2021-02-07,9.43,3.33,27.85,18.38
2021-02-08,21.02,1.97,21.75,15.43
2021-02-09,0.17,3.15,21.6,11.97
2021-02-10,0.0,3.84,24.27,10.57
2021-02-11,0.0,3.98,26.05,11.2
2021-02-12,0.0,4.08,27.82,13.88
2021-02-13,0.0,4.18,28.38,15.03
2021-02-14,0.0,4.38,28.3,14.55
2021-02-15,0.0,4.38,28.52,14.62
2021-02-16,0.0,4.34,29.23,14.53
2021-02-17,0.5,3.54,27.88,15.43
2021-02-18,3.4,2.91,26.0,17.32
2021-02-19,0.6,3.45,26.25,16.75
2021-02-20,0.17,3.54,27.43,16.15
2021-02-21,0.5,3.64,28.07,16.65
2021-02-22,0.42,3.8,29.35,17.98
2021-02-23,0.03,3.96,30.48,18.3
2021-02-24,0.03,4.34,31.55,18.57
2021-02-25,0.0,4.83,33.0,16.93
2021-02-26,0.0,5.01,33.03,15.82
2021-02-27,0.0,4.39,31.27,15.2
2021-02-28,0.0,4.67,31.77,16.38
2021-03-01,0.0,4.73,31.65,15.92
2021-03-02,0.0,4.92,31.9,15.15
2021-03-03,0.0,3.99,30.77,17.0
2021-03-04,0.0,4.17,29.7,19.35
2021-03-05,0.0,5.0,32.67,17.62
2021-03-06,0.0,5.05,32.42,14.93
2021-03-07,0.0,5.05,32.3,15.25
2021-03-08,0.0,5.06,31.93,14.65
2021-03-09,0.0,4.69,31.75,15.55
2021-03-10,0.0,4.38,30.98,16.75
2021-03-11,0.0,4.21,31.05,16.95
2021-03-12,0.0,3.97,31.3,18.43
2021-03-13,0.0,4.75,32.98,18.25
2021-03-14,0.0,4.17,31.57,19.45
2021-03-15,0.08,4.4,32.55,19.52
2021-03-16,0.0,4.94,33.8,18.0
2021-03-17,0.0,4.72,33.85,18.9
2021-03-18,0.0,4.6,33.83,19.9
2021-03-19,0.0,4.81,35.08,20.4
2021-03-20,0.03,4.84,34.67,20.9
2021-03-21,0.0,5.14,35.62,21.2
2021-03-22,11.88,3.8,30.77,21.77
2021-03-23,2.42,3.48,29.05,20.1
2021-03-24,0.15,4.08,30.9,20.0
2021-03-25,0.0,4.3,32.55,20.95
2021-03-26,0.0,4.58,33.07,22.05
2021-03-27,0.0,4.55,33.5,21.35
2021-03-28,0.0,4.69,34.03,21.27
2021-03-29,0.0,4.67,33.7,20.9
2021-03-30,0.0,4.25,32.52,21.65
2021-03-31,0.0,4.94,35.52,20.0
2021-04-01,0.0,5.01,34.5,20.57
2021-04-02,0.0,5.02,34.3,20.45
2021-04-03,0.12,3.94,33.25,21.38
2021-04-04,6.75,2.29,26.93,20.18
2021-04-05,18.93,2.16,24.55,18.48
2021-04-06,16.88,2.46,23.77,16.9
2021-04-07,0.38,4.13,27.75,15.18
2021-04-08,0.72,4.19,29.73,19.35
2021-04-09,0.1,4.14,30.93,20.6
2021-04-10,4.4,4.24,30.6,20.93
2021-04-11,0.38,4.12,30.98,21.15
2021-04-12,0.68,3.96,31.25,21.5
2021-04-13,1.43,3.8,31.93,21.4
2021-04-14,1.82,3.89,32.33,21.65
2021-04-15,1.05,4.34,33.17,20.98
2021-04-16,15.72,3.8,33.25,21.32
2021-04-17,7.47,2.21,25.77,20.5
2021-04-18,2.2,3.39,28.07,19.43
2021-04-19,0.25,4.46,31.1,20.35
2021-04-20,0.4,4.53,31.93,20.9
2021-04-21,0.62,4.69,32.8,21.65
2021-04-22,0.1,5.1,33.98,21.9
2021-04-23,0.15,4.87,34.1,22.02
2021-04-24,1.67,4.68,34.2,23.1
2021-04-25,11.05,3.56,30.2,22.93
2021-04-26,3.9,3.88,31.35,22.17
2021-04-27,11.95,3.17,29.35,21.6
2021-04-28,5.42,2.58,26.5,21.07
2021-04-29,14.52,3.46,28.48,21.07
2021-04-30,7.9,3.25,27.9,20.82
2021-05-01,12.28,3.17,27.07,20.9
2021-05-02,4.62,4.11,29.98,20.48
2021-05-03,3.17,4.73,31.43,20.47
2021-05-04,0.62,4.88,32.7,20.12
2021-05-05,0.12,4.47,32.33,21.75
2021-05-06,12.88,3.73,29.0,21.85
2021-05-07,0.25,4.86,32.25,21.15
2021-05-08,3.9,4.12,32.08,21.73
2021-05-09,3.07,4.5,32.42,21.95
2021-05-10,3.33,4.25,31.52,21.62
2021-05-11,3.95,4.33,31.35,22.18
2021-05-12,2.73,4.56,31.25,22.3
2021-05-13,3.82,4.3,29.9,22.1
2021-05-14,0.4,5.11,32.65,22.4
2021-05-15,0.07,5.5,34.23,22.82
2021-05-16,0.15,5.35,34.7,23.43
2021-05-17,0.35,5.35,34.4,24.12
2021-05-18,1.65,4.1,32.08,24.27
2021-05-19,3.88,4.29,33.3,23.57
2021-05-20,2.12,4.5,32.77,23.9
2021-05-21,5.42,4.14,32.6,24.05
2021-05-22,1.23,4.54,33.92,24.1
2021-05-23,2.08,4.3,32.4,23.85
2021-05-24,3.15,4.45,32.65,23.4
2021-05-25,4.45,3.33,30.62,23.2
2021-05-26,3.83,2.87,28.45,22.88
2021-05-27,10.7,4.04,31.95,23.25
2021-05-28,10.55,3.64,30.15,22.6
2021-05-29,16.88,3.35,28.8,22.68
2021-05-30,9.18,3.92,29.73,22.23
2021-05-31,6.3,4.19,30.07,22.45
2021-06-01,1.7,4.85,32.23,22.5
2021-06-02,1.62,4.84,32.17,22.85
2021-06-03,3.3,4.93,33.55,22.88
2021-06-04,9.97,3.64,31.1,23.65
2021-06-05,4.55,2.6,28.1,23.48
2021-06-06,9.6,3.37,28.9,22.95
2021-06-07,6.88,3.69,31.55,22.48
2021-06-08,14.8,3.09,28.25,22.6
2021-06-09,29.95,2.21,26.07,22.23
2021-06-10,29.07,2.33,25.77,21.85
2021-06-11,4.0,3.36,28.78,21.88
2021-06-12,3.1,2.38,27.07,22.18
2021-06-13,2.85,2.84,28.1,21.3
2021-06-14,49.75,1.03,23.35,21.43
2021-06-15,21.23,2.81,27.38,21.38
2021-06-16,10.9,3.04,27.62,21.52
2021-06-17,6.58,3.8,28.88,21.35
2021-06-18,0.7,4.52,29.98,21.65
2021-06-19,1.25,4.92,30.57,20.9
2021-06-20,0.62,5.12,31.32,21.45
2021-06-21,2.38,4.85,31.52,21.27
2021-06-22,3.5,4.42,30.2,22.3
2021-06-23,6.45,4.03,29.88,21.5
2021-06-24,2.0,4.04,29.43,22.35
2021-06-25,1.52,3.4,28.75,22.35
2021-06-26,8.55,2.97,28.9,22.6
2021-06-27,2.88,3.62,29.85,22.5
2021-06-28,3.8,3.51,30.3,22.18
2021-06-29,1.62,3.54,30.75,22.85
2021-06-30,1.53,3.21,29.85,22.43
2021-07-01,6.35,3.15,29.35,22.2
2021-07-02,2.7,3.35,28.43,21.77
2021-07-03,9.97,2.58,27.9,21.73
2021-07-04,0.5,5.11,32.15,21.27
2021-07-05,3.75,4.03,31.45,23.18
2021-07-06,21.2,2.22,26.52,23.2
2021-07-07,13.88,4.24,30.12,21.98
2021-07-08,15.05,2.28,26.73,22.18
2021-07-09,53.0,3.16,27.02,22.1
2021-07-10,15.72,3.93,28.3,20.85
2021-07-11,14.88,4.08,28.52,21.35
2021-07-12,7.88,3.56,28.2,22.05
2021-07-13,1.23,4.91,30.7,21.6
2021-07-14,8.1,4.38,30.8,22.38
2021-07-15,15.05,3.75,28.75,22.3
2021-07-16,5.12,3.86,28.35,21.85
2021-07-17,6.2,4.79,30.15,21.3
2021-07-18,11.47,4.0,29.93,21.85
2021-07-19,12.25,2.49,27.4,22.65
2021-07-20,31.25,1.39,24.95,22.02
2021-07-21,16.52,3.81,28.23,21.6
2021-07-22,11.28,2.22,26.77,21.7
2021-07-23,13.02,2.9,28.57,22.15
2021-07-24,6.52,2.05,26.45,22.1
2021-07-25,7.75,2.06,26.95,22.45
2021-07-26,39.38,1.82,25.57,22.25
2021-07-27,4.25,2.68,27.57,21.73
2021-07-28,16.57,1.72,25.77,21.95
2021-07-29,2.0,4.01,29.98,22.02
2021-07-30,2.93,2.96,28.4,22.75
2021-07-31,10.05,3.58,28.98,22.65
2021-08-01,11.38,2.46,28.12,22.9
2021-08-02,17.07,2.67,28.23,22.45
2021-08-03,15.45,2.64,27.98,22.1
2021-08-04,11.97,3.44,27.85,21.8
2021-08-05,12.4,2.74,27.05,21.82
2021-08-06,6.72,3.45,28.75,21.52
2021-08-07,3.02,4.17,30.45,21.15
2021-08-08,1.45,4.89,31.73,21.95
2021-08-09,4.8,4.51,31.83,22.48
2021-08-10,1.77,2.65,28.32,23.07
2021-08-11,16.6,1.59,25.58,23.15
2021-08-12,5.25,3.96,30.4,22.15
2021-08-13,10.68,2.81,28.23,21.95
2021-08-14,22.55,2.79,28.55,22.4
2021-08-15,19.25,1.78,25.48,21.88
2021-08-16,29.83,1.25,24.05,21.73
2021-08-17,19.25,1.57,25.1,21.3
2021-08-18,4.42,3.12,28.27,21.18
2021-08-19,8.3,3.05,27.57,21.3
2021-08-20,6.07,3.27,28.3,21.32
2021-08-21,0.78,4.59,29.75,20.98
2021-08-22,1.02,4.73,30.45,22.02
2021-08-23,2.42,4.33,30.5,21.95
2021-08-24,17.77,3.37,28.98,22.52
2021-08-25,8.12,3.75,29.52,21.85
2021-08-26,10.72,3.83,28.77,21.95
2021-08-27,14.0,3.77,28.12,20.77
2021-08-28,26.65,3.33,27.8,20.85
2021-08-29,8.5,3.49,27.27,20.6
2021-08-30,5.65,3.96,28.38,20.77
2021-08-31,11.15,3.89,28.6,21.12
2021-09-01,7.67,3.53,27.75,21.4
2021-09-02,7.17,4.13,29.15,20.93
2021-09-03,5.22,3.49,28.75,21.65
2021-09-04,9.07,3.35,27.73,21.27
2021-09-05,7.25,3.31,27.75,21.52
2021-09-06,5.0,3.79,28.57,21.27
2021-09-07,6.83,3.81,28.52,21.57
2021-09-08,10.6,3.93,28.93,21.45
2021-09-09,22.6,2.35,26.25,22.02
2021-09-10,18.5,2.92,26.9,21.65
2021-09-11,3.65,4.1,28.25,21.0
2021-09-12,1.4,4.49,29.9,21.18
2021-09-13,0.88,4.22,30.35,21.65
2021-09-14,27.2,1.88,26.35,22.48
2021-09-15,23.3,2.69,27.82,21.77
2021-09-16,30.65,2.7,27.57,21.4
2021-09-17,9.18,2.62,26.43,21.52
2021-09-18,5.1,3.36,28.85,21.38
2021-09-19,1.35,4.24,30.4,21.48
2021-09-20,4.2,3.22,29.05,22.35
2021-09-21,8.9,3.33,28.05,21.25
2021-09-22,10.55,3.69,28.62,20.95
2021-09-23,14.97,2.82,26.85,20.9
2021-09-24,14.45,3.1,27.45,20.82
2021-09-25,8.35,3.63,29.2,21.45
2021-09-26,24.18,2.08,25.23,21.12
2021-09-27,19.6,2.57,26.43,19.93
2021-09-28,2.25,2.9,27.5,20.7
2021-09-29,0.72,4.11,29.62,21.6
2021-09-30,2.55,3.88,29.6,21.52
2021-10-01,7.03,3.58,29.43,22.35
2021-10-02,8.83,3.08,27.73,22.38
2021-10-03,3.98,3.9,29.45,21.3
2021-10-04,4.17,3.64,28.77,21.1
2021-10-05,1.0,3.97,28.9,21.0
2021-10-06,1.67,4.06,29.85,21.35
2021-10-07,1.88,3.83,29.7,21.65
2021-10-08,0.3,4.09,29.8,21.7
2021-10-09,0.38,4.29,31.23,21.73
2021-10-10,12.88,3.0,29.5,22.48
2021-10-11,30.35,2.15,27.1,22.07
2021-10-12,13.45,1.75,25.1,21.32
2021-10-13,0.08,4.35,30.52,20.62
2021-10-14,0.98,3.95,29.32,20.93
2021-10-15,4.35,1.57,23.8,21.25
2021-10-16,7.38,1.31,23.83,20.75
2021-10-17,0.62,3.34,27.25,19.65
2021-10-18,0.45,3.76,28.15,18.68
2021-10-19,15.25,2.92,27.52,20.4
2021-10-20,2.52,3.56,28.32,20.32
2021-10-21,9.93,3.26,28.23,21.02
2021-10-22,23.5,2.4,26.23,21.15
2021-10-23,25.23,2.14,25.3,20.48
2021-10-24,11.2,2.83,26.82,20.3
2021-10-25,1.02,3.67,27.5,19.32
2021-10-26,1.07,3.67,28.0,19.62
2021-10-27,1.48,3.49,28.88,19.8
2021-10-28,0.62,3.84,29.07,19.98
2021-10-29,8.53,3.02,27.18,19.9
2021-10-30,12.05,2.52,25.55,20.4
2021-10-31,21.85,2.75,26.82,20.43
2021-11-01,24.2,2.96,27.18,19.48
2021-11-02,13.8,2.92,27.25,19.9
2021-11-03,9.1,3.28,27.38,19.8
2021-11-04,3.02,2.71,26.73,19.7
2021-11-05,0.72,3.36,28.15,19.95
2021-11-06,0.17,3.75,28.98,20.32
2021-11-07,0.23,3.71,29.55,20.23
2021-11-08,3.2,3.06,27.1,20.15
2021-11-09,5.15,3.1,27.1,20.07
2021-11-10,3.1,3.07,27.2,19.43
2021-11-11,3.05,3.01,27.3,19.05
2021-11-12,4.78,2.85,26.9,19.05
2021-11-13,6.33,3.02,26.6,19.27
2021-11-14,0.83,3.23,27.12,18.18
2021-11-15,2.27,3.25,27.65,19.02
2021-11-16,0.55,3.3,27.95,19.0
2021-11-17,0.53,3.34,28.35,19.7
2021-11-18,1.45,3.15,27.73,19.45
2021-11-19,0.62,3.34,27.88,19.77
2021-11-20,0.25,3.57,29.2,19.35
2021-11-21,0.0,3.8,29.15,17.25
2021-11-22,0.12,3.69,28.98,17.75
2021-11-23,3.1,2.46,27.02,19.12
2021-11-24,6.0,2.3,25.8,19.18
2021-11-25,8.5,1.84,23.8,18.5
2021-11-26,9.2,1.71,23.6,19.2
2021-11-27,2.17,2.49,24.85,18.93
2021-11-28,0.0,2.87,26.1,16.4
2021-11-29,0.0,3.44,27.0,15.4
2021-11-30,0.0,3.62,26.25,14.82
2021-12-01,0.0,3.49,24.98,14.07
2021-12-02,0.0,3.02,25.18,13.68
2021-12-03,0.0,3.23,25.2,13.3
2021-12-04,0.0,3.42,24.15,11.9
2021-12-05,0.0,3.47,23.85,10.85
2021-12-06,0.0,3.31,24.4,11.9
2021-12-07,0.0,3.26,24.57,12.05
2021-12-08,0.0,3.32,25.93,12.93
2021-12-09,0.0,3.09,26.68,12.85
2021-12-10,0.0,3.32,26.75,14.4
2021-12-11,0.0,3.25,26.88,15.7
2021-12-12,0.15,3.15,26.73,15.48
2021-12-13,0.05,3.02,26.4,14.75
2021-12-14,0.0,3.07,25.85,13.9
2021-12-15,0.0,3.25,26.35,14.85
2021-12-16,0.0,3.46,26.95,14.22
2021-12-17,0.0,3.52,26.3,12.0
2021-12-18,0.0,3.14,25.82,12.57
2021-12-19,0.05,2.36,23.35,14.43
2021-12-20,0.0,3.2,24.2,11.22
2021-12-21,0.0,3.24,25.15,11.85
2021-12-22,0.0,3.17,24.57,12.38
2021-12-23,0.67,2.98,24.2,13.75
2021-12-24,0.72,3.0,24.5,13.75
2021-12-25,2.45,2.78,24.62,14.6
2021-12-26,1.65,2.7,24.48,14.18
2021-12-27,3.03,2.58,24.6,15.28
2021-12-28,0.2,3.0,25.85,15.38
2021-12-29,0.0,3.33,27.15,13.53
2021-12-30,1.82,2.67,25.9,16.38
2021-12-31,0.38,2.84,26.02,15.35
2022-01-01,0.23,2.84,25.9,15.85
2022-01-02,0.08,3.13,25.7,15.12
2022-01-03,0.0,3.28,25.68,13.12
2022-01-04,0.0,3.2,25.95,13.93
2022-01-05,0.0,3.45,26.7,14.18
2022-01-06,0.0,3.5,27.15,13.4
2022-01-07,0.0,3.27,26.4,14.0
2022-01-08,0.0,3.44,27.05,15.35
2022-01-09,0.0,3.52,27.6,14.15
2022-01-10,0.0,3.63,27.82,14.43
2022-01-11,0.0,3.29,27.45,14.65
2022-01-12,0.57,2.92,26.35,15.62
2022-01-13,0.93,1.34,22.68,18.0
2022-01-14,0.15,2.81,25.57,16.52
2022-01-15,6.42,2.97,25.85,16.88
2022-01-16,28.43,1.85,23.35,16.62
2022-01-17,1.4,2.53,23.4,15.0
2022-01-18,2.97,2.19,22.7,14.18
2022-01-19,4.45,2.1,21.5,15.72
2022-01-20,2.62,1.85,21.12,13.65
2022-01-21,3.02,2.24,22.82,14.55
2022-01-22,0.15,3.24,24.62,13.45
2022-01-23,0.0,3.42,24.93,13.08
2022-01-24,0.0,3.57,25.48,13.25
2022-01-25,0.0,3.7,26.1,13.68
2022-01-26,0.0,3.87,26.57,13.53
2022-01-27,0.0,3.89,26.65,13.4
2022-01-28,0.0,3.75,27.8,13.35
2022-01-29,0.05,3.59,26.4,13.6
2022-01-30,0.0,3.83,25.25,13.22
2022-01-31,0.0,3.94,25.93,10.95
2022-02-01,0.0,4.1,26.52,11.9
2022-02-02,0.0,4.12,27.3,10.82
2022-02-03,0.0,4.04,26.98,11.53
2022-02-04,0.0,4.13,27.93,13.1
2022-02-05,12.32,1.73,22.43,15.25
2022-02-06,11.57,1.97,22.93,16.85
2022-02-07,0.0,3.72,26.77,13.77
2022-02-08,0.0,4.13,27.62,12.25
2022-02-09,0.0,4.33,28.4,12.85
2022-02-10,0.0,4.29,28.65,12.45
2022-02-11,0.0,4.21,29.23,12.88
2022-02-12,0.0,4.29,29.18,14.25
2022-02-13,0.0,4.31,27.48,12.57
2022-02-14,0.0,4.39,28.98,12.93
2022-02-15,0.0,3.98,28.45,15.75
2022-02-16,0.05,3.66,27.83,16.62
2022-02-17,1.05,2.96,28.25,17.57
2022-02-18,8.22,3.17,28.62,19.0
2022-02-19,12.2,2.23,25.93,19.27
2022-02-20,0.17,3.96,27.9,18.88
2022-02-21,0.8,3.4,25.43,14.88
2022-02-22,2.62,2.98,25.5,17.5
2022-02-23,0.42,3.55,25.82,15.45
2022-02-24,0.0,3.34,25.82,14.35
2022-02-25,0.0,3.94,27.48,13.85
2022-02-26,0.0,3.99,28.28,14.9
2022-02-27,0.0,4.09,29.12,16.3
2022-02-28,0.0,3.61,28.88,16.3
2022-03-01,0.0,4.42,31.27,18.05
2022-03-02,0.05,4.15,30.93,17.82
2022-03-03,0.08,4.19,31.3,18.75
2022-03-04,0.0,4.47,32.42,17.88
2022-03-05,0.0,4.56,33.42,18.93
2022-03-06,0.0,4.5,33.23,19.1
2022-03-07,13.82,4.22,33.35,20.2
2022-03-08,1.6,3.1,28.15,19.32
2022-03-09,0.05,4.04,31.1,19.25
2022-03-10,0.05,4.19,32.12,20.65
2022-03-11,0.0,4.41,33.75,20.8
2022-03-12,0.67,4.02,33.1,21.43
2022-03-13,0.07,4.26,34.05,21.78
2022-03-14,1.85,3.94,34.08,22.27
2022-03-15,0.88,3.86,32.45,21.12
2022-03-16,3.62,3.74,31.95,20.98
2022-03-17,4.1,3.71,32.25,20.3
2022-03-18,1.07,3.88,32.05,19.23
2022-03-19,0.23,4.19,31.43,19.0
2022-03-20,0.0,4.4,32.48,20.32
2022-03-21,2.45,3.79,30.38,21.77
2022-03-22,15.75,3.47,29.48,20.7
2022-03-23,2.5,3.81,29.38,20.6
2022-03-24,0.47,4.05,30.27,20.35
2022-03-25,0.0,4.65,32.83,19.82
2022-03-26,0.0,4.76,33.05,19.27
2022-03-27,0.35,4.42,33.27,20.12
2022-03-28,0.3,4.43,32.73,20.2
2022-03-29,0.53,3.17,30.38,19.82
2022-03-30,0.38,4.34,31.4,20.15
2022-03-31,0.65,4.26,31.73,19.18
2022-04-01,2.33,4.1,30.93,21.1
2022-04-02,17.88,2.46,22.85,16.45
2022-04-03,0.0,3.77,24.8,13.97
2022-04-04,0.0,3.84,27.62,14.93
2022-04-05,0.0,4.52,30.35,18.3
2022-04-06,8.8,2.91,28.55,19.73
2022-04-07,8.28,3.18,28.25,19.55
2022-04-08,0.62,3.62,28.4,18.6
2022-04-09,0.35,4.17,30.23,19.15
2022-04-10,0.2,4.52,31.45,20.1
2022-04-11,0.0,4.79,32.77,21.05
2022-04-12,0.0,5.04,33.58,20.43
2022-04-13,0.0,5.1,34.4,20.35
2022-04-14,0.08,4.86,33.58,20.82
2022-04-15,0.05,4.68,33.7,21.57
2022-04-16,0.2,4.74,34.23,22.75
2022-04-17,1.45,5.07,34.02,22.52
2022-04-18,18.12,4.11,31.2,21.0
2022-04-19,3.83,3.41,28.6,20.65
2022-04-20,8.93,3.71,28.27,19.52
2022-04-21,2.3,3.79,27.88,19.23
2022-04-22,0.18,4.52,30.45,19.55
2022-04-23,0.15,4.88,32.05,21.05
2022-04-24,1.0,4.43,33.1,21.93
2022-04-25,0.7,4.84,33.65,22.32
2022-04-26,3.75,4.43,32.12,22.65
2022-04-27,2.5,4.41,31.93,22.62
2022-04-28,1.65,4.74,34.7,23.18
2022-04-29,1.52,3.41,31.43,22.85
2022-04-30,14.75,3.92,30.68,22.02
2022-05-01,0.83,4.99,32.52,20.1
2022-05-02,5.17,3.11,26.68,20.33
2022-05-03,0.0,4.19,29.07,19.95
2022-05-04,1.05,4.07,29.15,18.73
2022-05-05,0.5,4.9,31.45,20.62
2022-05-06,7.3,3.87,29.62,20.38
2022-05-07,8.32,3.52,29.0,20.45
2022-05-08,6.35,3.3,28.0,22.02
2022-05-09,3.4,3.97,29.3,21.57
2022-05-10,7.95,3.3,28.68,21.52
2022-05-11,8.6,3.87,29.68,21.82
2022-05-12,7.1,3.05,29.05,22.12
2022-05-13,21.07,4.23,30.6,21.38
2022-05-14,3.02,4.51,30.85,21.8
2022-05-15,5.15,4.57,31.65,21.9
2022-05-16,22.1,4.64,32.25,21.98
2022-05-17,15.75,3.24,28.0,21.6
2022-05-18,11.03,2.69,26.23,20.95
2022-05-19,22.6,3.08,27.73,21.2
2022-05-20,17.88,1.97,25.55,21.43
2022-05-21,46.48,1.54,25.05,21.48
2022-05-22,18.4,3.62,29.8,21.38
2022-05-23,2.75,4.38,29.88,21.1
2022-05-24,13.4,3.51,28.52,21.15
2022-05-25,3.98,4.42,29.6,20.95
2022-05-26,1.15,5.29,32.0,20.85
2022-05-27,2.73,4.74,30.95,20.75
2022-05-28,0.97,5.11,30.98,21.27
2022-05-29,8.97,4.2,29.75,21.8
2022-05-30,9.3,3.92,29.27,21.95
2022-05-31,6.03,3.59,28.6,21.85
2022-06-01,5.3,4.47,29.3,21.45
2022-06-02,3.55,4.41,29.98,21.73
2022-06-03,6.85,4.77,30.32,21.65
2022-06-04,3.12,4.34,30.02,21.9
2022-06-05,2.58,4.24,30.05,21.68
2022-06-06,9.72,4.58,30.68,21.98
2022-06-07,2.77,4.31,29.98,21.38
2022-06-08,8.2,2.63,26.75,21.75
2022-06-09,12.08,3.93,28.62,21.68
2022-06-10,3.83,4.61,29.6,21.2
2022-06-11,6.2,3.46,28.0,21.77
2022-06-12,4.85,4.12,29.18,21.57
2022-06-13,1.95,5.17,31.3,21.62
2022-06-14,7.6,4.25,31.1,22.43
2022-06-15,15.65,2.92,28.23,21.85
2022-06-16,7.12,3.23,27.77,21.52
2022-06-17,3.33,3.29,29.12,21.82
2022-06-18,2.2,3.21,29.15,22.3
2022-06-19,7.15,2.65,28.33,22.5
2022-06-20,3.25,4.84,30.93,20.8
2022-06-21,3.95,4.96,30.07,21.52
2022-06-22,6.05,5.11,31.0,21.43
2022-06-23,11.65,4.35,30.02,21.98
2022-06-24,8.35,3.58,29.12,21.43
2022-06-25,1.93,4.61,30.38,21.4
2022-06-26,3.3,4.32,29.77,21.48
2022-06-27,6.9,4.88,30.43,21.38
2022-06-28,2.2,4.41,30.45,21.43
2022-06-29,5.83,4.0,31.25,21.6
2022-06-30,23.45,3.06,27.77,22.32
2022-07-01,37.23,1.24,24.15,22.12
2022-07-02,44.95,1.79,25.5,21.93
2022-07-03,11.85,3.21,27.67,21.5
2022-07-04,10.47,3.99,28.98,21.6
2022-07-05,9.68,4.12,29.25,21.85
2022-07-06,13.3,2.77,27.77,22.38
2022-07-07,11.05,2.61,26.55,22.0
2022-07-08,2.35,4.54,29.77,20.6
2022-07-09,17.75,3.8,28.85,21.38
2022-07-10,15.8,2.79,26.6,21.73
2022-07-11,13.95,3.28,28.0,20.85
2022-07-12,2.73,4.29,30.45,21.68
2022-07-13,25.07,2.72,26.73,21.8
2022-07-14,32.67,3.13,27.32,21.82
2022-07-15,12.58,3.42,28.35,21.95
2022-07-16,1.07,4.63,30.15,21.77
2022-07-17,2.98,5.11,31.88,21.88
2022-07-18,0.47,4.92,32.15,21.98
2022-07-19,9.93,4.18,30.38,22.52
2022-07-20,21.33,4.0,29.52,22.75
2022-07-21,33.25,3.05,28.12,21.57
2022-07-22,37.65,2.79,26.35,21.73
2022-07-23,12.53,2.1,25.5,20.75
2022-07-24,10.9,3.86,28.02,20.73
2022-07-25,0.9,5.18,31.28,21.52
2022-07-26,0.12,5.49,31.98,21.8
2022-07-27,0.12,5.42,32.1,22.15
2022-07-28,0.27,5.1,32.05,22.8
2022-07-29,1.0,5.03,31.95,23.15
2022-07-30,6.45,4.62,31.93,22.68
2022-07-31,13.22,2.31,27.57,22.18
2022-08-01,25.4,3.81,29.1,22.02
2022-08-02,7.9,3.28,27.3,21.97
2022-08-03,4.52,3.59,28.77,21.57
2022-08-04,4.9,4.28,30.1,21.68
2022-08-05,4.88,4.17,29.9,21.5
2022-08-06,8.07,3.19,28.25,21.7
2022-08-07,22.75,2.39,26.02,21.62
2022-08-08,24.35,1.83,25.05,21.5
2022-08-09,8.5,3.26,27.0,21.32
2022-08-10,7.9,4.29,29.25,21.07
2022-08-11,11.3,3.14,30.0,20.7
2022-08-12,66.47,1.24,24.05,21.2
2022-08-13,9.57,3.33,28.3,20.8
2022-08-14,2.23,4.44,30.15,20.55
2022-08-15,15.17,3.24,28.52,21.82
2022-08-16,22.2,3.38,27.82,22.0
2022-08-17,14.22,3.67,28.3,21.23
2022-08-18,10.93,3.81,27.93,21.35
2022-08-19,6.4,4.38,29.93,20.95
2022-08-20,12.95,3.49,29.55,21.52
2022-08-21,24.62,2.26,26.05,22.05
2022-08-22,20.23,2.76,28.07,21.55
2022-08-23,2.25,4.39,29.82,21.52
2022-08-24,0.62,4.62,31.02,21.53
2022-08-25,9.5,3.19,28.65,22.55
2022-08-26,18.57,2.19,25.8,21.95
2022-08-27,10.0,3.26,27.58,21.15
2022-08-28,4.22,4.7,29.85,20.77
2022-08-29,9.38,4.85,30.95,22.12
2022-08-30,0.93,4.87,30.57,21.35
2022-08-31,7.9,4.5,30.25,22.05
2022-09-01,8.2,3.69,28.55,21.65
2022-09-02,1.68,4.54,30.12,21.82
2022-09-03,0.98,4.62,30.75,22.1
2022-09-04,4.2,3.67,29.45,22.45
2022-09-05,15.35,2.45,27.23,21.38
2022-09-06,6.58,3.68,28.9,20.82
2022-09-07,4.53,4.65,30.35,21.05
2022-09-08,13.2,4.08,29.93,21.07
2022-09-09,23.12,3.09,27.43,21.23
2022-09-10,42.25,2.2,26.43,20.9
2022-09-11,22.75,1.39,24.1,21.4
2022-09-12,12.15,2.03,25.27,20.98
2022-09-13,3.8,3.39,28.1,21.32
2022-09-14,8.12,3.08,27.18,20.52
2022-09-15,8.53,4.06,29.12,20.43
2022-09-16,7.92,3.45,28.05,21.05
2022-09-17,10.78,2.75,27.1,21.48
2022-09-18,12.47,3.02,26.93,21.3
2022-09-19,2.33,3.91,28.35,20.95
2022-09-20,11.57,3.67,29.02,20.95
2022-09-21,7.47,3.56,27.85,20.65
2022-09-22,7.92,3.6,28.43,20.75
2022-09-23,25.5,2.6,26.8,20.98
2022-09-24,18.65,3.18,27.27,20.12
2022-09-25,17.75,3.08,27.12,20.27
2022-09-26,15.18,3.06,27.85,20.18
2022-09-27,0.72,4.1,29.07,20.7
2022-09-28,0.17,4.55,31.15,20.3
2022-09-29,4.53,4.05,29.7,22.32
2022-09-30,40.05,2.87,27.1,21.38
2022-10-01,68.75,1.16,23.85,21.75
2022-10-02,27.82,1.46,24.38,21.32
2022-10-03,13.28,1.98,25.65,20.82
2022-10-04,4.92,3.95,28.38,19.68
2022-10-05,1.93,4.07,28.85,19.38
2022-10-06,2.83,3.6,28.32,20.3
2022-10-07,5.9,3.69,28.62,19.93
2022-10-08,11.07,3.64,27.9,20.43
2022-10-09,9.28,3.36,28.85,20.75
2022-10-10,28.65,2.58,26.18,20.4
2022-10-11,2.4,3.4,27.52,19.6
2022-10-12,0.97,3.81,27.77,19.57
2022-10-13,2.3,3.62,28.4,20.2
2022-10-14,12.2,3.37,27.85,20.38
2022-10-15,0.05,4.21,28.4,19.48
2022-10-16,1.23,3.31,27.27,18.55
2022-10-17,0.0,3.92,28.1,19.07
2022-10-18,0.0,4.44,27.62,17.6
2022-10-19,0.0,4.44,27.27,16.9
2022-10-20,0.0,4.36,28.25,15.93
2022-10-21,0.55,3.48,27.88,18.17
2022-10-22,1.27,3.8,29.0,18.3
2022-10-23,7.68,2.46,26.82,19.57
2022-10-24,1.57,3.73,27.98,18.83
2022-10-25,0.28,3.96,29.15,19.27
2022-10-26,0.35,3.99,29.78,19.98
2022-10-27,3.65,3.34,28.77,20.43
2022-10-28,7.47,2.99,27.73,20.35
2022-10-29,0.78,3.76,29.05,19.7
2022-10-30,0.12,3.97,29.45,18.68
2022-10-31,0.0,4.18,29.6,18.12
2022-11-01,0.1,4.1,29.2,18.57
2022-11-02,0.0,4.11,29.25,16.9
2022-11-03,0.0,3.79,28.57,17.88
2022-11-04,0.38,3.68,28.38,17.48
2022-11-05,0.08,3.71,27.98,16.0
2022-11-06,0.0,3.86,27.85,16.75
2022-11-07,0.0,3.92,28.23,16.23
2022-11-08,0.0,3.92,28.38,16.7
2022-11-09,0.0,3.9,28.57,16.6
2022-11-10,0.0,3.92,28.2,16.1
2022-11-11,0.0,3.98,28.4,15.65
2022-11-12,0.0,3.96,28.57,16.1
2022-11-13,0.0,3.92,28.95,16.48
2022-11-14,0.17,3.63,29.12,18.05
2022-11-15,7.62,3.23,29.23,19.68
2022-11-16,4.25,3.17,28.25,19.17
2022-11-17,3.85,3.1,27.7,19.65
2022-11-18,3.33,2.7,27.05,19.25
2022-11-19,2.65,2.89,28.45,20.0
2022-11-20,4.7,3.12,28.62,19.62
2022-11-21,0.43,3.44,28.95,18.98
2022-11-22,0.05,3.79,30.25,19.25
2022-11-23,0.0,3.77,29.57,17.7
2022-11-24,1.65,2.2,26.82,18.88
2022-11-25,14.45,2.63,27.82,19.68
2022-11-26,8.4,2.6,27.32,19.67
2022-11-27,10.25,2.9,27.55,19.73
2022-11-28,2.07,2.85,28.12,20.07
2022-11-29,0.65,3.09,28.65,20.1
2022-11-30,1.23,2.97,28.58,20.0
2022-12-01,8.62,2.27,25.73,20.05
2022-12-02,8.43,2.37,26.27,19.68
2022-12-03,3.52,2.97,27.5,18.12
2022-12-04,0.15,3.28,28.25,18.25
2022-12-05,0.12,3.23,27.93,17.48
2022-12-06,0.57,3.02,27.27,18.2
2022-12-07,1.25,2.88,26.85,18.48
2022-12-08,2.02,2.88,27.12,19.15
2022-12-09,0.53,3.01,27.1,18.02
2022-12-10,0.23,3.2,28.77,18.15
2022-12-11,0.0,3.35,28.55,16.73
2022-12-12,0.28,3.07,27.57,17.55
2022-12-13,1.6,2.57,25.1,18.52
2022-12-14,1.07,1.99,24.32,17.85
2022-12-15,0.0,2.56,25.05,15.43
2022-12-16,0.0,3.2,26.38,14.97
2022-12-17,0.17,2.86,26.27,14.07
2022-12-18,0.0,2.96,20.93,14.55
2022-12-19,0.0,3.16,23.57,11.43
2022-12-20,0.0,3.18,25.52,12.1
2022-12-21,0.0,3.12,26.62,14.62
2022-12-22,0.0,3.33,27.43,15.57
2022-12-23,0.08,3.24,27.65,16.2
2022-12-24,1.77,2.78,25.3,16.88
2022-12-25,1.05,2.92,25.0,16.45
2022-12-26,0.0,3.08,26.07,15.38
2022-12-27,0.03,3.17,26.0,15.07
2022-12-28,0.48,3.08,25.02,15.52
2022-12-29,1.65,2.6,23.77,15.47
2022-12-30,2.4,2.64,23.98,14.78
2022-12-31,2.73,2.61,23.88,15.72
2023-01-01,0.1,2.59,24.75,14.53
2023-01-02,0.0,3.3,25.25,12.03
2023-01-03,0.0,2.74,24.73,12.07
2023-01-04,0.0,2.73,25.62,13.75
2023-01-05,0.0,3.34,27.48,13.45
2023-01-06,0.0,3.67,25.25,13.47
2023-01-07,0.0,3.48,23.65,11.1
2023-01-08,0.0,3.46,25.35,9.8
2023-01-09,0.0,3.31,26.23,11.0
2023-01-10,0.0,3.15,27.15,13.9
2023-01-11,0.0,3.38,27.52,14.6
2023-01-12,0.0,3.66,27.65,15.65
2023-01-13,0.0,3.79,28.07,14.1
2023-01-14,0.0,3.8,28.25,11.78
2023-01-15,0.0,3.77,26.82,11.75
2023-01-16,0.0,3.83,26.55,12.12
2023-01-17,0.0,3.42,25.95,13.1
2023-01-18,0.35,3.15,26.05,14.95
2023-01-19,0.1,3.22,26.43,14.97
2023-01-20,0.0,3.66,26.82,14.53
2023-01-21,0.0,3.78,27.05,14.43
2023-01-22,0.0,3.83,28.12,13.93
2023-01-23,0.0,3.89,28.73,13.1
2023-01-24,0.0,3.74,28.07,13.78
2023-01-25,0.0,3.43,26.12,13.22
2023-01-26,0.0,3.79,27.02,14.2
2023-01-27,0.0,3.76,28.07,14.62
2023-01-28,0.0,2.93,25.77,13.82
2023-01-29,0.0,3.5,24.6,13.27
2023-01-30,0.0,3.75,24.9,11.25
2023-01-31,0.0,3.79,27.32,12.3
2023-02-01,0.0,3.94,29.57,14.32
2023-02-02,0.0,4.08,30.15,16.48
2023-02-03,0.0,4.15,30.5,17.6
2023-02-04,0.12,4.07,30.57,19.1
2023-02-05,0.23,4.03,30.57,18.6
2023-02-06,0.0,4.31,31.48,17.4
2023-02-07,0.0,4.51,30.75,15.38
2023-02-08,0.0,4.28,29.3,13.57
2023-02-09,0.0,4.51,30.15,13.53
2023-02-10,0.0,4.49,30.85,13.68
2023-02-11,0.0,4.52,30.73,13.12
2023-02-12,0.0,4.52,30.8,13.82
2023-02-13,0.0,4.6,31.17,13.9
2023-02-14,0.0,4.71,31.23,14.62
2023-02-15,0.33,4.71,30.1,15.1
2023-02-16,11.22,2.7,24.6,17.18
2023-02-17,20.57,1.62,20.43,15.12
2023-02-18,0.03,3.69,26.27,14.93
2023-02-19,0.0,3.9,27.75,15.35
2023-02-20,2.75,3.54,25.6,15.75
2023-02-21,1.75,3.3,25.45,17.43
2023-02-22,0.42,3.65,26.75,16.85
2023-02-23,0.2,3.88,27.9,17.4
2023-02-24,0.0,4.24,29.68,16.4
2023-02-25,1.38,3.0,26.35,16.57
2023-02-26,0.6,3.0,25.07,17.57
2023-02-27,0.0,3.78,26.07,14.32
2023-02-28,0.0,3.98,28.07,14.27
2023-03-01,0.0,4.26,30.02,15.75
2023-03-02,0.0,4.43,30.5,16.82
2023-03-03,0.0,4.25,29.82,17.8
2023-03-04,0.03,3.93,28.18,17.45
2023-03-05,0.0,3.91,28.75,16.2
2023-03-06,0.03,3.98,28.93,17.23
2023-03-07,0.0,4.15,30.12,18.05
2023-03-08,0.0,4.33,31.75,18.2
2023-03-09,0.0,4.36,31.5,18.48
2023-03-10,0.0,4.3,32.08,19.23
2023-03-11,0.0,4.26,32.75,19.77
2023-03-12,0.43,3.53,32.35,20.0
2023-03-13,10.45,1.89,23.85,18.7
2023-03-14,0.12,3.25,27.73,16.73
2023-03-15,0.72,3.7,29.73,17.6
2023-03-16,0.95,3.77,30.18,17.8
2023-03-17,0.25,4.0,30.8,17.5
2023-03-18,0.0,4.23,32.08,18.38
2023-03-19,0.4,4.13,31.65,19.02
2023-03-20,1.1,3.92,31.98,19.12
2023-03-21,0.92,3.78,31.52,18.57
2023-03-22,0.03,4.76,33.35,18.25
2023-03-23,0.0,4.98,33.62,18.85
2023-03-24,0.0,4.67,33.27,18.92
2023-03-25,0.0,4.57,33.3,18.9
2023-03-26,0.0,4.92,34.6,19.23
2023-03-27,0.0,4.74,33.58,19.0
2023-03-28,0.0,5.48,34.05,19.93
2023-03-29,0.0,5.15,34.4,19.5
2023-03-30,0.0,4.79,34.27,19.43
2023-03-31,0.0,4.88,33.67,19.18
2023-04-01,0.03,5.15,34.08,19.6
2023-04-02,0.0,5.09,34.52,20.0
2023-04-03,0.03,5.17,33.02,19.45
2023-04-04,0.0,5.37,34.42,19.48
2023-04-05,0.0,5.27,34.73,19.1
2023-04-06,0.0,5.23,35.77,20.07
2023-04-07,0.0,5.32,36.42,20.9
2023-04-08,0.05,5.17,35.7,22.0
2023-04-09,0.0,5.55,35.92,23.05
2023-04-10,0.0,5.51,36.85,21.5
2023-04-11,0.0,5.38,37.77,21.62
2023-04-12,0.0,5.55,37.4,21.95
2023-04-13,0.0,5.66,37.95,22.57
2023-04-14,0.0,5.56,38.15,21.93
2023-04-15,0.0,5.63,38.35,22.3
2023-04-16,0.05,5.27,37.23,22.8
2023-04-17,0.0,5.87,37.7,22.85
2023-04-18,0.0,5.37,37.77,22.73
2023-04-19,0.85,5.14,36.65,23.02
2023-04-20,0.3,5.04,37.38,23.02
2023-04-21,0.28,5.29,37.1,22.23
2023-04-22,0.17,5.54,36.4,21.77
2023-04-23,0.08,5.74,36.67,21.95
2023-04-24,5.2,4.58,32.5,22.32
2023-04-25,0.0,5.17,36.85,22.95
2023-04-26,2.4,4.76,31.95,23.8
2023-04-27,1.07,4.98,33.73,21.95
2023-04-28,0.0,5.75,36.38,21.95
2023-04-29,0.0,5.87,37.35,22.68
2023-04-30,5.45,4.71,32.02,23.52
2023-05-01,0.5,4.29,31.25,22.55
2023-05-02,2.48,5.26,33.98,22.52
2023-05-03,3.52,4.62,32.45,21.88
2023-05-04,0.17,5.37,35.12,21.43
2023-05-05,0.15,5.73,36.73,22.35
2023-05-06,0.0,5.96,37.75,23.27
2023-05-07,0.38,5.14,37.6,24.12
2023-05-08,16.6,5.04,38.1,24.2
2023-05-09,0.28,3.91,32.92,22.25
2023-05-10,1.65,4.79,32.77,23.8
2023-05-11,3.12,4.61,33.0,22.4
2023-05-12,11.07,3.89,31.23,22.8
2023-05-13,35.8,2.58,27.52,21.3
2023-05-14,14.57,3.66,28.32,21.3
2023-05-15,19.72,3.41,28.32,20.88
2023-05-16,1.93,4.58,30.0,20.55
2023-05-17,0.03,5.23,31.68,20.15
2023-05-18,0.12,5.13,32.5,20.9
2023-05-19,0.4,5.57,33.35,21.55
2023-05-20,0.03,5.54,33.88,21.77
2023-05-21,0.18,5.65,34.62,22.3
2023-05-22,2.25,5.0,34.05,22.93
2023-05-23,4.12,4.85,33.88,22.8
2023-05-24,2.75,4.93,32.5,22.65
2023-05-25,0.28,5.48,34.6,22.62
2023-05-26,3.48,4.69,33.25,21.98
2023-05-27,1.32,4.73,33.33,23.27
2023-05-28,3.42,4.44,33.02,22.98
2023-05-29,6.95,3.41,30.27,23.35
2023-05-30,0.62,5.01,33.42,23.4
2023-05-31,2.65,4.97,34.02,23.4
2023-06-01,2.23,5.06,34.8,23.05
2023-06-02,3.85,5.08,34.55,22.95
2023-06-03,5.6,4.68,33.48,22.2
2023-06-04,8.9,5.35,33.38,22.6
2023-06-05,6.25,4.63,33.15,22.73
2023-06-06,7.72,3.09,30.35,22.9
2023-06-07,16.35,3.24,29.88,22.73
2023-06-08,8.72,2.99,28.07,22.52
2023-06-09,6.88,4.29,31.0,22.0
2023-06-10,10.1,4.18,30.4,22.23
2023-06-11,2.2,4.85,31.92,22.52
2023-06-12,7.7,4.58,29.5,22.32
2023-06-13,6.7,3.78,29.05,21.43
2023-06-14,9.2,2.88,28.25,21.95
2023-06-15,13.55,3.48,28.73,21.35
2023-06-16,0.48,4.81,31.0,21.7
2023-06-17,3.3,4.82,30.9,22.3
2023-06-18,8.6,4.29,30.6,22.62
2023-06-19,2.3,3.61,29.6,22.43
2023-06-20,5.95,3.96,30.35,22.52
2023-06-21,3.77,4.26,29.45,21.58
2023-06-22,0.9,4.04,29.1,22.43
2023-06-23,0.38,4.42,31.48,22.4
2023-06-24,6.65,3.23,28.43,23.05
2023-06-25,15.22,2.08,26.35,22.55
2023-06-26,29.15,3.13,27.75,21.98
2023-06-27,9.75,4.15,30.23,21.62
2023-06-28,4.33,4.26,30.68,22.18
2023-06-29,4.88,4.0,30.6,22.57
2023-06-30,11.03,3.96,31.38,23.38
2023-07-01,9.62,4.69,31.18,23.3
2023-07-02,21.47,4.09,29.8,22.88
2023-07-03,5.5,3.5,28.52,22.8
2023-07-04,9.07,4.25,28.88,21.7
2023-07-05,8.1,3.71,29.15,22.27
2023-07-06,7.25,4.38,29.65,21.5
2023-07-07,3.48,5.06,31.9,22.02
2023-07-08,7.65,5.09,32.15,22.55
2023-07-09,4.17,3.25,29.2,22.25
2023-07-10,14.03,3.58,29.45,21.95
2023-07-11,5.72,4.55,29.18,21.6
2023-07-12,6.9,3.51,28.5,21.5
2023-07-13,7.38,3.87,29.43,21.65
2023-07-14,3.3,5.17,32.02,21.73
2023-07-15,11.05,3.84,31.48,22.45
2023-07-16,6.88,3.93,29.55,22.85
2023-07-17,7.58,3.99,31.15,22.2
2023-07-18,2.65,5.3,33.45,22.7
2023-07-19,5.5,4.45,31.18,22.07
2023-07-20,8.4,4.26,29.9,22.55
2023-07-21,5.68,4.5,30.0,21.9
2023-07-22,11.5,4.81,32.05,21.8
2023-07-23,4.65,5.24,32.35,22.05
2023-07-24,4.8,4.95,30.75,22.15
2023-07-25,1.8,4.43,30.4,22.07
2023-07-26,2.12,4.87,31.43,22.5
2023-07-27,0.75,5.09,33.6,22.35
2023-07-28,0.92,4.55,31.82,22.48
2023-07-29,10.45,2.79,29.2,23.48
2023-07-30,20.25,3.17,28.68,22.77
2023-07-31,22.18,1.56,25.55,22.07
2023-08-01,17.83,2.5,27.45,22.38
2023-08-02,17.02,2.59,27.02,22.1
2023-08-03,9.67,3.48,29.2,22.3
2023-08-04,10.55,2.5,28.3,22.6
2023-08-05,12.88,1.33,25.45,22.3
2023-08-06,12.97,1.44,25.3,22.18
2023-08-07,24.6,1.66,25.65,21.75
2023-08-08,19.27,1.18,23.98,21.12
2023-08-09,3.3,2.59,26.93,21.2
2023-08-10,4.88,4.08,29.32,21.38
2023-08-11,1.65,4.42,30.12,21.23
2023-08-12,5.88,4.21,29.57,21.27
2023-08-13,8.8,4.26,30.77,21.3
2023-08-14,11.18,4.43,30.62,22.17
2023-08-15,14.75,3.2,28.8,22.2
2023-08-16,2.9,3.61,29.45,21.52
2023-08-17,3.6,4.07,29.0,21.7
2023-08-18,0.95,4.78,31.12,21.27
2023-08-19,0.7,4.47,31.3,22.45
2023-08-20,1.38,3.82,31.15,22.38
2023-08-21,7.58,3.68,29.02,22.27
2023-08-22,7.08,4.28,29.88,21.7
2023-08-23,8.32,3.66,29.3,21.82
2023-08-24,10.28,4.27,29.9,22.05
2023-08-25,6.6,3.92,29.38,21.73
2023-08-26,9.07,3.62,29.25,22.15
2023-08-27,5.65,3.76,29.15,22.02
2023-08-28,7.12,4.43,30.38,21.75
2023-08-29,10.82,3.85,30.05,22.32
2023-08-30,11.2,3.29,28.48,21.93
2023-08-31,14.42,4.08,29.35,21.43
2023-09-01,5.45,4.52,30.67,22.15
2023-09-02,25.32,3.31,29.7,22.27
2023-09-03,1.92,4.89,31.35,21.8
2023-09-04,15.55,4.55,30.82,22.38
2023-09-05,29.7,2.96,27.93,21.9
2023-09-06,19.2,2.44,26.88,21.6
2023-09-07,11.4,3.65,29.1,21.85
2023-09-08,7.88,4.32,30.55,21.35
2023-09-09,29.68,3.77,30.15,22.07
2023-09-10,12.88,2.68,27.7,22.07
2023-09-11,11.2,3.16,28.35,21.55
2023-09-12,23.12,3.49,28.43,21.22
2023-09-13,13.4,2.82,27.27,21.4
2023-09-14,11.35,3.2,28.23,20.85
2023-09-15,9.75,3.85,28.82,21.62
2023-09-16,38.62,3.1,28.0,21.6
2023-09-17,18.95,2.91,26.73,21.62
2023-09-18,20.3,2.98,27.75,21.05
2023-09-19,12.45,3.09,27.6,21.55
2023-09-20,13.8,3.63,28.57,21.23
2023-09-21,3.12,4.02,29.32,21.35
2023-09-22,3.5,4.28,30.18,21.52
2023-09-23,5.03,4.67,30.77,21.43
2023-09-24,1.1,4.48,30.98,22.0
2023-09-25,3.1,4.17,30.43,22.07
2023-09-26,2.27,3.86,30.62,21.4
2023-09-27,10.4,3.65,28.65,21.98
2023-09-28,52.3,2.41,26.57,21.77
2023-09-29,31.32,1.65,25.3,21.48
2023-09-30,21.1,2.71,27.27,21.7
2023-10-01,3.93,3.29,27.88,20.75
2023-10-02,3.2,3.9,29.4,21.5
2023-10-03,0.15,4.41,30.55,21.27
2023-10-04,5.3,4.42,31.12,22.05
2023-10-05,6.8,4.16,30.43,22.0
2023-10-06,11.68,4.07,30.32,22.25
2023-10-07,21.23,2.43,26.65,21.73
2023-10-08,23.82,2.87,27.33,20.82
2023-10-09,24.48,1.75,24.45,20.95
2023-10-10,24.45,2.88,27.4,21.15
2023-10-11,4.28,3.47,28.5,19.48
2023-10-12,15.55,3.7,28.1,20.18
2023-10-13,13.15,3.42,28.35,20.55
2023-10-14,18.95,3.35,27.98,20.75
2023-10-15,6.1,3.33,27.57,20.43
2023-10-16,4.25,2.93,27.45,20.2
2023-10-17,3.78,3.59,28.32,20.1
2023-10-18,3.98,4.12,29.52,20.73
2023-10-19,1.8,3.75,29.57,20.75
2023-10-20,3.0,3.43,29.07,21.02
2023-10-21,6.43,3.3,28.18,20.57
2023-10-22,13.43,3.4,27.65,19.77
2023-10-23,4.42,3.72,28.32,19.4
2023-10-24,1.35,3.73,28.77,20.2
2023-10-25,2.5,3.59,28.5,20.82
2023-10-26,1.88,3.47,29.05,21.18
2023-10-27,8.03,3.46,28.75,21.07
2023-10-28,9.1,3.14,27.32,20.75
2023-10-29,3.92,3.14,27.85,20.35
2023-10-30,25.02,2.9,27.25,20.23
2023-10-31,4.17,2.61,26.27,20.2
2023-11-01,2.72,3.35,27.9,19.6
2023-11-02,1.0,3.55,28.7,20.38
2023-11-03,2.75,3.64,29.15,20.32
2023-11-04,3.42,3.17,28.65,20.18
2023-11-05,4.32,3.38,29.18,20.68
2023-11-06,1.15,3.7,29.35,20.48
2023-11-07,8.88,3.49,28.75,19.65
2023-11-08,1.73,3.27,28.35,19.38
2023-11-09,0.18,3.28,28.68,20.43
2023-11-10,0.35,3.65,29.45,20.52
2023-11-11,0.53,3.78,29.8,20.58
2023-11-12,1.18,3.31,29.57,20.48
2023-11-13,6.53,3.05,28.23,20.38
2023-11-14,1.45,3.29,27.95,19.77
2023-11-15,1.43,3.33,28.3,19.45
2023-11-16,5.55,3.15,28.6,19.38
2023-11-17,6.72,3.22,24.12,16.82
2023-11-18,0.0,3.35,25.2,15.02
2023-11-19,0.0,3.52,25.15,15.65
2023-11-20,0.0,3.58,26.27,15.03
2023-11-21,0.0,3.5,26.75,16.07
2023-11-22,0.0,3.37,27.3,16.52
2023-11-23,0.68,3.2,27.25,17.93
2023-11-24,0.6,3.2,26.77,16.75
2023-11-25,0.82,3.23,26.55,16.98
2023-11-26,0.03,3.59,27.52,16.6
2023-11-27,0.0,3.56,27.55,16.07
2023-11-28,0.0,3.62,26.62,15.0
2023-11-29,0.0,3.49,26.5,14.95
2023-11-30,0.0,3.03,27.15,16.82
2023-12-01,0.3,3.15,28.27,17.1
2023-12-02,1.4,2.98,28.12,18.4
2023-12-03,6.47,3.02,27.55,18.12
2023-12-04,0.55,3.11,28.5,18.8
2023-12-05,1.23,3.23,28.35,19.3
2023-12-06,0.12,2.88,28.57,19.43
2023-12-07,10.07,2.77,27.0,19.45
2023-12-08,7.82,2.83,27.15,19.82
2023-12-09,2.5,2.88,28.07,19.32
2023-12-10,0.85,3.14,28.48,19.32
2023-12-11,0.15,3.24,29.18,19.77
2023-12-12,0.78,3.28,28.6,19.75
2023-12-13,0.42,3.28,28.05,18.6
2023-12-14,0.15,3.3,27.95,18.27
2023-12-15,0.0,3.33,28.65,18.12
2023-12-16,0.0,3.42,28.28,17.68
2023-12-17,0.0,3.29,27.8,17.1
2023-12-18,0.03,3.29,27.68,16.65
2023-12-19,0.03,3.13,27.68,16.65
2023-12-20,0.0,3.29,27.68,16.3
2023-12-21,0.6,2.98,26.38,15.7
2023-12-22,6.77,1.96,22.52,17.02
2023-12-23,0.0,3.2,22.77,12.92
2023-12-24,0.0,3.27,22.98,11.43
2023-12-25,0.0,3.04,22.95,11.72
2023-12-26,0.0,3.1,24.32,12.43
2023-12-27,0.0,3.13,25.57,13.43
2023-12-28,0.0,3.14,26.27,14.3
2023-12-29,0.0,3.06,26.55,15.25
2023-12-30,0.0,3.2,27.0,15.12
2023-12-31,0.0,3.44,27.23,14.95
2024-01-01,0.0,3.49,27.28,14.55
2024-01-02,0.0,3.35,27.23,14.98
2024-01-03,0.0,3.37,27.15,14.7
2024-01-04,0.17,3.25,26.32,15.2
2024-01-05,0.0,3.25,26.95,15.22
2024-01-06,0.25,2.35,25.93,17.4
2024-01-07,0.45,3.04,27.23,16.85
2024-01-08,0.0,3.31,27.98,16.73
2024-01-09,0.0,3.42,28.35,16.73
2024-01-10,0.0,3.66,28.43,16.68
2024-01-11,0.0,3.69,28.62,15.62
2024-01-12,0.0,3.59,28.27,15.62
2024-01-13,0.0,3.71,28.1,15.55
2024-01-14,1.4,3.25,26.93,15.47
2024-01-15,6.78,2.74,25.35,17.18
2024-01-16,5.97,2.77,24.77,15.68
2024-01-17,2.77,2.95,25.5,15.85
2024-01-18,0.1,3.51,27.47,15.77
2024-01-19,0.0,3.71,27.3,14.8
2024-01-20,0.0,3.76,27.35,13.68
2024-01-21,0.0,3.82,26.32,13.55
2024-01-22,0.0,3.66,27.2,13.53
2024-01-23,0.0,3.63,27.1,14.5
2024-01-24,0.9,3.27,25.73,15.97
2024-01-25,0.9,3.08,25.25,15.12
2024-01-26,0.38,2.38,23.9,15.65
2024-01-27,0.12,2.69,25.12,15.02
2024-01-28,7.45,2.65,24.3,16.48
2024-01-29,5.33,2.9,26.1,17.38
2024-01-30,1.1,3.21,26.48,18.6
2024-01-31,0.1,3.32,27.05,17.9
2024-02-01,0.0,3.91,27.98,14.68
2024-02-02,0.0,3.95,28.82,13.93
2024-02-03,0.0,4.09,29.32,14.07
2024-02-04,0.0,4.14,28.95,13.78
2024-02-05,0.0,4.08,29.1,14.22
2024-02-06,0.0,4.13,29.77,14.68
2024-02-07,0.0,4.17,30.35,15.03
2024-02-08,0.0,4.33,30.7,15.8
2024-02-09,0.0,4.43,31.0,16.05
2024-02-10,2.77,3.84,28.82,16.85
2024-02-11,1.6,2.83,25.68,17.8
2024-02-12,0.03,3.64,27.7,14.85
2024-02-13,0.0,4.13,29.57,15.95
2024-02-14,0.0,4.33,30.8,16.4
2024-02-15,0.0,4.28,31.23,16.45
2024-02-16,0.0,4.28,30.97,16.48
2024-02-17,0.0,4.5,31.48,16.85
2024-02-18,0.0,4.63,30.3,14.68
2024-02-19,0.0,4.54,30.95,14.5
2024-02-20,0.0,4.74,31.45,15.18
2024-02-21,0.0,4.37,29.73,14.5
2024-02-22,0.0,4.6,30.4,14.93
2024-02-23,0.0,4.72,31.25,15.85
2024-02-24,0.0,4.58,31.98,15.3
2024-02-25,0.0,4.56,32.75,17.2
2024-02-26,0.0,4.55,32.67,16.75
2024-02-27,0.0,4.41,31.62,18.68
2024-02-28,0.0,4.66,32.6,19.6
2024-02-29,0.0,4.51,33.38,17.7
2024-03-01,0.0,4.64,33.0,18.32
2024-03-02,0.0,4.85,33.17,17.47
2024-03-03,0.0,4.46,33.35,18.25
2024-03-04,0.0,4.81,34.25,17.27
2024-03-05,0.0,4.78,34.5,17.52
2024-03-06,0.0,4.9,33.38,17.75
2024-03-07,0.0,4.76,34.02,18.18
2024-03-08,0.0,4.81,34.67,19.75
2024-03-09,0.0,4.91,34.83,18.93
2024-03-10,0.0,4.68,33.67,18.5
2024-03-11,0.0,4.95,33.98,18.88
2024-03-12,0.0,5.31,34.25,18.47
2024-03-13,0.0,4.97,33.12,18.48
2024-03-14,0.0,4.62,33.42,17.52
2024-03-15,0.0,4.76,34.23,18.15
2024-03-16,0.0,4.54,34.98,18.9
2024-03-17,0.0,4.86,35.42,19.82
2024-03-18,0.0,4.48,35.0,20.27
2024-03-19,0.05,4.67,33.98,20.55
2024-03-20,2.82,3.08,29.23,20.18
2024-03-21,0.25,3.61,29.62,19.15
2024-03-22,0.8,4.26,31.25,18.88
2024-03-23,0.03,4.96,33.42,17.95
2024-03-24,0.0,4.97,33.77,17.07
2024-03-25,0.0,5.08,33.58,18.03
2024-03-26,0.0,5.17,34.9,18.7
2024-03-27,0.0,5.08,34.25,20.95
2024-03-28,0.0,4.94,34.65,19.3
2024-03-29,0.0,5.42,34.48,19.93
2024-03-30,0.0,5.24,35.4,19.85
2024-03-31,0.0,5.39,36.88,20.17
2024-04-01,0.0,5.25,36.23,20.15
2024-04-02,0.0,5.63,36.67,20.17
2024-04-03,0.0,5.58,37.33,20.73
2024-04-04,0.0,5.12,37.55,21.32
2024-04-05,0.0,5.51,38.6,21.67
2024-04-06,0.0,5.45,37.98,22.85
2024-04-07,0.0,5.38,38.48,23.27
2024-04-08,0.0,5.13,38.15,22.95
2024-04-09,0.0,5.23,38.02,23.7
2024-04-10,0.75,4.4,33.98,22.9
2024-04-11,0.35,4.83,35.0,22.07
2024-04-12,1.57,4.58,35.45,22.02
2024-04-13,0.22,4.9,36.2,20.4
2024-04-14,3.62,4.95,36.58,21.2
2024-04-15,6.75,4.48,35.62,20.43
2024-04-16,0.12,5.11,35.4,21.02
2024-04-17,0.0,5.57,36.02,22.48
2024-04-18,0.15,5.22,35.75,22.2
2024-04-19,0.1,5.17,35.12,21.6
2024-04-20,0.0,5.66,36.08,21.8
2024-04-21,0.0,5.34,37.73,21.38
2024-04-22,0.0,5.74,39.1,22.7
2024-04-23,0.0,5.62,37.67,22.45
2024-04-24,0.25,5.34,36.6,24.2
2024-04-25,0.25,5.16,36.02,23.55
2024-04-26,0.03,5.44,37.1,22.73
2024-04-27,0.0,5.49,37.45,22.7
2024-04-28,0.03,5.72,37.88,22.82
2024-04-29,0.05,6.04,38.83,23.48
2024-04-30,0.0,6.25,38.02,23.73
2024-05-01,0.0,5.98,39.47,23.07
2024-05-02,0.03,6.36,38.73,24.32
2024-05-03,1.82,4.83,34.2,24.38
2024-05-04,0.38,5.14,35.85,22.32
2024-05-05,0.05,5.76,35.05,23.15
2024-05-06,0.0,5.52,35.45,23.4
2024-05-07,2.1,5.13,34.52,21.62
2024-05-08,3.12,4.47,33.25,21.75
2024-05-09,0.2,5.71,35.52,21.38
2024-05-10,17.48,4.86,33.08,22.1
2024-05-11,13.8,5.05,33.2,21.38
2024-05-12,2.62,5.13,34.58,21.93
2024-05-13,0.42,5.33,33.65,22.48
2024-05-14,4.97,5.08,34.25,22.93
2024-05-15,3.05,4.12,31.6,23.57
2024-05-16,1.15,5.06,34.75,24.5
2024-05-17,11.07,4.47,33.38,23.1
2024-05-18,4.33,4.64,33.88,23.15
2024-05-19,3.85,4.6,33.92,23.27
2024-05-20,10.78,4.79,34.38,23.98
2024-05-21,26.28,3.6,30.95,22.52
2024-05-22,20.45,4.32,30.77,21.95
2024-05-23,28.68,3.65,28.2,21.7
2024-05-24,40.8,2.5,28.07,21.98
2024-05-25,39.02,2.08,26.98,22.07
2024-05-26,19.73,2.28,26.88,22.12
2024-05-27,14.97,2.84,28.32,22.5
2024-05-28,7.33,4.43,30.42,22.43
2024-05-29,5.58,4.49,31.0,23.0
2024-05-30,2.52,5.1,32.88,22.95
2024-05-31,2.27,4.89,32.65,22.93
2024-06-01,18.18,2.65,28.65,23.23
2024-06-02,17.27,3.37,29.3,22.85
2024-06-03,18.43,3.31,29.1,22.2
2024-06-04,1.73,3.79,30.42,22.35
2024-06-05,2.2,4.54,31.05,23.35
2024-06-06,16.62,4.1,29.55,22.57
2024-06-07,18.2,4.15,29.42,22.27
2024-06-08,8.22,3.96,29.57,22.38
2024-06-09,4.85,3.52,30.25,22.5
2024-06-10,23.77,3.33,28.07,22.82
2024-06-11,17.93,2.96,28.12,22.62
2024-06-12,6.12,3.72,28.43,22.4
2024-06-13,2.75,2.42,27.12,22.12
2024-06-14,5.62,2.93,28.23,22.93
2024-06-15,3.95,4.47,29.8,22.15
2024-06-16,3.95,4.49,30.8,22.3
2024-06-17,8.03,4.35,29.7,22.7
2024-06-18,10.2,4.46,29.85,22.38
2024-06-19,3.98,4.58,30.5,21.93
2024-06-20,2.23,4.86,30.75,22.02
2024-06-21,3.7,4.88,31.55,22.6
2024-06-22,1.62,4.91,31.93,22.73
2024-06-23,12.9,3.9,30.35,23.48
2024-06-24,13.5,3.44,29.0,23.38
2024-06-25,12.0,3.18,29.7,22.62
2024-06-26,23.23,2.67,27.77,22.43
2024-06-27,12.95,4.36,29.98,21.82
2024-06-28,5.12,4.69,30.8,22.38
2024-06-29,18.8,4.97,31.07,22.57
2024-06-30,10.2,3.31,28.18,22.5
2024-07-01,0.67,3.38,28.7,22.4
2024-07-02,8.1,4.36,29.68,21.55
2024-07-03,4.97,4.64,30.32,22.15
2024-07-04,11.48,3.6,28.5,22.73
2024-07-05,7.15,3.9,29.05,21.98
2024-07-06,5.58,3.93,29.23,21.88
2024-07-07,19.6,4.65,30.25,21.45
2024-07-08,12.88,4.22,29.57,22.05
2024-07-09,6.58,4.83,30.68,22.2
2024-07-10,7.67,4.17,30.27,22.5
2024-07-11,14.15,3.5,28.95,22.55
2024-07-12,9.12,4.33,29.5,21.95
2024-07-13,4.42,4.62,30.95,22.43
2024-07-14,18.05,4.55,30.35,22.23
2024-07-15,9.4,3.77,29.77,22.45
2024-07-16,13.98,4.38,30.4,22.32
2024-07-17,17.02,4.09,29.23,22.23
2024-07-18,12.3,3.38,28.5,22.8
2024-07-19,12.65,3.62,28.8,22.35
2024-07-20,15.57,3.35,28.88,22.55
2024-07-21,5.75,2.8,27.98,22.6
2024-07-22,18.35,2.79,26.77,22.4
2024-07-23,2.5,4.28,29.85,22.35
2024-07-24,8.28,3.84,29.02,21.7
2024-07-25,7.85,3.24,29.0,22.12
2024-07-26,18.43,3.33,28.2,22.12
2024-07-27,13.7,3.65,29.05,22.0
2024-07-28,20.32,3.5,28.3,21.9
2024-07-29,12.47,3.28,28.05,21.62
2024-07-30,15.85,1.27,24.4,22.0
2024-07-31,24.8,0.97,23.48,21.8
2024-08-01,51.38,1.15,23.88,21.65
2024-08-02,22.0,1.86,25.8,21.4
2024-08-03,12.4,2.41,27.4,21.68
2024-08-04,10.08,3.99,29.27,21.62
2024-08-05,13.75,3.79,29.27,21.65
2024-08-06,11.55,3.02,27.52,21.55
2024-08-07,12.8,4.55,29.93,21.62
2024-08-08,3.62,4.3,29.6,21.77
2024-08-09,0.8,5.3,32.23,21.8
2024-08-10,2.52,4.75,30.88,21.55
2024-08-11,5.72,4.18,30.38,22.57
2024-08-12,7.72,2.2,27.18,22.93
2024-08-13,29.4,2.38,26.67,22.55
2024-08-14,16.2,3.53,29.2,21.9
2024-08-15,8.55,3.49,28.57,21.35
2024-08-16,18.52,3.55,29.7,22.23
2024-08-17,11.72,4.18,30.25,22.12
2024-08-18,5.57,3.4,28.95,22.15
2024-08-19,15.97,3.55,29.18,22.52
2024-08-20,6.8,2.61,28.4,22.4
2024-08-21,10.68,1.8,26.8,22.48
2024-08-22,9.15,2.74,27.12,22.38
2024-08-23,12.6,2.54,27.35,21.77
2024-08-24,17.68,2.71,27.23,20.55
2024-08-25,4.4,3.69,29.05,21.6
2024-08-26,4.73,4.3,30.3,21.77
2024-08-27,28.23,2.15,25.98,22.1
2024-08-28,10.55,3.38,27.6,21.9
2024-08-29,11.43,3.4,28.43,21.4
2024-08-30,1.57,4.38,29.57,21.95
2024-08-31,9.35,4.16,30.07,21.88
2024-09-01,4.03,4.22,29.85,21.55
2024-09-02,1.38,3.92,29.48,22.02
2024-09-03,2.3,4.35,30.77,22.15
2024-09-04,0.2,5.12,31.15,21.77
2024-09-05,1.92,4.46,31.0,22.85
2024-09-06,0.75,4.75,30.52,22.02
2024-09-07,0.17,4.78,31.45,22.07
2024-09-08,1.62,3.3,30.2,22.05
2024-09-09,14.93,1.78,27.77,22.77
2024-09-10,51.83,0.66,23.35,21.93
2024-09-11,13.32,2.03,26.52,21.62
2024-09-12,1.75,3.12,28.65,20.73
2024-09-13,4.62,3.96,28.88,20.8
2024-09-14,1.85,4.34,30.22,21.8
2024-09-15,3.33,4.51,30.45,21.52
2024-09-16,1.65,4.31,30.55,21.43
2024-09-17,4.58,4.71,31.7,22.22
2024-09-18,2.0,4.4,31.52,22.4
2024-09-19,0.7,4.81,32.33,22.15
2024-09-20,0.75,2.83,29.35,21.6
2024-09-21,26.02,2.84,28.52,23.07
2024-09-22,25.45,3.01,28.6,21.83
2024-09-23,59.22,1.39,24.57,21.82
2024-09-24,40.4,2.64,27.3,21.62
2024-09-25,28.02,2.85,27.12,21.1
2024-09-26,9.8,3.16,26.93,20.97
2024-09-27,8.75,3.93,29.23,21.15
2024-09-28,0.82,4.44,30.73,21.75
2024-09-29,5.67,3.72,30.0,22.05
2024-09-30,2.6,3.48,29.7,22.62
2024-10-01,34.1,1.78,26.6,22.3
2024-10-02,20.98,2.66,27.15,21.2
2024-10-03,61.23,2.17,25.38,20.95
2024-10-04,17.98,2.65,26.4,21.05
2024-10-05,4.33,3.83,28.65,19.95
2024-10-06,2.12,4.11,29.15,20.2
2024-10-07,1.5,4.07,29.25,21.48
2024-10-08,1.02,4.09,29.0,20.27
2024-10-09,0.82,3.94,28.2,21.1
2024-10-10,10.05,3.67,28.35,20.7
2024-10-11,2.55,3.87,28.85,20.15
2024-10-12,0.43,4.08,29.23,21.07
2024-10-13,1.68,3.96,29.38,21.07
2024-10-14,2.5,3.61,29.3,21.43
2024-10-15,2.8,3.67,29.52,21.35
2024-10-16,3.15,3.83,29.65,21.38
2024-10-17,7.38,3.28,28.12,20.8
2024-10-18,4.45,3.92,29.52,20.55
2024-10-19,3.05,3.62,29.3,21.55
2024-10-20,12.72,2.84,27.93,21.4
2024-10-21,5.53,3.18,28.48,20.57
2024-10-22,4.15,3.48,29.2,20.1
2024-10-23,3.67,3.58,28.62,20.07
2024-10-24,0.0,4.05,29.15,19.55
2024-10-25,0.0,4.1,30.2,20.23
2024-10-26,0.0,4.22,31.35,20.8
2024-10-27,0.38,4.1,31.43,21.77
2024-10-28,0.05,4.34,30.15,20.7
2024-10-29,0.05,4.12,29.65,19.65
2024-10-30,0.0,3.91,29.73,19.85
2024-10-31,0.17,3.92,30.3,19.95
2024-11-01,0.15,3.98,30.77,20.48
2024-11-02,6.58,3.02,29.35,20.15
2024-11-03,0.0,4.04,29.12,18.07
2024-11-04,0.0,3.83,28.82,16.52
2024-11-05,0.55,3.45,28.1,18.98
2024-11-06,17.62,2.73,26.43,19.05
2024-11-07,19.38,1.21,22.35,19.25
2024-11-08,11.35,1.61,22.65,18.38
2024-11-09,0.55,2.44,25.32,17.55
2024-11-10,0.28,3.56,27.8,17.57
2024-11-11,0.0,3.75,28.18,18.1
2024-11-12,0.0,3.63,28.25,18.4
2024-11-13,0.0,3.57,28.77,19.7
2024-11-14,0.12,3.58,29.6,19.98
2024-11-15,0.0,3.93,29.85,18.88
2024-11-16,0.0,3.88,29.17,17.27
2024-11-17,0.0,3.8,29.48,17.55
2024-11-18,0.95,2.98,27.88,19.1
2024-11-19,0.33,3.34,27.7,17.07
2024-11-20,0.33,3.17,26.93,17.68
2024-11-21,0.7,3.21,27.0,17.27
2024-11-22,0.85,3.23,26.88,17.2
2024-11-23,0.8,3.2,26.8,17.05
2024-11-24,0.62,3.17,26.95,17.85
2024-11-25,0.3,3.19,27.72,17.68
2024-11-26,0.28,2.96,27.38,18.1
2024-11-27,7.62,2.48,26.3,18.23
2024-11-28,3.32,2.52,25.68,19.0
2024-11-29,0.75,2.03,24.23,18.12
2024-11-30,0.0,3.12,26.1,16.32
2024-12-01,0.0,3.12,27.23,16.7
2024-12-02,0.0,3.38,28.43,17.75
2024-12-03,0.0,3.33,28.93,18.88
2024-12-04,0.28,3.27,28.88,19.52
2024-12-05,1.47,3.05,28.02,19.82
2024-12-06,0.83,3.11,27.45,19.0
2024-12-07,1.1,3.11,27.35,18.52
2024-12-08,1.6,3.02,27.38,18.88
2024-12-09,1.05,2.94,26.98,18.57
2024-12-10,0.33,3.03,27.52,18.7
2024-12-11,0.0,3.35,28.38,17.62
2024-12-12,0.0,3.41,27.68,16.55
2024-12-13,0.5,3.2,28.07,16.88
2024-12-14,4.22,2.3,26.5,17.95
2024-12-15,4.62,1.9,24.4,18.25
2024-12-16,0.0,1.93,22.8,15.38
2024-12-17,0.0,2.82,25.45,13.95
2024-12-18,0.4,2.88,25.6,15.8
2024-12-19,0.75,2.7,24.4,16.45
2024-12-20,0.03,2.85,24.98,15.45
2024-12-21,0.0,2.84,24.7,15.82
2024-12-22,0.12,2.44,23.75,14.7
2024-12-23,0.0,2.78,24.65,14.12
2024-12-24,0.0,3.0,25.2,13.97
2024-12-25,0.0,3.23,25.12,13.27
2024-12-26,0.0,3.31,26.08,13.18
2024-12-27,0.0,3.41,27.18,13.65
2024-12-28,0.0,3.25,26.62,14.28
2024-12-29,0.0,3.13,25.95,14.35
2024-12-30,0.03,3.0,26.15,15.47
2024-12-31,0.42,2.99,25.7,15.82
2025-01-01,0.1,2.94,25.93,15.35
2025-01-02,0.0,3.13,26.17,14.85
2025-01-03,0.0,3.08,26.27,14.72
2025-01-04,0.0,2.92,25.1,13.62
2025-01-05,0.0,3.04,24.65,13.1
2025-01-06,0.0,3.25,24.35,12.55
2025-01-07,0.0,3.22,24.65,13.03
2025-01-08,0.0,3.23,24.75,13.0
2025-01-09,0.03,3.1,25.38,14.0
2025-01-10,0.0,2.93,25.48,14.55
2025-01-11,0.0,3.08,24.55,13.03
2025-01-12,0.0,3.29,21.52,10.55
2025-01-13,0.0,3.3,22.8,9.28
2025-01-14,0.0,3.36,23.95,10.72
2025-01-15,0.0,3.56,24.68,10.47
2025-01-16,0.0,3.5,24.77,11.25
2025-01-17,0.0,3.47,25.18,11.62
2025-01-18,0.0,3.54,26.27,13.05
2025-01-19,0.0,3.64,26.25,13.8
2025-01-20,0.0,3.62,26.52,13.98
2025-01-21,0.0,3.65,26.4,14.5
2025-01-22,0.0,3.69,27.32,14.15
2025-01-23,0.0,3.73,28.02,14.25
2025-01-24,0.0,3.81,28.27,14.53
2025-01-25,0.0,3.73,28.02,13.88
2025-01-26,0.0,3.82,28.15,15.05
2025-01-27,1.77,1.42,18.32,14.2
2025-01-28,0.0,2.73,23.55,13.6
2025-01-29,0.0,2.71,23.6,15.0
2025-01-30,0.0,3.47,25.65,14.35
2025-01-31,0.0,3.65,27.67,14.45
2025-02-01,0.0,3.9,28.48,14.75
2025-02-02,0.0,3.85,28.75,14.4
2025-02-03,0.0,4.01,29.6,15.25
2025-02-04,0.0,3.79,27.5,15.5
2025-02-05,0.0,3.69,27.48,16.25
2025-02-06,0.0,4.01,28.18,15.55
2025-02-07,0.0,4.02,29.02,16.38
2025-02-08,0.5,3.7,27.62,17.27
2025-02-09,0.2,3.55,26.88,17.88
2025-02-10,0.0,3.81,27.75,16.65
2025-02-11,0.0,4.05,28.7,16.5
2025-02-12,0.0,4.25,29.77,16.25
2025-02-13,0.0,4.43,29.75,16.23
2025-02-14,0.0,4.42,29.73,15.12
2025-02-15,0.0,4.33,29.35,14.45
2025-02-16,0.0,4.53,29.95,15.07
2025-02-17,0.0,4.4,30.55,15.8
2025-02-18,0.0,4.32,30.55,16.15
2025-02-19,0.0,4.2,29.75,16.55
2025-02-20,0.1,3.99,29.12,17.48
2025-02-21,0.0,4.08,29.85,17.23
2025-02-22,0.0,3.9,29.93,17.2
2025-02-23,1.27,3.61,29.15,17.02
2025-02-24,34.3,2.45,24.95,17.4
2025-02-25,4.5,2.2,24.95,18.18
2025-02-26,0.95,3.15,27.57,17.8
2025-02-27,0.0,4.07,30.1,17.12
2025-02-28,0.0,4.25,31.4,17.7
2025-03-01,0.0,4.42,33.05,17.85
2025-03-02,0.0,4.43,32.73,16.95
2025-03-03,0.0,4.63,33.05,16.82
2025-03-04,0.0,4.63,32.77,16.65
2025-03-05,0.0,4.64,31.58,16.72
2025-03-06,0.0,4.69,31.58,17.25
2025-03-07,0.0,4.74,30.98,17.12
2025-03-08,1.07,3.8,28.83,19.8
2025-03-09,1.0,3.8,29.48,18.07
2025-03-10,0.0,4.0,31.07,18.52
2025-03-11,0.0,4.33,32.27,20.1
2025-03-12,0.0,4.45,32.52,18.73
2025-03-13,0.0,4.54,32.85,19.12
2025-03-14,0.0,4.74,33.42,19.05
2025-03-15,0.0,4.63,34.02,18.68
2025-03-16,0.0,4.71,34.3,18.62
2025-03-17,0.0,4.59,33.0,19.77
2025-03-18,0.33,4.54,32.42,20.9
2025-03-19,10.55,2.3,25.73,17.52
2025-03-20,0.0,3.61,27.38,15.22
2025-03-21,0.0,4.08,29.2,16.18
2025-03-22,0.0,4.25,30.32,18.23
2025-03-23,0.0,4.4,31.62,19.4
2025-03-24,0.0,4.43,32.77,19.48
2025-03-25,0.0,4.62,32.25,19.15
2025-03-26,0.0,4.67,32.6,18.7
2025-03-27,0.0,5.05,32.4,18.1
2025-03-28,0.0,4.88,32.5,18.27
2025-03-29,0.0,5.06,33.12,18.88
2025-03-30,0.0,4.88,32.97,20.15
2025-03-31,0.03,4.9,32.62,21.68
2025-04-01,0.47,4.89,32.23,21.55
2025-04-02,0.03,4.71,32.73,20.68
2025-04-03,0.0,5.03,33.42,21.93
2025-04-04,0.12,4.92,33.8,21.77
2025-04-05,1.07,4.63,33.08,21.6
2025-04-06,1.15,3.65,32.85,21.52
2025-04-07,0.4,3.52,31.28,19.75
2025-04-08,0.05,4.29,33.02,20.85
2025-04-09,0.0,4.6,33.48,21.25
2025-04-10,0.2,4.57,33.52,22.15
2025-04-11,0.45,4.48,32.8,20.77
2025-04-12,1.23,3.44,31.15,21.8
2025-04-13,18.62,2.88,29.18,22.02
2025-04-14,4.08,2.7,28.5,21.25
2025-04-15,0.73,3.69,30.05,19.68
2025-04-16,0.78,4.04,31.85,21.07
2025-04-17,0.12,5.03,33.42,21.27
2025-04-18,6.55,4.13,31.95,20.82
2025-04-19,0.43,4.94,31.85,20.98
2025-04-20,0.0,5.4,32.48,21.6
2025-04-21,0.0,5.35,32.98,21.2
2025-04-22,0.33,5.18,34.27,22.25
2025-04-23,0.03,5.28,34.25,21.93
2025-04-24,0.0,5.54,34.6,21.85
2025-04-25,0.0,5.43,34.8,21.95
2025-04-26,0.25,5.31,34.23,22.77
2025-04-27,1.0,5.2,34.9,23.12
2025-04-28,0.0,4.06,31.75,22.4
2025-04-29,2.27,3.73,29.3,20.85
2025-04-30,9.2,4.21,30.95,20.27
2025-05-01,7.58,4.52,30.4,20.5
2025-05-02,3.17,4.62,30.95,20.0
2025-05-03,16.95,4.63,30.62,21.23
2025-05-04,2.25,4.42,30.2,20.35
2025-05-05,0.15,5.32,32.55,21.02
2025-05-06,0.05,5.53,33.73,21.57
2025-05-07,0.03,5.87,33.8,21.83
2025-05-08,1.3,4.95,33.98,22.48
2025-05-09,0.3,5.34,33.88,22.12
2025-05-10,4.85,4.47,33.17,22.62
2025-05-11,15.0,4.66,32.98,21.88
2025-05-12,4.12,4.37,30.1,21.4
2025-05-13,3.82,4.52,31.3,20.48
2025-05-14,5.53,4.32,30.05,21.38
2025-05-15,4.7,3.7,29.5,21.93
2025-05-16,8.22,3.02,28.57,21.75
2025-05-17,12.1,3.88,30.35,21.68
2025-05-18,12.22,4.58,31.78,21.98
2025-05-19,18.25,4.51,31.07,22.07
2025-05-20,1.95,4.66,31.12,22.48
2025-05-21,3.65,4.51,31.4,22.2
2025-05-22,15.5,4.49,32.12,22.98
2025-05-23,13.65,4.34,31.45,22.48
2025-05-24,8.3,3.75,30.18,22.77
2025-05-25,23.73,3.56,29.32,22.0
2025-05-26,14.65,2.86,27.4,21.55
2025-05-27,27.82,2.7,27.7,21.52
2025-05-28,7.17,4.2,29.48,21.77
2025-05-29,9.43,3.43,27.95,22.43
2025-05-30,21.35,2.9,27.9,22.25
2025-05-31,8.47,2.64,26.8,21.93
2025-06-01,10.47,3.65,28.83,22.15
2025-06-02,5.75,4.28,29.85,21.77
2025-06-03,3.23,2.63,27.3,21.7
2025-06-04,4.22,5.03,31.53,21.3
2025-06-05,2.95,4.39,30.48,22.07
2025-06-06,2.8,4.62,30.88,22.25
2025-06-07,3.15,4.7,31.43,22.75
2025-06-08,2.23,4.94,31.58,22.6
2025-06-09,11.57,4.4,31.2,22.75
2025-06-10,16.57,3.68,29.62,22.3
2025-06-11,26.27,2.94,28.2,21.7
2025-06-12,5.65,4.05,29.6,21.7
2025-06-13,5.08,4.71,31.45,22.2
2025-06-14,21.45,3.1,27.65,22.52
2025-06-15,9.35,4.07,29.2,21.9
2025-06-16,13.3,3.02,27.73,22.05
2025-06-17,5.1,3.77,29.38,21.9
2025-06-18,1.43,3.9,29.6,22.28
2025-06-19,2.95,4.16,29.18,22.02
2025-06-20,2.67,4.14,30.48,22.8
2025-06-21,3.5,4.15,30.93,22.3
2025-06-22,11.32,3.42,29.4,22.27
2025-06-23,22.95,3.53,28.32,21.88
2025-06-24,4.2,3.91,29.12,21.68
2025-06-25,2.67,4.4,30.03,21.52
2025-06-26,11.43,4.35,30.12,22.0
2025-06-27,15.5,2.23,26.55,22.25
2025-06-28,8.78,3.56,28.9,21.75
2025-06-29,10.72,2.83,27.27,21.75
2025-06-30,7.77,3.57,28.23,21.4
2025-07-01,12.43,3.27,28.05,21.35
2025-07-02,14.4,3.06,27.65,22.02
2025-07-03,5.35,2.46,26.23,22.4
2025-07-04,6.0,3.27,29.0,22.07
2025-07-05,10.1,3.28,28.48,21.93
2025-07-06,15.15,3.08,28.45,22.15
2025-07-07,11.78,3.06,28.38,21.58
2025-07-08,3.98,3.93,29.85,21.48
2025-07-09,3.8,3.25,28.35,21.57
2025-07-10,3.67,2.46,28.52,22.45
2025-07-11,18.88,2.39,26.3,21.75
2025-07-12,15.18,2.07,26.4,22.02
2025-07-13,8.03,3.67,28.95,22.1
2025-07-14,12.75,4.01,30.25,21.98
2025-07-15,15.97,2.8,27.43,22.32
2025-07-16,23.85,2.36,27.58,22.68
2025-07-17,15.53,2.55,26.38,22.05
2025-07-18,4.47,3.92,28.55,22.15
2025-07-19,1.95,4.37,29.82,21.4
2025-07-20,4.58,3.34,28.07,21.77
2025-07-21,3.03,4.18,29.98,21.75
2025-07-22,5.8,1.69,25.9,22.27
2025-07-23,73.33,0.89,23.45,22.18
2025-07-24,51.98,2.09,26.23,21.8
2025-07-25,11.68,3.65,28.48,21.52
2025-07-26,12.75,2.41,26.88,22.3
2025-07-27,26.28,2.01,25.88,22.35
2025-07-28,40.52,1.48,25.15,21.73
2025-07-29,18.3,3.56,28.68,22.3
2025-07-30,2.8,4.14,30.12,22.62
2025-07-31,3.3,4.64,31.88,21.98
2025-08-01,3.85,4.46,31.58,22.27
2025-08-02,6.78,4.24,30.45,22.57
2025-08-03,0.6,4.91,32.38,22.23
2025-08-04,0.92,5.15,32.5,22.35
2025-08-05,15.45,3.71,30.5,21.98
2025-08-06,18.1,1.37,24.23,22.07
2025-08-07,13.8,3.14,28.52,21.45
2025-08-08,4.38,3.94,29.18,21.75
2025-08-09,3.7,4.34,30.52,21.75
2025-08-10,5.3,4.26,30.55,21.43
2025-08-11,7.1,4.19,30.27,22.3
2025-08-12,11.9,4.33,30.0,21.55
2025-08-13,5.92,3.77,29.2,21.45
2025-08-14,5.92,3.81,29.55,21.77
2025-08-15,6.38,3.69,29.07,21.52
2025-08-16,18.45,3.34,28.32,21.23
2025-08-17,23.48,3.27,27.38,20.68
2025-08-18,1.32,4.37,29.48,20.6
2025-08-19,3.32,4.9,30.95,21.77
2025-08-20,7.85,4.72,31.02,21.48
2025-08-21,7.53,4.45,30.6,21.8
2025-08-22,11.7,3.61,29.55,22.25
2025-08-23,5.85,2.66,27.0,21.7
2025-08-24,8.85,3.86,28.77,21.62
2025-08-25,2.98,4.16,30.2,21.18
2025-08-26,25.12,2.39,26.5,21.85
2025-08-27,23.0,1.88,25.38,21.3
2025-08-28,10.8,3.46,27.95,21.17
2025-08-29,1.9,4.37,29.77,20.43
2025-08-30,2.42,4.24,29.32,21.12
2025-08-31,17.38,3.39,28.98,22.02
2025-09-01,8.3,3.84,28.38,21.77
2025-09-02,2.38,3.96,28.85,21.27
2025-09-03,5.53,3.8,29.4,21.25
2025-09-04,4.95,4.82,31.62,21.52
2025-09-05,2.15,4.6,31.12,21.73
2025-09-06,7.9,4.0,30.77,22.02
2025-09-07,7.15,3.73,29.43,21.82
2025-09-08,3.88,4.21,30.15,21.65
2025-09-09,8.57,3.66,28.62,21.7
2025-09-10,3.6,2.96,28.02,22.07
2025-09-11,14.48,3.02,27.3,21.52
2025-09-12,3.85,4.04,29.45,21.23
2025-09-13,5.92,3.23,28.7,21.5
2025-09-14,2.75,3.47,28.85,21.38
2025-09-15,1.25,4.41,29.38,21.18
2025-09-16,6.53,3.97,28.88,20.88
2025-09-17,0.67,4.34,29.98,21.12
2025-09-18,4.55,3.98,29.8,21.55
2025-09-19,12.85,3.29,28.75,21.68
2025-09-20,13.65,3.42,27.98,21.3
2025-09-21,7.95,2.92,28.12,21.48
2025-09-22,18.43,2.63,26.5,21.43
2025-09-23,11.68,3.55,28.45,21.25
2025-09-24,32.25,2.75,27.07,21.52
2025-09-25,8.55,3.03,28.0,21.15
2025-09-26,16.18,3.4,28.52,21.15
2025-09-27,12.1,3.11,28.02,20.9
2025-09-28,0.12,4.64,31.18,20.73
2025-09-29,2.7,4.55,31.62,21.68
2025-09-30,17.98,1.85,25.2,21.23
2025-10-01,15.38,2.5,27.35,20.8
2025-10-02,6.62,3.31,28.4,21.2
2025-10-03,1.1,4.04,29.93,21.43
2025-10-04,6.92,2.74,28.6,21.82
2025-10-05,3.1,4.26,30.75,21.3
2025-10-06,3.82,3.5,30.32,21.3
2025-10-07,2.4,3.18,28.9,21.8
2025-10-08,13.38,3.67,28.45,20.43
2025-10-09,3.9,3.9,29.27,20.5
2025-10-10,1.6,4.23,29.95,20.75
2025-10-11,0.1,4.37,30.95,21.02
2025-10-12,0.33,4.2,30.85,21.25
2025-10-13,3.42,3.17,29.2,21.9
2025-10-14,11.4,2.61,27.1,21.32
2025-10-15,24.73,2.27,26.18,20.9
2025-10-16,15.95,2.78,27.15,20.68
2025-10-17,8.22,3.57,29.55,20.2
2025-10-18,1.75,3.64,30.1,20.23
2025-10-19,1.1,3.55,29.3,20.48
2025-10-20,0.6,3.82,28.77,20.5
2025-10-21,0.3,4.23,29.7,19.73
2025-10-22,0.0,4.25,28.68,18.77
2025-10-23,0.0,4.24,28.45,17.15
2025-10-24,0.15,3.88,28.88,19.1
2025-10-25,0.4,3.77,28.6,18.4
2025-10-26,0.17,3.92,29.45,18.82
2025-10-27,0.0,4.08,29.55,18.3
2025-10-28,0.0,4.17,29.55,17.75
2025-10-29,0.1,4.09,29.9,17.75
2025-10-30,0.0,4.29,30.8,19.0
2025-10-31,4.15,3.83,29.85,20.77
2025-11-01,21.98,2.57,27.43,20.98
2025-11-02,24.23,2.5,27.05,20.88
2025-11-03,22.48,2.12,25.38,20.88
2025-11-04,20.3,2.33,25.57,20.3
2025-11-05,3.9,3.03,26.93,20.7
2025-11-06,6.15,3.15,27.6,20.27
2025-11-07,0.17,3.43,29.38,20.02
2025-11-08,20.43,2.27,27.9,21.2
2025-11-09,19.82,2.03,25.48,20.8
2025-11-10,7.75,2.84,27.77,20.2
2025-11-11,0.12,3.38,29.1,20.27
2025-11-12,0.0,3.75,29.27,19.57
2025-11-13,0.05,3.69,29.4,19.48
2025-11-14,2.73,3.03,27.73,20.3
2025-11-15,7.4,2.95,27.3,19.68
2025-11-16,0.1,3.59,27.52,17.5
2025-11-17,3.15,2.67,26.9,18.93
2025-11-18,24.12,0.85,21.55,19.35
2025-11-19,0.72,1.5,22.0,17.27
2025-11-20,0.0,3.01,23.5,14.72
2025-11-21,0.0,3.46,24.57,15.12
2025-11-22,0.0,3.46,25.75,13.55
2025-11-23,0.0,3.42,26.12,13.72
2025-11-24,0.0,3.58,26.27,13.38
2025-11-25,0.0,3.57,24.2,13.35
2025-11-26,0.0,3.43,24.02,11.9
2025-11-27,0.0,3.59,23.02,11.6
2025-11-28,0.0,3.51,22.73,9.25
2025-11-29,0.0,3.37,23.55,8.72
2025-11-30,0.0,3.33,24.95,10.53
2025-12-01,0.0,3.41,25.75,12.15
2025-12-02,0.0,3.43,26.75,12.95
2025-12-03,0.0,3.43,27.18,13.95
2025-12-04,0.0,3.4,26.93,14.03
2025-12-05,0.0,3.27,27.45,15.4
2025-12-06,0.1,3.22,27.68,16.9
2025-12-07,0.3,3.06,28.05,17.3
2025-12-08,1.25,2.97,26.82,17.48
2025-12-09,1.55,2.85,25.55,16.3
2025-12-10,0.0,3.02,25.18,13.82
2025-12-11,0.0,3.1,25.9,12.72
2025-12-12,1.35,2.34,24.57,17.07
2025-12-13,0.88,2.87,26.35,16.18
2025-12-14,2.5,2.56,25.88,16.6
2025-12-15,0.15,2.98,26.1,16.15
2025-12-16,0.05,3.16,26.7,15.43
2025-12-17,2.12,3.0,25.9,16.2
2025-12-18,2.9,2.55,24.45,15.78
2025-12-19,0.7,2.98,25.77,15.4
2025-12-20,0.0,3.0,25.82,14.7
2025-12-21,0.0,3.04,25.82,13.47
2025-12-22,0.0,3.19,25.45,12.9
2025-12-23,0.0,3.02,26.27,14.4
2025-12-24,0.0,3.18,26.75,15.3
2025-12-25,0.0,3.06,26.57,14.57
2025-12-26,0.0,3.3,26.32,14.53
2025-12-27,0.05,3.04,25.73,14.15
2025-12-28,0.0,3.21,25.8,13.73
2025-12-29,0.0,3.26,25.85,14.05
2025-12-30,0.0,3.26,25.77,13.15
2025-12-31,0.0,3.31,26.45,13.18
2026-01-01,0.0,3.3,26.38,13.85
2026-01-02,0.0,3.18,25.48,13.85
2026-01-03,0.17,3.04,24.12,13.53
2026-01-04,0.12,3.06,24.7,13.93
2026-01-05,0.0,3.2,25.27,13.6
2026-01-06,0.0,3.26,25.1,12.6
2026-01-07,0.0,3.04,24.48,12.28
2026-01-08,0.0,2.77,23.75,11.22
2026-01-09,0.0,2.95,23.48,11.43
2026-01-10,0.0,3.22,23.8,11.1
2026-01-11,0.0,2.85,23.7,12.05
2026-01-12,0.0,3.24,24.6,12.1
2026-01-13,0.0,3.25,25.23,13.28
2026-01-14,0.0,3.29,25.98,13.82
2026-01-15,0.0,3.37,26.1,14.5
2026-01-16,0.3,3.23,25.73,14.45
2026-01-17,0.0,3.31,26.4,14.12
2026-01-18,0.0,3.58,26.85,13.88
2026-01-19,0.0,3.61,27.12,13.6
2026-01-20,0.0,3.62,27.38,12.97
2026-01-21,0.0,3.75,27.3,13.38
2026-01-22,0.0,3.56,27.27,14.15
2026-01-23,0.15,3.28,26.0,14.67
2026-01-24,0.0,3.5,26.18,13.8
2026-01-25,0.0,3.53,26.15,13.55
2026-01-26,0.0,3.38,25.9,13.53
2026-01-27,0.0,3.65,26.65,13.6
2026-01-28,0.0,3.68,26.77,14.3
2026-01-29,0.0,3.57,27.2,14.28
2026-01-30,0.0,3.61,27.48,14.88
2026-01-31,0.0,3.63,27.7,14.4
2026-02-01,0.0,3.79,28.07,15.27
2026-02-02,0.0,3.45,27.43,15.38
2026-02-03,0.0,3.24,26.77,14.6
2026-02-04,0.0,3.7,27.7,14.7
2026-02-05,0.0,3.9,28.8,15.2
2026-02-06,0.0,3.86,28.77,15.1
2026-02-07,0.0,3.95,29.05,15.38
2026-02-08,0.03,3.92,28.2,16.0
2026-02-09,1.45,3.2,27.15,17.73
2026-02-10,0.12,3.65,28.5,16.98
2026-02-11,0.35,3.68,28.9,17.57
2026-02-12,0.0,4.16,31.02,17.62
2026-02-13,0.0,4.34,30.12,15.68
2026-02-14,0.0,4.41,30.05,15.55
2026-02-15,0.0,4.25,30.48,15.68
2026-02-16,0.0,4.4,30.85,16.23
2026-02-17,0.0,4.25,31.4,16.65
2026-02-18,0.1,3.81,29.62,18.0
2026-02-19,2.12,3.61,29.15,18.6
2026-02-20,2.65,3.63,28.82,17.93
2026-02-21,1.3,3.81,30.65,17.52
2026-02-22,0.85,2.33,28.43,19.5
2026-02-23,0.78,1.81,26.43,20.12
2026-02-24,1.2,1.37,25.43,20.23
2026-02-25,9.12,1.79,21.73,17.55
2026-02-26,0.15,3.45,27.02,15.2
2026-02-27,0.08,3.93,28.73,16.85
2026-02-28,0.0,4.35,30.25,16.73
2026-03-01,0.0,4.39,29.9,15.72
2026-03-02,0.0,4.24,30.2,15.65
2026-03-03,0.0,4.34,30.57,15.78
2026-03-04,0.0,4.33,31.18,16.82
2026-03-05,0.03,3.88,29.7,17.77
2026-03-06,0.33,3.78,28.25,17.43
2026-03-07,0.12,4.01,29.48,18.8
2026-03-08,0.12,3.98,30.6,19.27
2026-03-09,0.0,3.96,30.55,19.38
2026-03-10,11.03,3.15,27.73,18.2
2026-03-11,7.25,2.86,26.35,17.25
2026-03-12,2.62,3.6,28.7,16.07
2026-03-13,3.5,2.67,25.25,16.38
2026-03-14,1.82,3.29,26.93,16.57
2026-03-15,0.7,3.46,27.15,17.0
2026-03-16,0.57,3.62,27.18,17.65
2026-03-17,0.33,4.03,29.73,17.15
2026-03-18,0.0,3.96,30.7,17.43
2026-03-19,0.0,4.26,31.25,17.57
2026-03-20,0.0,4.05,31.45,18.27
2026-03-21,0.05,4.24,31.68,18.75
2026-03-22,0.68,4.89,32.12,18.82
2026-03-23,0.0,4.92,31.6,18.25
2026-03-24,0.0,4.91,31.9,16.55
2026-03-25,0.0,4.89,32.48,17.23
2026-03-26,0.0,4.87,33.38,16.93
2026-03-27,0.0,4.97,32.88,18.08
2026-03-28,0.0,5.17,33.15,17.85
2026-03-29,0.0,5.19,34.05,18.57
2026-03-30,0.0,4.92,32.9,18.73
2026-03-31,0.0,4.92,34.02,19.1
2026-04-01,0.0,4.66,32.85,20.27
2026-04-02,0.0,5.0,33.72,20.3
2026-04-03,0.0,4.97,34.23,20.35
2026-04-04,0.0,4.8,33.9,21.15
2026-04-05,0.0,5.11,34.75,22.15
2026-04-06,0.0,4.79,33.83,22.25
2026-04-07,0.03,4.99,34.28,22.1
2026-04-08,0.0,4.95,33.27,20.73
2026-04-09,0.0,4.85,32.9,20.32
2026-04-10,0.0,4.98,34.12,20.43
2026-04-11,0.0,5.46,34.4,20.35
2026-04-12,0.0,5.27,33.35,18.82
2026-04-13,0.0,5.22,34.17,20.12
2026-04-14,0.0,5.1,34.33,20.85
2026-04-15,0.0,5.49,34.15,21.32
2026-04-16,0.0,5.05,34.27,21.32
2026-04-17,0.03,5.0,34.75,22.4
2026-04-18,0.3,4.94,34.58,22.23
2026-04-19,0.0,5.52,34.5,22.05
2026-04-20,0.0,4.98,33.35,21.9
2026-04-21,0.0,5.23,33.92,21.8
2026-04-22,0.0,5.13,35.3,21.88
2026-04-23,0.25,4.72,33.88,23.27
2026-04-24,0.0,5.28,34.95,22.27
2026-04-25,7.42,3.9,29.88,21.38
2026-04-26,0.85,4.54,30.38,19.57
2026-04-27,8.45,4.66,32.85,21.58
2026-04-28,2.7,4.49,31.52,20.75
2026-04-29,1.1,3.98,30.12,20.0
2026-04-30,0.82,4.58,30.85,20.85
2026-05-01,0.25,5.17,31.9,21.17
2026-05-02,0.08,5.41,32.58,21.93
2026-05-03,9.03,4.95,33.2,19.88
2026-05-04,0.38,5.03,32.58,21.95
2026-05-05,16.2,4.58,30.82,20.23
2026-05-06,5.82,4.55,33.1,20.35
2026-05-07,5.58,5.29,34.7,22.85
2026-05-08,2.67,4.48,31.75,21.45
2026-05-09,9.03,3.75,29.7,22.0
2026-05-10,8.65,3.52,29.38,22.1
2026-05-11,10.65,4.14,30.18,21.55
2026-05-12,8.8,3.53,27.88,20.98
2026-05-13,5.93,4.21,29.93,21.45
2026-05-14,9.12,3.28,28.3,22.02
2026-05-15,21.2,2.95,29.45,22.32
2026-05-16,5.9,4.67,31.7,21.88
2026-05-17,1.57,5.37,33.4,22.68
2026-05-18,6.42,4.96,31.68,22.6
2026-05-19,1.1,5.17,33.33,23.32
2026-05-20,3.48,4.84,31.82,22.65
2026-05-21,4.12,4.69,31.68,22.88
2026-05-22,8.72,4.25,31.5,22.9
2026-05-23,12.93,3.78,29.8,22.5
2026-05-24,10.65,4.29,30.45,22.73
2026-05-25,12.93,4.11,30.95,22.12
2026-05-26,8.75,4.36,31.82,22.5
2026-05-27,1.97,4.72,31.92,22.57
2026-05-28,8.18,4.88,31.85,22.02
2026-05-29,0.75,3.6,29.45,21.85
2026-05-30,13.45,3.87,29.95,21.82
2026-05-31,17.62,4.46,30.43,21.32
2026-06-01,3.02,5.22,31.82,22.65
2026-06-02,0.18,5.71,32.95,22.85
2026-06-03,0.38,5.57,33.12,22.98
2026-06-04,3.23,5.08,33.02,23.27
2026-06-05,8.53,4.14,30.27,22.85
2026-06-06,22.68,2.71,28.4,22.7
2026-06-07,16.85,2.85,27.15,22.18
2026-06-08,11.22,3.64,29.15,21.9
2026-06-09,4.92,4.39,30.0,22.15
2026-06-10,10.4,4.45,29.8,22.18
2026-06-11,19.35,2.82,26.6,21.9
2026-06-12,16.4,3.6,27.6,21.45
2026-06-13,22.32,3.73,28.2,21.98
2026-06-14,10.35,4.17,28.73,21.75
2026-06-15,5.03,4.0,29.18,22.18
2026-06-16,5.95,4.67,29.75,21.8
2026-06-17,8.95,3.79,28.77,21.43
2026-06-18,7.62,4.12,28.38,21.82
2026-06-19,2.67,4.24,30.48,21.82
2026-06-20,5.95,4.38,30.12,22.43
2026-06-21,10.55,4.2,30.1,22.1
2026-06-22,1.68,4.18,30.1,22.32
2026-06-23,3.23,4.12,29.02,21.77
2026-06-24,2.0,5.07,30.07,21.7
2026-06-25,4.33,4.91,30.5,21.95
2026-06-26,0.93,4.82,30.82,21.65
2026-06-27,1.7,4.37,30.83,22.35
2026-06-28,7.1,4.19,29.45,23.15
2026-06-29,6.33,4.23,30.25,23.62
2026-06-30,22.32,2.29,25.65,23.1
2026-07-01,16.73,3.19,28.8,22.52
2026-07-02,15.85,3.69,29.77,22.68
2026-07-03,9.68,3.95,29.65,22.27
2026-07-04,16.77,4.0,28.9,22.68
2026-07-05,4.88,3.9,30.35,22.62
2026-07-06,7.08,3.52,28.05,22.23
2026-07-07,2.48,3.42,29.07,23.02
2026-07-08,19.8,1.99,25.85,22.62
2026-07-09,19.68,2.32,25.32,22.15
2026-07-10,17.82,2.44,25.35,22.0
2026-07-11,5.92,4.21,29.9,21.8
2026-07-12,4.65,3.97,30.32,22.62
2026-07-13,3.83,4.05,28.98,22.55
2026-07-14,1.5,5.02,29.52,22.35
2026-07-15,4.55,3.92,28.93,22.38
2026-07-16,5.12,3.92,29.28,21.95
2026-07-17,1.65,4.01,29.48,22.32
2026-07-18,5.17,1.81,25.55,22.65
2026-07-19,4.28,2.21,26.95,21.68
2026-07-20,2.1,2.23,25.65,21.12
2026-07-21,15.85,3.33,28.18,21.43
2026-07-22,14.47,4.1,28.82,21.65
2026-07-23,10.75,3.55,28.8,21.88
2026-07-24,13.5,4.08,29.23,21.88
2026-07-25,21.7,4.43,30.07,22.25
2026-07-26,20.45,4.02,29.62,21.55
2026-07-27,20.02,3.42,27.43,22.02
2026-07-28,22.92,3.39,28.98,22.52
2026-07-29,10.53,3.84,28.57,22.12
2026-07-30,21.3,2.63,27.38,22.23
2026-07-31,16.15,3.45,28.7,21.93
2026-08-01,23.52,3.49,28.95,22.07
2026-08-02,27.57,3.61,29.07,22.12
2026-08-03,29.27,3.74,29.07,22.62
2026-08-04,6.65,2.55,26.88,22.8
2026-08-05,19.4,1.73,25.65,22.43
2026-08-06,16.55,4.15,30.77,22.82
2026-08-07,27.15,3.81,29.8,22.43
2026-08-08,24.75,3.85,29.5,22.43
2026-08-09,25.68,3.28,27.72,22.32
2026-08-10,22.43,3.76,28.9,22.45
2026-08-11,20.2,2.85,26.67,22.5
2026-08-12,5.28,4.52,29.9,22.05
2026-08-13,6.25,4.61,31.4,21.57
2026-08-14,7.12,4.33,30.15,22.3
2026-08-15,3.85,4.79,30.38,22.48
2026-08-16,10.28,4.1,29.88,22.27
2026-08-17,5.38,4.29,30.73,22.8
2026-08-18,2.85,4.22,31.1,22.4
2026-08-19,17.95,1.57,26.9,23.07
2026-08-20,20.07,3.25,28.43,22.8
2026-08-21,4.1,4.35,29.73,22.3
2026-08-22,2.42,4.69,30.18,21.93
2026-08-23,4.75,3.8,28.88,22.4
2026-08-24,4.67,3.64,31.32,22.45
2026-08-25,16.52,3.97,30.43,23.02
2026-08-26,8.15,4.04,29.95,22.38
2026-08-27,28.9,3.7,28.88,23.05
2026-08-28,5.67,3.85,28.68,22.45
2026-08-29,18.43,3.18,27.55,22.7
2026-08-30,18.8,1.69,25.62,22.77
2026-08-31,17.3,2.92,28.02,22.07
2026-09-01,4.5,4.23,29.73,22.2
2026-09-02,12.22,4.23,30.25,21.73
2026-09-03,25.02,3.77,29.12,22.5
2026-09-04,4.8,3.65,30.18,22.55
2026-09-05,6.2,3.68,27.55,22.2
2026-09-06,3.38,4.46,31.12,21.45
2026-09-07,4.88,3.99,30.02,22.15
2026-09-08,7.1,4.05,30.05,22.18
2026-09-09,11.38,3.78,30.07,22.35
2026-09-10,23.32,3.07,27.5,21.6
2026-09-11,12.75,4.47,29.7,21.15
2026-09-12,0.47,4.88,29.77,19.88
2026-09-13,0.2,5.21,30.82,20.15
2026-09-14,0.72,5.29,31.27,22.35
2026-09-15,2.33,4.67,30.48,22.07
2026-09-16,5.83,3.92,29.45,22.48
2026-09-17,14.53,4.04,29.77,21.7
2026-09-18,29.85,3.21,27.12,21.82
2026-09-19,8.53,3.39,28.65,21.62
2026-09-20,17.95,3.7,29.93,21.52
2026-09-21,7.58,4.15,29.57,21.82
2026-09-22,1.15,4.68,30.32,21.12
2026-09-23,1.32,4.77,30.98,20.15
2026-09-24,1.07,4.66,30.77,20.65
2026-09-25,1.95,4.55,31.48,21.35
2026-09-26,0.5,4.69,31.35,22.4
2026-09-27,0.95,4.78,30.8,21.4
2026-09-28,14.98,2.77,28.25,21.6
2026-09-29,40.67,2.46,25.4,21.65
2026-09-30,1.7,3.96,29.07,21.38
2026-10-01,0.15,4.24,30.25,21.3
2026-10-02,0.17,4.66,31.77,21.75
2026-10-03,0.65,4.58,32.15,22.45
2026-10-04,4.78,4.35,31.6,21.52
